obs_id,species_key,scientific_name,common_name,photo_id,url,license,date_observed,latitude,longitude,quality_grade,num_agreements,source,local_path,status
352253692,elanus_axillaris,Elanus axillaris,Black-shouldered Kite,642921416,https://inaturalist-open-data.s3.amazonaws.com/photos/642921416/medium.jpg,cc0,2026-04-22,-33.3239392,115.6808192,research,2,iNaturalist,C:\Projects\raptor_australia\dataset\raw\elanus_axillaris\elanus_axillaris_352253692_642921416.jpg,already_exists
352235425,elanus_axillaris,Elanus axillaris,Black-shouldered Kite,642885966,https://static.inaturalist.org/photos/642885966/medium.jpg,,2025-10-04,-26.5835356754,152.7221493342,research,2,iNaturalist,C:\Projects\raptor_australia\dataset\raw\elanus_axillaris\elanus_axillaris_352235425_642885966.jpg,already_exists
352206507,elanus_axillaris,Elanus axillaris,Black-shouldered Kite,642832917,https://inaturalist-open-data.s3.amazonaws.com/photos/642832917/medium.jpg,cc-by,2026-04-23,-29.5088033333,153.0650028333,research,2,iNaturalist,C:\Projects\raptor_australia\dataset\raw\elanus_axillaris\elanus_axillaris_352206507_642832917.jpg,already_exists
352200199,elanus_axillaris,Elanus axillaris,Black-shouldered Kite,642821346,https://static.inaturalist.org/photos/642821346/medium.jpg,,2026-04-23,-34.9219835592,138.5989127959,research,1,iNaturalist,C:\Projects\raptor_australia\dataset\raw\elanus_axillaris\elanus_axillaris_352200199_642821346.jpg,already_exists
352192004,elanus_axillaris,Elanus axillaris,Black-shouldered Kite,642806216,https://inaturalist-open-data.s3.amazonaws.com/photos/642806216/medium.jpg,cc-by-nc,2026-04-23,-27.4343581684,153.1483613048,research,2,iNaturalist,C:\Projects\raptor_australia\dataset\raw\elanus_axillaris\elanus_axillaris_352192004_642806216.jpg,already_exists
352179353,elanus_axillaris,Elanus axillaris,Black-shouldered Kite,642781958,https://inaturalist-open-data.s3.amazonaws.com/photos/642781958/medium.jpg,cc-by-nc,2026-04-22,-27.4010848,153.0830177,research,2,iNaturalist,C:\Projects\raptor_australia\dataset\raw\elanus_axillaris\elanus_axillaris_352179353_642781958.jpg,already_exists
351855955,elanus_axillaris,Elanus axillaris,Black-shouldered Kite,642145944,https://inaturalist-open-data.s3.amazonaws.com/photos/642145944/medium.jpg,cc-by-nc,2026-04-03,-38.0265034103,144.5534857807,research,2,iNaturalist,C:\Projects\raptor_australia\dataset\raw\elanus_axillaris\elanus_axillaris_351855955_642145944.jpg,already_exists
351690934,elanus_axillaris,Elanus axillaris,Black-shouldered Kite,641829884,https://inaturalist-open-data.s3.amazonaws.com/photos/641829884/medium.jpg,cc-by-nc,2026-04-16,-38.507561563,145.1411369763,research,2,iNaturalist,C:\Projects\raptor_australia\dataset\raw\elanus_axillaris\elanus_axillaris_351690934_641829884.jpg,already_exists
351661519,elanus_axillaris,Elanus axillaris,Black-shouldered Kite,641771848,https://static.inaturalist.org/photos/641771848/medium.jpg,,2026-04-21,-37.9975286,144.6482444,research,3,iNaturalist,C:\Projects\raptor_australia\dataset\raw\elanus_axillaris\elanus_axillaris_351661519_641771848.jpg,already_exists
351546142,elanus_axillaris,Elanus axillaris,Black-shouldered Kite,641540522,https://inaturalist-open-data.s3.amazonaws.com/photos/641540522/medium.jpg,cc-by,2026-04-21,-27.4546736442,153.1651077252,research,2,iNaturalist,C:\Projects\raptor_australia\dataset\raw\elanus_axillaris\elanus_axillaris_351546142_641540522.jpg,already_exists
351297103,elanus_axillaris,Elanus axillaris,Black-shouldered Kite,641049941,https://static.inaturalist.org/photos/641049941/medium.jpg,,2026-04-20,-32.1675216667,150.8607033333,research,2,iNaturalist,C:\Projects\raptor_australia\dataset\raw\elanus_axillaris\elanus_axillaris_351297103_641049941.jpg,already_exists
351152996,elanus_axillaris,Elanus axillaris,Black-shouldered Kite,640769958,https://inaturalist-open-data.s3.amazonaws.com/photos/640769958/medium.jpg,cc-by-nc,2026-04-19,-34.8467369722,150.6558369722,research,4,iNaturalist,C:\Projects\raptor_australia\dataset\raw\elanus_axillaris\elanus_axillaris_351152996_640769958.jpg,already_exists
351116349,elanus_axillaris,Elanus axillaris,Black-shouldered Kite,640694790,https://inaturalist-open-data.s3.amazonaws.com/photos/640694790/medium.jpg,cc-by-nc,2023-07-16,-35.8756916667,146.7501833333,research,2,iNaturalist,C:\Projects\raptor_australia\dataset\raw\elanus_axillaris\elanus_axillaris_351116349_640694790.jpg,already_exists
351056154,elanus_axillaris,Elanus axillaris,Black-shouldered Kite,640588971,https://inaturalist-open-data.s3.amazonaws.com/photos/640588971/medium.jpg,cc-by-nc,2026-04-19,-27.5432830532,152.9948944753,research,2,iNaturalist,C:\Projects\raptor_australia\dataset\raw\elanus_axillaris\elanus_axillaris_351056154_640588971.jpg,already_exists
351049250,elanus_axillaris,Elanus axillaris,Black-shouldered Kite,640574147,https://inaturalist-open-data.s3.amazonaws.com/photos/640574147/medium.jpg,cc-by-nc,2026-04-19,-38.2804106595,144.4198588246,research,2,iNaturalist,C:\Projects\raptor_australia\dataset\raw\elanus_axillaris\elanus_axillaris_351049250_640574147.jpg,already_exists
351048972,elanus_axillaris,Elanus axillaris,Black-shouldered Kite,640572551,https://static.inaturalist.org/photos/640572551/medium.jpg,,2026-04-18,-37.9859440069,144.7188079214,research,1,iNaturalist,C:\Projects\raptor_australia\dataset\raw\elanus_axillaris\elanus_axillaris_351048972_640572551.jpg,already_exists
350770753,elanus_axillaris,Elanus axillaris,Black-shouldered Kite,640053356,https://inaturalist-open-data.s3.amazonaws.com/photos/640053356/medium.jpg,cc-by,2026-04-18,-27.9305966667,152.7843966667,research,2,iNaturalist,C:\Projects\raptor_australia\dataset\raw\elanus_axillaris\elanus_axillaris_350770753_640053356.jpg,already_exists
350755117,elanus_axillaris,Elanus axillaris,Black-shouldered Kite,640023635,https://static.inaturalist.org/photos/640023635/medium.jpg,,2026-04-18,-38.0249888333,145.0983416667,research,3,iNaturalist,C:\Projects\raptor_australia\dataset\raw\elanus_axillaris\elanus_axillaris_350755117_640023635.jpg,already_exists
350680046,elanus_axillaris,Elanus axillaris,Black-shouldered Kite,639874040,https://static.inaturalist.org/photos/639874040/medium.jpg,,2026-04-15,-27.4010848,153.0830177,research,3,iNaturalist,C:\Projects\raptor_australia\dataset\raw\elanus_axillaris\elanus_axillaris_350680046_639874040.jpg,already_exists
350646782,elanus_axillaris,Elanus axillaris,Black-shouldered Kite,639809154,https://inaturalist-open-data.s3.amazonaws.com/photos/639809154/medium.jpg,cc-by-nc,2026-04-08,-33.7653466667,151.299195,research,2,iNaturalist,C:\Projects\raptor_australia\dataset\raw\elanus_axillaris\elanus_axillaris_350646782_639809154.jpg,already_exists
350497408,elanus_axillaris,Elanus axillaris,Black-shouldered Kite,639514091,https://inaturalist-open-data.s3.amazonaws.com/photos/639514091/medium.jpg,cc-by,2026-03-28,-27.58311,152.9907733333,research,2,iNaturalist,C:\Projects\raptor_australia\dataset\raw\elanus_axillaris\elanus_axillaris_350497408_639514091.jpg,already_exists
350281950,elanus_axillaris,Elanus axillaris,Black-shouldered Kite,639092808,https://static.inaturalist.org/photos/639092808/medium.jpg,,2026-04-05,-36.4448180564,146.0580145238,research,2,iNaturalist,C:\Projects\raptor_australia\dataset\raw\elanus_axillaris\elanus_axillaris_350281950_639092808.jpg,already_exists
350225576,elanus_axillaris,Elanus axillaris,Black-shouldered Kite,638988285,https://static.inaturalist.org/photos/638988285/medium.jpg,,2026-04-16,-13.9539521381,131.2322765216,research,2,iNaturalist,C:\Projects\raptor_australia\dataset\raw\elanus_axillaris\elanus_axillaris_350225576_638988285.jpg,already_exists
350222013,elanus_axillaris,Elanus axillaris,Black-shouldered Kite,638981468,https://inaturalist-open-data.s3.amazonaws.com/photos/638981468/medium.jpg,cc-by-nc,2026-04-11,-28.8057264044,153.6026679025,research,2,iNaturalist,C:\Projects\raptor_australia\dataset\raw\elanus_axillaris\elanus_axillaris_350222013_638981468.jpg,already_exists
350196479,elanus_axillaris,Elanus axillaris,Black-shouldered Kite,638930108,https://inaturalist-open-data.s3.amazonaws.com/photos/638930108/medium.jpg,cc-by-nc,2026-04-14,-33.3301877,149.0872688,research,2,iNaturalist,C:\Projects\raptor_australia\dataset\raw\elanus_axillaris\elanus_axillaris_350196479_638930108.jpg,already_exists
350146564,elanus_axillaris,Elanus axillaris,Black-shouldered Kite,638827476,https://inaturalist-open-data.s3.amazonaws.com/photos/638827476/medium.jpg,cc-by-nc,2026-04-16,-33.8329839045,151.229988358,research,2,iNaturalist,C:\Projects\raptor_australia\dataset\raw\elanus_axillaris\elanus_axillaris_350146564_638827476.jpg,already_exists
349941689,elanus_axillaris,Elanus axillaris,Black-shouldered Kite,638428900,https://inaturalist-open-data.s3.amazonaws.com/photos/638428900/medium.jpg,cc-by-nc,2026-04-15,-37.9959382997,145.0709289,research,3,iNaturalist,C:\Projects\raptor_australia\dataset\raw\elanus_axillaris\elanus_axillaris_349941689_638428900.jpg,already_exists
349939235,elanus_axillaris,Elanus axillaris,Black-shouldered Kite,638424288,https://static.inaturalist.org/photos/638424288/medium.jpg,,2026-04-15,-37.9959916667,145.0709221667,research,3,iNaturalist,C:\Projects\raptor_australia\dataset\raw\elanus_axillaris\elanus_axillaris_349939235_638424288.jpg,already_exists
349914654,elanus_axillaris,Elanus axillaris,Black-shouldered Kite,638374671,https://static.inaturalist.org/photos/638374671/medium.jpg,,2026-04-14,-27.6899166667,152.6301694444,research,3,iNaturalist,C:\Projects\raptor_australia\dataset\raw\elanus_axillaris\elanus_axillaris_349914654_638374671.jpg,already_exists
349895838,elanus_axillaris,Elanus axillaris,Black-shouldered Kite,638338146,https://static.inaturalist.org/photos/638338146/medium.jpg,,2025-08-19,-36.1309570759,144.44095999,research,4,iNaturalist,C:\Projects\raptor_australia\dataset\raw\elanus_axillaris\elanus_axillaris_349895838_638338146.jpg,already_exists
349749435,elanus_axillaris,Elanus axillaris,Black-shouldered Kite,638056261,https://inaturalist-open-data.s3.amazonaws.com/photos/638056261/medium.jpg,cc-by-nc,2026-04-13,-34.5817870437,150.7149467363,research,3,iNaturalist,C:\Projects\raptor_australia\dataset\raw\elanus_axillaris\elanus_axillaris_349749435_638056261.jpg,already_exists
349726696,elanus_axillaris,Elanus axillaris,Black-shouldered Kite,638014725,https://static.inaturalist.org/photos/638014725/medium.jpg,,2026-04-14,-38.2925936653,145.0601094002,research,3,iNaturalist,C:\Projects\raptor_australia\dataset\raw\elanus_axillaris\elanus_axillaris_349726696_638014725.jpg,already_exists
349497362,elanus_axillaris,Elanus axillaris,Black-shouldered Kite,637565493,https://inaturalist-open-data.s3.amazonaws.com/photos/637565493/medium.jpg,cc-by-nc,2026-04-13,-37.9134478679,145.2312434957,research,4,iNaturalist,C:\Projects\raptor_australia\dataset\raw\elanus_axillaris\elanus_axillaris_349497362_637565493.jpg,already_exists
349465506,elanus_axillaris,Elanus axillaris,Black-shouldered Kite,637461164,https://inaturalist-open-data.s3.amazonaws.com/photos/637461164/medium.jpg,cc-by-nc,2026-04-06,-28.098802186,153.4609472413,research,3,iNaturalist,C:\Projects\raptor_australia\dataset\raw\elanus_axillaris\elanus_axillaris_349465506_637461164.jpg,already_exists
349459613,elanus_axillaris,Elanus axillaris,Black-shouldered Kite,637490040,https://inaturalist-open-data.s3.amazonaws.com/photos/637490040/medium.jpg,cc-by-nc,2026-04-13,-25.3325,152.7967,research,2,iNaturalist,C:\Projects\raptor_australia\dataset\raw\elanus_axillaris\elanus_axillaris_349459613_637490040.jpg,already_exists
349453168,elanus_axillaris,Elanus axillaris,Black-shouldered Kite,637477250,https://inaturalist-open-data.s3.amazonaws.com/photos/637477250/medium.jpg,cc-by-nc,2026-04-13,-25.5287,152.6966,research,3,iNaturalist,C:\Projects\raptor_australia\dataset\raw\elanus_axillaris\elanus_axillaris_349453168_637477250.jpg,already_exists
349442381,elanus_axillaris,Elanus axillaris,Black-shouldered Kite,637434479,https://inaturalist-open-data.s3.amazonaws.com/photos/637434479/medium.jpg,cc-by-nc,2026-04-10,-27.9789946155,152.2902593693,research,3,iNaturalist,C:\Projects\raptor_australia\dataset\raw\elanus_axillaris\elanus_axillaris_349442381_637434479.jpg,already_exists
349442264,elanus_axillaris,Elanus axillaris,Black-shouldered Kite,637433197,https://inaturalist-open-data.s3.amazonaws.com/photos/637433197/medium.jpg,cc-by-nc,2026-04-07,-27.9791082245,152.2909181753,research,2,iNaturalist,C:\Projects\raptor_australia\dataset\raw\elanus_axillaris\elanus_axillaris_349442264_637433197.jpg,already_exists
349442233,elanus_axillaris,Elanus axillaris,Black-shouldered Kite,637432739,https://inaturalist-open-data.s3.amazonaws.com/photos/637432739/medium.jpg,cc-by-nc,2026-04-06,-27.9786275469,152.2907228071,research,2,iNaturalist,C:\Projects\raptor_australia\dataset\raw\elanus_axillaris\elanus_axillaris_349442233_637432739.jpg,already_exists
349398557,elanus_axillaris,Elanus axillaris,Black-shouldered Kite,637361822,https://inaturalist-open-data.s3.amazonaws.com/photos/637361822/medium.jpg,cc-by-nc,2026-04-13,-33.7435216667,151.3064116667,research,4,iNaturalist,C:\Projects\raptor_australia\dataset\raw\elanus_axillaris\elanus_axillaris_349398557_637361822.jpg,already_exists
349230982,elanus_axillaris,Elanus axillaris,Black-shouldered Kite,637035955,https://inaturalist-open-data.s3.amazonaws.com/photos/637035955/medium.jpg,cc-by-nc,2026-03-26,-35.3260825519,138.502698985,research,3,iNaturalist,C:\Projects\raptor_australia\dataset\raw\elanus_axillaris\elanus_axillaris_349230982_637035955.jpg,already_exists
349200297,elanus_axillaris,Elanus axillaris,Black-shouldered Kite,636953094,https://inaturalist-open-data.s3.amazonaws.com/photos/636953094/medium.jpg,cc-by-nc,2026-04-10,-27.9794382713,152.290890416,research,2,iNaturalist,C:\Projects\raptor_australia\dataset\raw\elanus_axillaris\elanus_axillaris_349200297_636953094.jpg,already_exists
349197505,elanus_axillaris,Elanus axillaris,Black-shouldered Kite,636973308,https://inaturalist-open-data.s3.amazonaws.com/photos/636973308/medium.jpg,cc-by-nc,2026-04-12,-37.8832755091,144.7682791555,research,2,iNaturalist,C:\Projects\raptor_australia\dataset\raw\elanus_axillaris\elanus_axillaris_349197505_636973308.jpg,already_exists
349127323,elanus_axillaris,Elanus axillaris,Black-shouldered Kite,636829950,https://inaturalist-open-data.s3.amazonaws.com/photos/636829950/medium.jpg,cc-by-nc,2026-04-12,-38.2308866667,144.3932633333,research,2,iNaturalist,C:\Projects\raptor_australia\dataset\raw\elanus_axillaris\elanus_axillaris_349127323_636829950.jpg,already_exists
348959047,elanus_axillaris,Elanus axillaris,Black-shouldered Kite,636505512,https://inaturalist-open-data.s3.amazonaws.com/photos/636505512/medium.jpg,cc-by-nc,2026-03-28,-35.836942792,139.3614610798,research,2,iNaturalist,C:\Projects\raptor_australia\dataset\raw\elanus_axillaris\elanus_axillaris_348959047_636505512.jpg,already_exists
348920618,elanus_axillaris,Elanus axillaris,Black-shouldered Kite,636425062,https://inaturalist-open-data.s3.amazonaws.com/photos/636425062/medium.jpg,cc-by-nc,2018-08-09,-37.7820339641,144.9456147004,research,2,iNaturalist,C:\Projects\raptor_australia\dataset\raw\elanus_axillaris\elanus_axillaris_348920618_636425062.jpg,already_exists
348907073,elanus_axillaris,Elanus axillaris,Black-shouldered Kite,636407915,https://inaturalist-open-data.s3.amazonaws.com/photos/636407915/medium.jpg,cc-by-nc,2026-04-11,-34.6552235897,138.6505434369,research,5,iNaturalist,C:\Projects\raptor_australia\dataset\raw\elanus_axillaris\elanus_axillaris_348907073_636407915.jpg,already_exists
348894563,elanus_axillaris,Elanus axillaris,Black-shouldered Kite,636382223,https://static.inaturalist.org/photos/636382223/medium.jpg,,2026-02-28,-27.7234766667,153.3403032778,research,2,iNaturalist,C:\Projects\raptor_australia\dataset\raw\elanus_axillaris\elanus_axillaris_348894563_636382223.jpg,already_exists
348723142,elanus_axillaris,Elanus axillaris,Black-shouldered Kite,636021744,https://inaturalist-open-data.s3.amazonaws.com/photos/636021744/medium.jpg,cc-by-nc,2026-04-03,-28.4097167244,151.2695105097,research,2,iNaturalist,C:\Projects\raptor_australia\dataset\raw\elanus_axillaris\elanus_axillaris_348723142_636021744.jpg,already_exists
348685903,elanus_axillaris,Elanus axillaris,Black-shouldered Kite,635961759,https://inaturalist-open-data.s3.amazonaws.com/photos/635961759/medium.jpg,cc-by-nc,2026-04-04,-26.0673881327,152.154704681,research,1,iNaturalist,C:\Projects\raptor_australia\dataset\raw\elanus_axillaris\elanus_axillaris_348685903_635961759.jpg,already_exists
348678562,elanus_axillaris,Elanus axillaris,Black-shouldered Kite,635953165,https://inaturalist-open-data.s3.amazonaws.com/photos/635953165/medium.jpg,cc-by-nc,2024-07-23,-38.0578721667,145.1348278333,research,2,iNaturalist,C:\Projects\raptor_australia\dataset\raw\elanus_axillaris\elanus_axillaris_348678562_635953165.jpg,already_exists
348668386,elanus_axillaris,Elanus axillaris,Black-shouldered Kite,635928953,https://inaturalist-open-data.s3.amazonaws.com/photos/635928953/medium.jpg,cc-by-nc,2026-03-21,-27.5404255063,152.9949691329,research,1,iNaturalist,C:\Projects\raptor_australia\dataset\raw\elanus_axillaris\elanus_axillaris_348668386_635928953.jpg,already_exists
348411142,elanus_axillaris,Elanus axillaris,Black-shouldered Kite,635412225,https://inaturalist-open-data.s3.amazonaws.com/photos/635412225/medium.jpg,cc-by-nc,2026-04-08,-35.3072616667,149.1645066667,research,2,iNaturalist,C:\Projects\raptor_australia\dataset\raw\elanus_axillaris\elanus_axillaris_348411142_635412225.jpg,already_exists
348262807,elanus_axillaris,Elanus axillaris,Black-shouldered Kite,635128115,https://inaturalist-open-data.s3.amazonaws.com/photos/635128115/medium.jpg,cc-by-nc,2026-04-04,-33.7516951043,115.9531931704,research,3,iNaturalist,C:\Projects\raptor_australia\dataset\raw\elanus_axillaris\elanus_axillaris_348262807_635128115.jpg,already_exists
347987490,elanus_axillaris,Elanus axillaris,Black-shouldered Kite,634582612,https://inaturalist-open-data.s3.amazonaws.com/photos/634582612/medium.jpg,cc-by-nc,2026-04-07,-36.836785001,139.9005582053,research,2,iNaturalist,C:\Projects\raptor_australia\dataset\raw\elanus_axillaris\elanus_axillaris_347987490_634582612.jpg,already_exists
347838821,elanus_axillaris,Elanus axillaris,Black-shouldered Kite,634285106,https://inaturalist-open-data.s3.amazonaws.com/photos/634285106/medium.jpg,cc-by-nc,2026-04-01,-31.541875556,152.8618004844,research,2,iNaturalist,C:\Projects\raptor_australia\dataset\raw\elanus_axillaris\elanus_axillaris_347838821_634285106.jpg,already_exists
347835337,elanus_axillaris,Elanus axillaris,Black-shouldered Kite,634277956,https://inaturalist-open-data.s3.amazonaws.com/photos/634277956/medium.jpg,cc-by-nc,2026-04-05,-31.4579166427,152.7386608145,research,2,iNaturalist,C:\Projects\raptor_australia\dataset\raw\elanus_axillaris\elanus_axillaris_347835337_634277956.jpg,already_exists
347797624,elanus_axillaris,Elanus axillaris,Black-shouldered Kite,634206188,https://inaturalist-open-data.s3.amazonaws.com/photos/634206188/medium.jpg,cc-by-nc,2026-02-14,-37.9952796134,144.5413255868,research,5,iNaturalist,C:\Projects\raptor_australia\dataset\raw\elanus_axillaris\elanus_axillaris_347797624_634206188.jpg,already_exists
347780206,elanus_axillaris,Elanus axillaris,Black-shouldered Kite,634169192,https://inaturalist-open-data.s3.amazonaws.com/photos/634169192/medium.jpg,cc-by,2026-01-03,-33.8384341574,151.0766208066,research,2,iNaturalist,C:\Projects\raptor_australia\dataset\raw\elanus_axillaris\elanus_axillaris_347780206_634169192.jpg,already_exists
347779329,elanus_axillaris,Elanus axillaris,Black-shouldered Kite,634170789,https://inaturalist-open-data.s3.amazonaws.com/photos/634170789/medium.jpg,cc-by-nc,2024-02-07,-35.7611162682,150.1566005538,research,2,iNaturalist,C:\Projects\raptor_australia\dataset\raw\elanus_axillaris\elanus_axillaris_347779329_634170789.jpg,already_exists
347770792,elanus_axillaris,Elanus axillaris,Black-shouldered Kite,634154479,https://inaturalist-open-data.s3.amazonaws.com/photos/634154479/medium.jpg,cc-by,2026-04-06,-27.449655,152.6346283333,research,3,iNaturalist,C:\Projects\raptor_australia\dataset\raw\elanus_axillaris\elanus_axillaris_347770792_634154479.jpg,already_exists
347734568,elanus_axillaris,Elanus axillaris,Black-shouldered Kite,634080142,https://inaturalist-open-data.s3.amazonaws.com/photos/634080142/medium.jpg,cc-by-nc,2026-04-06,-27.4010848,153.0830177,research,1,iNaturalist,C:\Projects\raptor_australia\dataset\raw\elanus_axillaris\elanus_axillaris_347734568_634080142.jpg,already_exists
347648449,elanus_axillaris,Elanus axillaris,Black-shouldered Kite,633902149,https://inaturalist-open-data.s3.amazonaws.com/photos/633902149/medium.jpg,cc-by-nc,2026-04-05,-35.3134033333,149.1635583333,research,4,iNaturalist,C:\Projects\raptor_australia\dataset\raw\elanus_axillaris\elanus_axillaris_347648449_633902149.jpg,already_exists
347490033,elanus_axillaris,Elanus axillaris,Black-shouldered Kite,633596142,https://inaturalist-open-data.s3.amazonaws.com/photos/633596142/medium.jpg,cc-by-nc,2026-04-05,-36.3260833809,140.8757583207,research,2,iNaturalist,C:\Projects\raptor_australia\dataset\raw\elanus_axillaris\elanus_axillaris_347490033_633596142.jpg,already_exists
347471842,elanus_axillaris,Elanus axillaris,Black-shouldered Kite,633559525,https://inaturalist-open-data.s3.amazonaws.com/photos/633559525/medium.jpg,cc-by-nc,2026-04-05,-27.2216004969,152.8147621701,research,2,iNaturalist,C:\Projects\raptor_australia\dataset\raw\elanus_axillaris\elanus_axillaris_347471842_633559525.jpg,already_exists
347202522,elanus_axillaris,Elanus axillaris,Black-shouldered Kite,633023862,https://inaturalist-open-data.s3.amazonaws.com/photos/633023862/medium.jpg,cc-by-nc,2026-04-03,-38.2708927451,144.6329174261,research,2,iNaturalist,C:\Projects\raptor_australia\dataset\raw\elanus_axillaris\elanus_axillaris_347202522_633023862.jpg,already_exists
347141079,elanus_axillaris,Elanus axillaris,Black-shouldered Kite,632901457,https://inaturalist-open-data.s3.amazonaws.com/photos/632901457/medium.jpg,cc-by-nc,2026-04-04,-27.4341521614,153.1450234505,research,2,iNaturalist,C:\Projects\raptor_australia\dataset\raw\elanus_axillaris\elanus_axillaris_347141079_632901457.jpg,already_exists
347136293,elanus_axillaris,Elanus axillaris,Black-shouldered Kite,632891022,https://inaturalist-open-data.s3.amazonaws.com/photos/632891022/medium.jpg,cc-by-nc,2026-04-04,-27.4342079165,153.1447886207,research,1,iNaturalist,C:\Projects\raptor_australia\dataset\raw\elanus_axillaris\elanus_axillaris_347136293_632891022.jpg,already_exists
347099574,elanus_axillaris,Elanus axillaris,Black-shouldered Kite,632816474,https://inaturalist-open-data.s3.amazonaws.com/photos/632816474/medium.jpg,cc-by-nc,2026-04-01,-32.7001383333,151.4641416667,research,4,iNaturalist,C:\Projects\raptor_australia\dataset\raw\elanus_axillaris\elanus_axillaris_347099574_632816474.jpg,already_exists
347008673,elanus_axillaris,Elanus axillaris,Black-shouldered Kite,632635252,https://inaturalist-open-data.s3.amazonaws.com/photos/632635252/medium.jpg,cc-by-nc,2026-04-02,-35.5930606239,138.5985333515,research,3,iNaturalist,C:\Projects\raptor_australia\dataset\raw\elanus_axillaris\elanus_axillaris_347008673_632635252.jpg,already_exists
346977782,elanus_axillaris,Elanus axillaris,Black-shouldered Kite,632576113,https://static.inaturalist.org/photos/632576113/medium.jpg,,2026-03-29,-28.0476475435,153.3411274629,research,2,iNaturalist,C:\Projects\raptor_australia\dataset\raw\elanus_axillaris\elanus_axillaris_346977782_632576113.jpg,already_exists
346970533,elanus_axillaris,Elanus axillaris,Black-shouldered Kite,632561858,https://inaturalist-open-data.s3.amazonaws.com/photos/632561858/medium.jpg,cc-by-nc,2026-03-14,-26.3974740645,146.2363625391,research,2,iNaturalist,C:\Projects\raptor_australia\dataset\raw\elanus_axillaris\elanus_axillaris_346970533_632561858.jpg,already_exists
346916105,elanus_axillaris,Elanus axillaris,Black-shouldered Kite,632449540,https://inaturalist-open-data.s3.amazonaws.com/photos/632449540/medium.jpg,cc-by,2026-04-01,-27.4497666667,152.6340333333,research,2,iNaturalist,C:\Projects\raptor_australia\dataset\raw\elanus_axillaris\elanus_axillaris_346916105_632449540.jpg,already_exists
346743933,elanus_axillaris,Elanus axillaris,Black-shouldered Kite,632112676,https://inaturalist-open-data.s3.amazonaws.com/photos/632112676/medium.jpg,cc-by-nc,2026-04-02,-38.006,145.1285083333,research,1,iNaturalist,C:\Projects\raptor_australia\dataset\raw\elanus_axillaris\elanus_axillaris_346743933_632112676.jpg,already_exists
346734691,elanus_axillaris,Elanus axillaris,Black-shouldered Kite,632092364,https://inaturalist-open-data.s3.amazonaws.com/photos/632092364/medium.jpg,cc-by-nc,2026-04-02,-33.5416242515,150.8919117582,research,2,iNaturalist,C:\Projects\raptor_australia\dataset\raw\elanus_axillaris\elanus_axillaris_346734691_632092364.jpg,already_exists
346669326,elanus_axillaris,Elanus axillaris,Black-shouldered Kite,631961451,https://inaturalist-open-data.s3.amazonaws.com/photos/631961451/medium.jpg,cc-by-nc,2026-03-28,-31.4340213884,152.8700619936,research,2,iNaturalist,C:\Projects\raptor_australia\dataset\raw\elanus_axillaris\elanus_axillaris_346669326_631961451.jpg,already_exists
346581268,elanus_axillaris,Elanus axillaris,Black-shouldered Kite,631785115,https://inaturalist-open-data.s3.amazonaws.com/photos/631785115/medium.jpg,cc-by-nc,2026-04-01,-28.76226,153.56231,research,2,iNaturalist,C:\Projects\raptor_australia\dataset\raw\elanus_axillaris\elanus_axillaris_346581268_631785115.jpg,already_exists
346555833,elanus_axillaris,Elanus axillaris,Black-shouldered Kite,631738209,https://inaturalist-open-data.s3.amazonaws.com/photos/631738209/medium.jpg,cc-by-nc,2026-03-26,-26.3106295659,152.0073000124,research,3,iNaturalist,C:\Projects\raptor_australia\dataset\raw\elanus_axillaris\elanus_axillaris_346555833_631738209.jpg,already_exists
346535853,elanus_axillaris,Elanus axillaris,Black-shouldered Kite,631702108,https://inaturalist-open-data.s3.amazonaws.com/photos/631702108/medium.jpg,cc-by-nc,2026-04-01,-36.7466888889,142.113075,research,2,iNaturalist,C:\Projects\raptor_australia\dataset\raw\elanus_axillaris\elanus_axillaris_346535853_631702108.jpg,already_exists
346327315,elanus_axillaris,Elanus axillaris,Black-shouldered Kite,631288412,https://static.inaturalist.org/photos/631288412/medium.jpg,,2026-03-27,-23.7263438,133.735293,research,2,iNaturalist,C:\Projects\raptor_australia\dataset\raw\elanus_axillaris\elanus_axillaris_346327315_631288412.jpg,already_exists
346302140,elanus_axillaris,Elanus axillaris,Black-shouldered Kite,631239036,https://inaturalist-open-data.s3.amazonaws.com/photos/631239036/medium.jpg,cc-by-nc,2026-03-30,-37.6884328661,144.9042675916,research,2,iNaturalist,C:\Projects\raptor_australia\dataset\raw\elanus_axillaris\elanus_axillaris_346302140_631239036.jpg,already_exists
346294131,elanus_axillaris,Elanus axillaris,Black-shouldered Kite,631216574,https://inaturalist-open-data.s3.amazonaws.com/photos/631216574/medium.jpg,cc-by-nc,2026-03-26,-28.63145,153.578,research,2,iNaturalist,C:\Projects\raptor_australia\dataset\raw\elanus_axillaris\elanus_axillaris_346294131_631216574.jpg,already_exists
346265406,elanus_axillaris,Elanus axillaris,Black-shouldered Kite,631163290,https://inaturalist-open-data.s3.amazonaws.com/photos/631163290/medium.jpg,cc-by-nc,2026-03-31,-36.1069060391,140.2976508475,research,2,iNaturalist,C:\Projects\raptor_australia\dataset\raw\elanus_axillaris\elanus_axillaris_346265406_631163290.jpg,already_exists
346139913,elanus_axillaris,Elanus axillaris,Black-shouldered Kite,630914542,https://inaturalist-open-data.s3.amazonaws.com/photos/630914542/medium.jpg,cc-by-nc,2025-10-10,-27.1937715663,145.9820938675,research,2,iNaturalist,C:\Projects\raptor_australia\dataset\raw\elanus_axillaris\elanus_axillaris_346139913_630914542.jpg,already_exists
346117680,elanus_axillaris,Elanus axillaris,Black-shouldered Kite,630870661,https://inaturalist-open-data.s3.amazonaws.com/photos/630870661/medium.jpg,cc-by-nc,2026-03-30,-38.2005859336,144.4025515998,research,2,iNaturalist,C:\Projects\raptor_australia\dataset\raw\elanus_axillaris\elanus_axillaris_346117680_630870661.jpg,already_exists
346101773,elanus_axillaris,Elanus axillaris,Black-shouldered Kite,630814214,https://inaturalist-open-data.s3.amazonaws.com/photos/630814214/medium.jpg,cc-by-nc,2026-03-27,-24.3545993389,150.6669536335,research,2,iNaturalist,C:\Projects\raptor_australia\dataset\raw\elanus_axillaris\elanus_axillaris_346101773_630814214.jpg,already_exists
346029462,elanus_axillaris,Elanus axillaris,Black-shouldered Kite,630693690,https://inaturalist-open-data.s3.amazonaws.com/photos/630693690/medium.jpg,cc-by-nc,2026-03-29,-37.8855303856,144.799195641,research,4,iNaturalist,C:\Projects\raptor_australia\dataset\raw\elanus_axillaris\elanus_axillaris_346029462_630693690.jpg,already_exists
345874300,elanus_axillaris,Elanus axillaris,Black-shouldered Kite,630396354,https://inaturalist-open-data.s3.amazonaws.com/photos/630396354/medium.jpg,cc-by-nc,2026-03-27,-26.4156854864,146.2437008174,research,2,iNaturalist,C:\Projects\raptor_australia\dataset\raw\elanus_axillaris\elanus_axillaris_345874300_630396354.jpg,already_exists
345870613,elanus_axillaris,Elanus axillaris,Black-shouldered Kite,630387699,https://inaturalist-open-data.s3.amazonaws.com/photos/630387699/medium.jpg,cc-by-nc,2026-03-29,-33.7306608851,136.4082698587,research,2,iNaturalist,C:\Projects\raptor_australia\dataset\raw\elanus_axillaris\elanus_axillaris_345870613_630387699.jpg,already_exists
345658411,elanus_axillaris,Elanus axillaris,Black-shouldered Kite,629971559,https://inaturalist-open-data.s3.amazonaws.com/photos/629971559/medium.jpg,cc-by-nc,2026-03-05,-34.4387066667,138.6533166667,research,2,iNaturalist,C:\Projects\raptor_australia\dataset\raw\elanus_axillaris\elanus_axillaris_345658411_629971559.jpg,already_exists
345656769,elanus_axillaris,Elanus axillaris,Black-shouldered Kite,629968065,https://inaturalist-open-data.s3.amazonaws.com/photos/629968065/medium.jpg,cc-by-nc,2022-10-06,-34.4932033333,138.6330416667,research,2,iNaturalist,C:\Projects\raptor_australia\dataset\raw\elanus_axillaris\elanus_axillaris_345656769_629968065.jpg,already_exists
345656680,elanus_axillaris,Elanus axillaris,Black-shouldered Kite,629967947,https://inaturalist-open-data.s3.amazonaws.com/photos/629967947/medium.jpg,cc-by-nc,2022-10-06,-34.4931333333,138.63342,research,1,iNaturalist,C:\Projects\raptor_australia\dataset\raw\elanus_axillaris\elanus_axillaris_345656680_629967947.jpg,already_exists
345654790,elanus_axillaris,Elanus axillaris,Black-shouldered Kite,629963925,https://inaturalist-open-data.s3.amazonaws.com/photos/629963925/medium.jpg,cc-by-nc,2026-03-28,-32.0011398109,115.7516995336,research,2,iNaturalist,C:\Projects\raptor_australia\dataset\raw\elanus_axillaris\elanus_axillaris_345654790_629963925.jpg,already_exists
345628801,elanus_axillaris,Elanus axillaris,Black-shouldered Kite,629915528,https://inaturalist-open-data.s3.amazonaws.com/photos/629915528/medium.jpg,cc-by-nc,2026-03-28,-38.2305866667,144.3890533333,research,3,iNaturalist,C:\Projects\raptor_australia\dataset\raw\elanus_axillaris\elanus_axillaris_345628801_629915528.jpg,already_exists
345621286,elanus_axillaris,Elanus axillaris,Black-shouldered Kite,629899679,https://inaturalist-open-data.s3.amazonaws.com/photos/629899679/medium.jpg,cc-by-nc,2026-03-28,-27.72669,153.3366095,research,2,iNaturalist,C:\Projects\raptor_australia\dataset\raw\elanus_axillaris\elanus_axillaris_345621286_629899679.jpg,already_exists
345567676,elanus_axillaris,Elanus axillaris,Black-shouldered Kite,629787033,https://inaturalist-open-data.s3.amazonaws.com/photos/629787033/medium.jpg,cc-by-nc,2026-03-28,-33.3603744444,151.4375610278,research,2,iNaturalist,C:\Projects\raptor_australia\dataset\raw\elanus_axillaris\elanus_axillaris_345567676_629787033.jpg,already_exists
345547015,elanus_axillaris,Elanus axillaris,Black-shouldered Kite,629744983,https://inaturalist-open-data.s3.amazonaws.com/photos/629744983/medium.jpg,cc-by-nc,2026-03-27,-24.353732947,150.6695388479,research,2,iNaturalist,C:\Projects\raptor_australia\dataset\raw\elanus_axillaris\elanus_axillaris_345547015_629744983.jpg,already_exists
345433358,elanus_axillaris,Elanus axillaris,Black-shouldered Kite,629529661,https://inaturalist-open-data.s3.amazonaws.com/photos/629529661/medium.jpg,cc-by-nc,2026-03-27,-27.4143512493,153.0854000072,research,2,iNaturalist,C:\Projects\raptor_australia\dataset\raw\elanus_axillaris\elanus_axillaris_345433358_629529661.jpg,already_exists
345398358,elanus_axillaris,Elanus axillaris,Black-shouldered Kite,629455345,https://inaturalist-open-data.s3.amazonaws.com/photos/629455345/medium.jpg,cc-by-nc,2026-03-27,-33.7188916667,150.296705,research,3,iNaturalist,C:\Projects\raptor_australia\dataset\raw\elanus_axillaris\elanus_axillaris_345398358_629455345.jpg,already_exists
345392470,elanus_axillaris,Elanus axillaris,Black-shouldered Kite,629443310,https://inaturalist-open-data.s3.amazonaws.com/photos/629443310/medium.jpg,cc-by-nc,2025-10-25,-27.5430556,152.8402778,research,2,iNaturalist,C:\Projects\raptor_australia\dataset\raw\elanus_axillaris\elanus_axillaris_345392470_629443310.jpg,already_exists
345254174,elanus_axillaris,Elanus axillaris,Black-shouldered Kite,629176312,https://inaturalist-open-data.s3.amazonaws.com/photos/629176312/medium.jpg,cc-by-nc,2026-03-26,-12.5312686841,141.8898372344,research,2,iNaturalist,C:\Projects\raptor_australia\dataset\raw\elanus_axillaris\elanus_axillaris_345254174_629176312.jpg,already_exists
345113008,elanus_axillaris,Elanus axillaris,Black-shouldered Kite,628891035,https://inaturalist-open-data.s3.amazonaws.com/photos/628891035/medium.jpg,cc-by-nc,2026-03-24,-35.1850449442,149.1393862831,research,1,iNaturalist,C:\Projects\raptor_australia\dataset\raw\elanus_axillaris\elanus_axillaris_345113008_628891035.jpg,already_exists
345051635,elanus_axillaris,Elanus axillaris,Black-shouldered Kite,628773452,https://static.inaturalist.org/photos/628773452/medium.jpg,,2026-03-25,-32.7163173146,151.5462067723,research,3,iNaturalist,C:\Projects\raptor_australia\dataset\raw\elanus_axillaris\elanus_axillaris_345051635_628773452.jpg,already_exists
345042925,elanus_axillaris,Elanus axillaris,Black-shouldered Kite,628756503,https://inaturalist-open-data.s3.amazonaws.com/photos/628756503/medium.jpg,cc-by-nc,2025-06-27,-27.2932688607,152.5128414539,research,2,iNaturalist,C:\Projects\raptor_australia\dataset\raw\elanus_axillaris\elanus_axillaris_345042925_628756503.jpg,already_exists
345040084,elanus_axillaris,Elanus axillaris,Black-shouldered Kite,628750579,https://inaturalist-open-data.s3.amazonaws.com/photos/628750579/medium.jpg,cc-by-nc,2026-03-25,-28.1566138333,153.2509866667,research,2,iNaturalist,C:\Projects\raptor_australia\dataset\raw\elanus_axillaris\elanus_axillaris_345040084_628750579.jpg,already_exists
344831336,elanus_axillaris,Elanus axillaris,Black-shouldered Kite,628341318,https://inaturalist-open-data.s3.amazonaws.com/photos/628341318/medium.jpg,cc-by-nc,2026-03-07,-28.0887427831,153.1118596712,research,2,iNaturalist,C:\Projects\raptor_australia\dataset\raw\elanus_axillaris\elanus_axillaris_344831336_628341318.jpg,already_exists
344650560,elanus_axillaris,Elanus axillaris,Black-shouldered Kite,628001224,https://static.inaturalist.org/photos/628001224/medium.jpg,,2026-03-23,-34.9174215277,137.7960650995,research,3,iNaturalist,C:\Projects\raptor_australia\dataset\raw\elanus_axillaris\elanus_axillaris_344650560_628001224.jpg,already_exists
344649643,elanus_axillaris,Elanus axillaris,Black-shouldered Kite,627992924,https://inaturalist-open-data.s3.amazonaws.com/photos/627992924/medium.jpg,cc-by-nc,2025-03-05,-27.698801229,153.2271748803,research,4,iNaturalist,C:\Projects\raptor_australia\dataset\raw\elanus_axillaris\elanus_axillaris_344649643_627992924.jpg,already_exists
344648402,elanus_axillaris,Elanus axillaris,Black-shouldered Kite,628000250,https://inaturalist-open-data.s3.amazonaws.com/photos/628000250/medium.jpg,cc0,2026-03-23,-33.327376,115.6737535997,research,3,iNaturalist,C:\Projects\raptor_australia\dataset\raw\elanus_axillaris\elanus_axillaris_344648402_628000250.jpg,already_exists
344645841,elanus_axillaris,Elanus axillaris,Black-shouldered Kite,627996691,https://inaturalist-open-data.s3.amazonaws.com/photos/627996691/medium.jpg,cc0,2026-03-23,-33.327376,115.6737535997,research,3,iNaturalist,C:\Projects\raptor_australia\dataset\raw\elanus_axillaris\elanus_axillaris_344645841_627996691.jpg,already_exists
344611051,elanus_axillaris,Elanus axillaris,Black-shouldered Kite,627922961,https://inaturalist-open-data.s3.amazonaws.com/photos/627922961/medium.jpg,cc-by-nc,2026-03-21,-34.6234294442,150.5164056768,research,1,iNaturalist,C:\Projects\raptor_australia\dataset\raw\elanus_axillaris\elanus_axillaris_344611051_627922961.jpg,already_exists
344396381,elanus_axillaris,Elanus axillaris,Black-shouldered Kite,627507030,https://inaturalist-open-data.s3.amazonaws.com/photos/627507030/medium.jpg,cc-by-nc,2026-03-21,-34.8310203277,138.5237164864,research,3,iNaturalist,C:\Projects\raptor_australia\dataset\raw\elanus_axillaris\elanus_axillaris_344396381_627507030.jpg,already_exists
344315479,elanus_axillaris,Elanus axillaris,Black-shouldered Kite,627343810,https://inaturalist-open-data.s3.amazonaws.com/photos/627343810/medium.jpg,cc-by-nc,2026-03-22,-27.5389662463,152.992323786,research,1,iNaturalist,C:\Projects\raptor_australia\dataset\raw\elanus_axillaris\elanus_axillaris_344315479_627343810.jpg,already_exists
344297152,elanus_axillaris,Elanus axillaris,Black-shouldered Kite,627306511,https://inaturalist-open-data.s3.amazonaws.com/photos/627306511/medium.jpg,cc-by-nd,2025-06-27,-29.526842646,148.0244078792,research,3,iNaturalist,C:\Projects\raptor_australia\dataset\raw\elanus_axillaris\elanus_axillaris_344297152_627306511.jpg,already_exists
344182827,elanus_axillaris,Elanus axillaris,Black-shouldered Kite,627087174,https://inaturalist-open-data.s3.amazonaws.com/photos/627087174/medium.jpg,cc-by-nc,2026-03-21,-34.8349585,138.5198085,research,2,iNaturalist,C:\Projects\raptor_australia\dataset\raw\elanus_axillaris\elanus_axillaris_344182827_627087174.jpg,already_exists
344173305,elanus_axillaris,Elanus axillaris,Black-shouldered Kite,627070885,https://inaturalist-open-data.s3.amazonaws.com/photos/627070885/medium.jpg,cc-by-nc,2018-12-30,-34.3354444,150.9247345,research,2,iNaturalist,C:\Projects\raptor_australia\dataset\raw\elanus_axillaris\elanus_axillaris_344173305_627070885.jpg,already_exists
344149826,elanus_axillaris,Elanus axillaris,Black-shouldered Kite,627026771,https://inaturalist-open-data.s3.amazonaws.com/photos/627026771/medium.jpg,cc-by-nc,2026-03-21,-38.0079848,145.1273369,research,2,iNaturalist,C:\Projects\raptor_australia\dataset\raw\elanus_axillaris\elanus_axillaris_344149826_627026771.jpg,already_exists
344129190,elanus_axillaris,Elanus axillaris,Black-shouldered Kite,626983317,https://inaturalist-open-data.s3.amazonaws.com/photos/626983317/medium.jpg,cc-by-nc,2026-03-21,-38.4667970772,145.4305756012,research,1,iNaturalist,C:\Projects\raptor_australia\dataset\raw\elanus_axillaris\elanus_axillaris_344129190_626983317.jpg,already_exists
344116081,elanus_axillaris,Elanus axillaris,Black-shouldered Kite,626959744,https://inaturalist-open-data.s3.amazonaws.com/photos/626959744/medium.jpg,cc-by-nc,2017-08-25,-29.013516,134.7544219,research,2,iNaturalist,C:\Projects\raptor_australia\dataset\raw\elanus_axillaris\elanus_axillaris_344116081_626959744.jpg,already_exists
344093405,elanus_axillaris,Elanus axillaris,Black-shouldered Kite,626913721,https://inaturalist-open-data.s3.amazonaws.com/photos/626913721/medium.jpg,cc-by-nc,2026-03-21,-38.3099488412,145.0970709786,research,3,iNaturalist,C:\Projects\raptor_australia\dataset\raw\elanus_axillaris\elanus_axillaris_344093405_626913721.jpg,already_exists
344066743,elanus_axillaris,Elanus axillaris,Black-shouldered Kite,626860443,https://inaturalist-open-data.s3.amazonaws.com/photos/626860443/medium.jpg,cc-by-nc,2026-03-20,-36.9378463484,149.8782739956,research,2,iNaturalist,C:\Projects\raptor_australia\dataset\raw\elanus_axillaris\elanus_axillaris_344066743_626860443.jpg,already_exists
343964700,elanus_axillaris,Elanus axillaris,Black-shouldered Kite,626663451,https://inaturalist-open-data.s3.amazonaws.com/photos/626663451/medium.jpg,cc-by-nc,2026-03-17,-34.9289904036,137.311133109,research,2,iNaturalist,C:\Projects\raptor_australia\dataset\raw\elanus_axillaris\elanus_axillaris_343964700_626663451.jpg,already_exists
343963978,elanus_axillaris,Elanus axillaris,Black-shouldered Kite,626661522,https://inaturalist-open-data.s3.amazonaws.com/photos/626661522/medium.jpg,cc-by-nc,2026-03-18,-35.915938962,150.1060520525,research,1,iNaturalist,C:\Projects\raptor_australia\dataset\raw\elanus_axillaris\elanus_axillaris_343963978_626661522.jpg,already_exists
343920707,elanus_axillaris,Elanus axillaris,Black-shouldered Kite,626575587,https://inaturalist-open-data.s3.amazonaws.com/photos/626575587/medium.jpg,cc-by-nc,2026-03-18,-37.556404362,149.9132177299,research,1,iNaturalist,C:\Projects\raptor_australia\dataset\raw\elanus_axillaris\elanus_axillaris_343920707_626575587.jpg,already_exists
343913070,elanus_axillaris,Elanus axillaris,Black-shouldered Kite,626559723,https://inaturalist-open-data.s3.amazonaws.com/photos/626559723/medium.jpg,cc-by-nc,2026-03-20,-37.5903866667,144.70697,research,1,iNaturalist,C:\Projects\raptor_australia\dataset\raw\elanus_axillaris\elanus_axillaris_343913070_626559723.jpg,already_exists
343907957,elanus_axillaris,Elanus axillaris,Black-shouldered Kite,626549418,https://inaturalist-open-data.s3.amazonaws.com/photos/626549418/medium.jpg,cc-by-nc,2026-03-20,-36.1086983945,140.2595735451,research,2,iNaturalist,C:\Projects\raptor_australia\dataset\raw\elanus_axillaris\elanus_axillaris_343907957_626549418.jpg,already_exists
343881692,elanus_axillaris,Elanus axillaris,Black-shouldered Kite,626496237,https://inaturalist-open-data.s3.amazonaws.com/photos/626496237/medium.jpg,cc-by-nc,2026-03-19,-38.2306966667,144.388595,research,2,iNaturalist,C:\Projects\raptor_australia\dataset\raw\elanus_axillaris\elanus_axillaris_343881692_626496237.jpg,already_exists
343871312,elanus_axillaris,Elanus axillaris,Black-shouldered Kite,626475295,https://inaturalist-open-data.s3.amazonaws.com/photos/626475295/medium.jpg,cc-by-nc,2026-03-19,-38.0052116667,144.5909583333,research,3,iNaturalist,C:\Projects\raptor_australia\dataset\raw\elanus_axillaris\elanus_axillaris_343871312_626475295.jpg,already_exists
343867205,elanus_axillaris,Elanus axillaris,Black-shouldered Kite,626467523,https://inaturalist-open-data.s3.amazonaws.com/photos/626467523/medium.jpg,cc-by-nc,2026-03-19,-37.9954183333,144.5447533333,research,3,iNaturalist,C:\Projects\raptor_australia\dataset\raw\elanus_axillaris\elanus_axillaris_343867205_626467523.jpg,already_exists
343773711,elanus_axillaris,Elanus axillaris,Black-shouldered Kite,626284549,https://inaturalist-open-data.s3.amazonaws.com/photos/626284549/medium.jpg,cc-by-nc,2026-03-18,-38.0058954376,145.126816161,research,2,iNaturalist,C:\Projects\raptor_australia\dataset\raw\elanus_axillaris\elanus_axillaris_343773711_626284549.jpg,already_exists
343746154,elanus_axillaris,Elanus axillaris,Black-shouldered Kite,626230579,https://inaturalist-open-data.s3.amazonaws.com/photos/626230579/medium.jpg,cc-by,2026-03-16,-27.846272939,152.9648630983,research,3,iNaturalist,C:\Projects\raptor_australia\dataset\raw\elanus_axillaris\elanus_axillaris_343746154_626230579.jpg,already_exists
343734006,elanus_axillaris,Elanus axillaris,Black-shouldered Kite,626206835,https://static.inaturalist.org/photos/626206835/medium.jpg,,2026-03-17,-28.0712287653,152.2441912984,research,3,iNaturalist,C:\Projects\raptor_australia\dataset\raw\elanus_axillaris\elanus_axillaris_343734006_626206835.jpg,already_exists
343728005,elanus_axillaris,Elanus axillaris,Black-shouldered Kite,626194593,https://inaturalist-open-data.s3.amazonaws.com/photos/626194593/medium.jpg,cc-by-nc,2026-03-18,-38.3047853699,144.3773675196,research,3,iNaturalist,C:\Projects\raptor_australia\dataset\raw\elanus_axillaris\elanus_axillaris_343728005_626194593.jpg,already_exists
343719226,elanus_axillaris,Elanus axillaris,Black-shouldered Kite,626171430,https://inaturalist-open-data.s3.amazonaws.com/photos/626171430/medium.jpg,cc-by,2026-03-12,-27.5639366829,153.0949089612,research,3,iNaturalist,C:\Projects\raptor_australia\dataset\raw\elanus_axillaris\elanus_axillaris_343719226_626171430.jpg,already_exists
343602519,elanus_axillaris,Elanus axillaris,Black-shouldered Kite,625943575,https://static.inaturalist.org/photos/625943575/medium.jpg,,2026-03-18,-30.3048019903,153.1541298967,research,2,iNaturalist,C:\Projects\raptor_australia\dataset\raw\elanus_axillaris\elanus_axillaris_343602519_625943575.jpg,already_exists
343580884,elanus_axillaris,Elanus axillaris,Black-shouldered Kite,625897594,https://inaturalist-open-data.s3.amazonaws.com/photos/625897594/medium.jpg,cc-by-nc,2026-03-18,-27.57807,152.9918266667,research,3,iNaturalist,C:\Projects\raptor_australia\dataset\raw\elanus_axillaris\elanus_axillaris_343580884_625897594.jpg,already_exists
343512959,elanus_axillaris,Elanus axillaris,Black-shouldered Kite,625743411,https://static.inaturalist.org/photos/625743411/medium.jpg,,2026-03-09,-35.84691619,150.1763765466,research,3,iNaturalist,C:\Projects\raptor_australia\dataset\raw\elanus_axillaris\elanus_axillaris_343512959_625743411.jpg,already_exists
343512957,elanus_axillaris,Elanus axillaris,Black-shouldered Kite,625744616,https://static.inaturalist.org/photos/625744616/medium.jpg,,2026-03-09,-35.8469525313,150.1763861972,research,3,iNaturalist,C:\Projects\raptor_australia\dataset\raw\elanus_axillaris\elanus_axillaris_343512957_625744616.jpg,already_exists
343450539,elanus_axillaris,Elanus axillaris,Black-shouldered Kite,625632752,https://inaturalist-open-data.s3.amazonaws.com/photos/625632752/medium.jpg,cc-by-nc,2026-02-27,-35.3145759,149.1622521,research,4,iNaturalist,C:\Projects\raptor_australia\dataset\raw\elanus_axillaris\elanus_axillaris_343450539_625632752.jpg,already_exists
343447354,elanus_axillaris,Elanus axillaris,Black-shouldered Kite,625626126,https://inaturalist-open-data.s3.amazonaws.com/photos/625626126/medium.jpg,cc-by-nc,2026-03-17,-38.26470057,144.6209592413,research,2,iNaturalist,C:\Projects\raptor_australia\dataset\raw\elanus_axillaris\elanus_axillaris_343447354_625626126.jpg,already_exists
343442633,elanus_axillaris,Elanus axillaris,Black-shouldered Kite,625617328,https://inaturalist-open-data.s3.amazonaws.com/photos/625617328/medium.jpg,cc-by-nc,2026-03-15,-32.5229215504,148.9682685337,research,2,iNaturalist,C:\Projects\raptor_australia\dataset\raw\elanus_axillaris\elanus_axillaris_343442633_625617328.jpg,already_exists
343394011,elanus_axillaris,Elanus axillaris,Black-shouldered Kite,625514816,https://inaturalist-open-data.s3.amazonaws.com/photos/625514816/medium.jpg,cc-by-nc,2026-03-15,-35.83849513,150.18360478,research,3,iNaturalist,C:\Projects\raptor_australia\dataset\raw\elanus_axillaris\elanus_axillaris_343394011_625514816.jpg,already_exists
343292719,elanus_axillaris,Elanus axillaris,Black-shouldered Kite,625310305,https://static.inaturalist.org/photos/625310305/medium.jpg,,2026-03-15,-28.1329895015,153.3390042835,research,2,iNaturalist,C:\Projects\raptor_australia\dataset\raw\elanus_axillaris\elanus_axillaris_343292719_625310305.jpg,already_exists
343280821,elanus_axillaris,Elanus axillaris,Black-shouldered Kite,625287648,https://inaturalist-open-data.s3.amazonaws.com/photos/625287648/medium.jpg,cc-by-nc,2026-03-16,-27.2671836945,152.8587150488,research,3,iNaturalist,C:\Projects\raptor_australia\dataset\raw\elanus_axillaris\elanus_axillaris_343280821_625287648.jpg,already_exists
343276362,elanus_axillaris,Elanus axillaris,Black-shouldered Kite,625277070,https://static.inaturalist.org/photos/625277070/medium.jpg,,2026-03-16,-34.8043397335,138.5318659995,research,2,iNaturalist,C:\Projects\raptor_australia\dataset\raw\elanus_axillaris\elanus_axillaris_343276362_625277070.jpg,already_exists
343090953,elanus_axillaris,Elanus axillaris,Black-shouldered Kite,624899013,https://inaturalist-open-data.s3.amazonaws.com/photos/624899013/medium.jpg,cc-by-nc,2026-03-15,-34.696142195,150.8420696223,research,4,iNaturalist,C:\Projects\raptor_australia\dataset\raw\elanus_axillaris\elanus_axillaris_343090953_624899013.jpg,already_exists
343077873,elanus_axillaris,Elanus axillaris,Black-shouldered Kite,624873011,https://inaturalist-open-data.s3.amazonaws.com/photos/624873011/medium.jpg,cc-by,2026-03-15,-26.919495,152.9929616667,research,3,iNaturalist,C:\Projects\raptor_australia\dataset\raw\elanus_axillaris\elanus_axillaris_343077873_624873011.jpg,already_exists
343066700,elanus_axillaris,Elanus axillaris,Black-shouldered Kite,624849362,https://inaturalist-open-data.s3.amazonaws.com/photos/624849362/medium.jpg,cc-by-nc,2026-03-15,-38.0271464477,144.5626785153,research,3,iNaturalist,C:\Projects\raptor_australia\dataset\raw\elanus_axillaris\elanus_axillaris_343066700_624849362.jpg,already_exists
343065590,elanus_axillaris,Elanus axillaris,Black-shouldered Kite,624845966,https://inaturalist-open-data.s3.amazonaws.com/photos/624845966/medium.jpg,cc-by-nc,2026-03-15,-33.4371618292,147.4460711554,research,4,iNaturalist,C:\Projects\raptor_australia\dataset\raw\elanus_axillaris\elanus_axillaris_343065590_624845966.jpg,already_exists
343025073,elanus_axillaris,Elanus axillaris,Black-shouldered Kite,624763525,https://inaturalist-open-data.s3.amazonaws.com/photos/624763525/medium.jpg,cc-by-nc,2026-03-15,-34.9542783333,138.54332,research,2,iNaturalist,C:\Projects\raptor_australia\dataset\raw\elanus_axillaris\elanus_axillaris_343025073_624763525.jpg,already_exists
343017119,elanus_axillaris,Elanus axillaris,Black-shouldered Kite,624747145,https://static.inaturalist.org/photos/624747145/medium.jpg,,2026-02-27,-35.8746107945,150.1500917897,research,2,iNaturalist,C:\Projects\raptor_australia\dataset\raw\elanus_axillaris\elanus_axillaris_343017119_624747145.jpg,already_exists
343011565,elanus_axillaris,Elanus axillaris,Black-shouldered Kite,624736845,https://inaturalist-open-data.s3.amazonaws.com/photos/624736845/medium.jpg,cc-by-nc,2026-03-14,-34.0525134645,150.6886710731,research,2,iNaturalist,C:\Projects\raptor_australia\dataset\raw\elanus_axillaris\elanus_axillaris_343011565_624736845.jpg,already_exists
342970999,elanus_axillaris,Elanus axillaris,Black-shouldered Kite,624655161,https://inaturalist-open-data.s3.amazonaws.com/photos/624655161/medium.jpg,cc-by-nc,2026-03-14,-38.3046275355,144.3778026172,research,2,iNaturalist,C:\Projects\raptor_australia\dataset\raw\elanus_axillaris\elanus_axillaris_342970999_624655161.jpg,already_exists
342885936,elanus_axillaris,Elanus axillaris,Black-shouldered Kite,624485152,https://inaturalist-open-data.s3.amazonaws.com/photos/624485152/medium.jpg,cc-by-nc,2026-02-18,-27.5421855392,152.3656680156,research,3,iNaturalist,C:\Projects\raptor_australia\dataset\raw\elanus_axillaris\elanus_axillaris_342885936_624485152.jpg,already_exists
342863929,elanus_axillaris,Elanus axillaris,Black-shouldered Kite,624442623,https://inaturalist-open-data.s3.amazonaws.com/photos/624442623/medium.jpg,cc-by-nc,2026-03-14,-27.2025021236,152.8261689068,research,3,iNaturalist,C:\Projects\raptor_australia\dataset\raw\elanus_axillaris\elanus_axillaris_342863929_624442623.jpg,already_exists
342852192,elanus_axillaris,Elanus axillaris,Black-shouldered Kite,624417075,https://static.inaturalist.org/photos/624417075/medium.jpg,,2026-03-14,-35.3853792863,138.4731622842,research,3,iNaturalist,C:\Projects\raptor_australia\dataset\raw\elanus_axillaris\elanus_axillaris_342852192_624417075.jpg,already_exists
342851669,elanus_axillaris,Elanus axillaris,Black-shouldered Kite,624416505,https://inaturalist-open-data.s3.amazonaws.com/photos/624416505/medium.jpg,cc-by-nc,2026-03-14,-27.9526441892,152.7487827891,research,2,iNaturalist,C:\Projects\raptor_australia\dataset\raw\elanus_axillaris\elanus_axillaris_342851669_624416505.jpg,already_exists
342707534,elanus_axillaris,Elanus axillaris,Black-shouldered Kite,624128688,https://inaturalist-open-data.s3.amazonaws.com/photos/624128688/medium.jpg,cc-by-nc-sa,2026-03-13,-38.0371703346,144.5182954528,research,3,iNaturalist,C:\Projects\raptor_australia\dataset\raw\elanus_axillaris\elanus_axillaris_342707534_624128688.jpg,already_exists
342694716,elanus_axillaris,Elanus axillaris,Black-shouldered Kite,624116940,https://inaturalist-open-data.s3.amazonaws.com/photos/624116940/medium.jpg,cc-by-nc,2026-03-13,-24.2236965674,151.2544669211,research,2,iNaturalist,C:\Projects\raptor_australia\dataset\raw\elanus_axillaris\elanus_axillaris_342694716_624116940.jpg,already_exists
342656506,elanus_axillaris,Elanus axillaris,Black-shouldered Kite,624038036,https://static.inaturalist.org/photos/624038036/medium.jpg,,2026-03-13,-38.3851791083,145.1184516347,research,2,iNaturalist,C:\Projects\raptor_australia\dataset\raw\elanus_axillaris\elanus_axillaris_342656506_624038036.jpg,already_exists
342557311,elanus_axillaris,Elanus axillaris,Black-shouldered Kite,623841447,https://static.inaturalist.org/photos/623841447/medium.jpg,,2026-03-12,-33.5147694444,150.1030055556,research,2,iNaturalist,C:\Projects\raptor_australia\dataset\raw\elanus_axillaris\elanus_axillaris_342557311_623841447.jpg,already_exists
342554546,elanus_axillaris,Elanus axillaris,Black-shouldered Kite,623836414,https://inaturalist-open-data.s3.amazonaws.com/photos/623836414/medium.jpg,cc-by-nc,2026-01-18,-28.5484210586,153.5110536497,research,2,iNaturalist,C:\Projects\raptor_australia\dataset\raw\elanus_axillaris\elanus_axillaris_342554546_623836414.jpg,already_exists
342391662,elanus_axillaris,Elanus axillaris,Black-shouldered Kite,623506592,https://inaturalist-open-data.s3.amazonaws.com/photos/623506592/medium.jpg,cc-by-nc,2025-10-09,-38.00769989,145.1292481583,research,4,iNaturalist,C:\Projects\raptor_australia\dataset\raw\elanus_axillaris\elanus_axillaris_342391662_623506592.jpg,already_exists
342391618,elanus_axillaris,Elanus axillaris,Black-shouldered Kite,623505800,https://inaturalist-open-data.s3.amazonaws.com/photos/623505800/medium.jpg,cc-by-nc,2025-10-06,-38.392040925,142.2474357203,research,3,iNaturalist,C:\Projects\raptor_australia\dataset\raw\elanus_axillaris\elanus_axillaris_342391618_623505800.jpg,already_exists
342357056,elanus_axillaris,Elanus axillaris,Black-shouldered Kite,623430806,https://inaturalist-open-data.s3.amazonaws.com/photos/623430806/medium.jpg,cc-by-nc,2025-01-23,-38.2306337496,144.4396593523,research,2,iNaturalist,C:\Projects\raptor_australia\dataset\raw\elanus_axillaris\elanus_axillaris_342357056_623430806.jpg,already_exists
342357055,elanus_axillaris,Elanus axillaris,Black-shouldered Kite,623430690,https://inaturalist-open-data.s3.amazonaws.com/photos/623430690/medium.jpg,cc-by-nc,2025-10-06,-38.3918013731,142.2516336981,research,2,iNaturalist,C:\Projects\raptor_australia\dataset\raw\elanus_axillaris\elanus_axillaris_342357055_623430690.jpg,already_exists
342347461,elanus_axillaris,Elanus axillaris,Black-shouldered Kite,623413051,https://inaturalist-open-data.s3.amazonaws.com/photos/623413051/medium.jpg,cc-by-nc,2026-03-10,-35.9055237111,150.1331654067,research,2,iNaturalist,C:\Projects\raptor_australia\dataset\raw\elanus_axillaris\elanus_axillaris_342347461_623413051.jpg,already_exists
342232575,elanus_axillaris,Elanus axillaris,Black-shouldered Kite,623170501,https://inaturalist-open-data.s3.amazonaws.com/photos/623170501/medium.jpg,cc-by-nc,2026-03-10,-38.174019485,143.9767841741,research,3,iNaturalist,C:\Projects\raptor_australia\dataset\raw\elanus_axillaris\elanus_axillaris_342232575_623170501.jpg,already_exists
342216985,elanus_axillaris,Elanus axillaris,Black-shouldered Kite,623149688,https://inaturalist-open-data.s3.amazonaws.com/photos/623149688/medium.jpg,cc-by-nc,2024-10-19,-37.9917646808,144.5995523176,research,2,iNaturalist,C:\Projects\raptor_australia\dataset\raw\elanus_axillaris\elanus_axillaris_342216985_623149688.jpg,already_exists
342049888,elanus_axillaris,Elanus axillaris,Black-shouldered Kite,622813371,https://inaturalist-open-data.s3.amazonaws.com/photos/622813371/medium.jpg,cc-by-nc,2026-03-09,-38.2663851965,144.6236573567,research,3,iNaturalist,C:\Projects\raptor_australia\dataset\raw\elanus_axillaris\elanus_axillaris_342049888_622813371.jpg,already_exists
342021067,elanus_axillaris,Elanus axillaris,Black-shouldered Kite,622749093,https://inaturalist-open-data.s3.amazonaws.com/photos/622749093/medium.jpg,cc-by,2026-03-07,-34.2080641822,141.8992433265,research,2,iNaturalist,C:\Projects\raptor_australia\dataset\raw\elanus_axillaris\elanus_axillaris_342021067_622749093.jpg,already_exists
341863864,elanus_axillaris,Elanus axillaris,Black-shouldered Kite,622435330,https://inaturalist-open-data.s3.amazonaws.com/photos/622435330/medium.jpg,cc-by-nc,2026-03-08,-35.373208938,139.1426209687,research,3,iNaturalist,C:\Projects\raptor_australia\dataset\raw\elanus_axillaris\elanus_axillaris_341863864_622435330.jpg,already_exists
341847929,elanus_axillaris,Elanus axillaris,Black-shouldered Kite,622407297,https://inaturalist-open-data.s3.amazonaws.com/photos/622407297/medium.jpg,cc-by-nc,2026-03-08,-38.1661799133,144.5157105876,research,2,iNaturalist,C:\Projects\raptor_australia\dataset\raw\elanus_axillaris\elanus_axillaris_341847929_622407297.jpg,already_exists
341847927,elanus_axillaris,Elanus axillaris,Black-shouldered Kite,622407183,https://inaturalist-open-data.s3.amazonaws.com/photos/622407183/medium.jpg,cc-by-nc,2026-03-08,-38.2368890775,144.422909684,research,2,iNaturalist,C:\Projects\raptor_australia\dataset\raw\elanus_axillaris\elanus_axillaris_341847927_622407183.jpg,already_exists
341835877,elanus_axillaris,Elanus axillaris,Black-shouldered Kite,622383279,https://inaturalist-open-data.s3.amazonaws.com/photos/622383279/medium.jpg,cc-by-nc,2025-09-13,-31.9334416667,151.1758916667,research,3,iNaturalist,C:\Projects\raptor_australia\dataset\raw\elanus_axillaris\elanus_axillaris_341835877_622383279.jpg,already_exists
341779045,elanus_axillaris,Elanus axillaris,Black-shouldered Kite,622263780,https://inaturalist-open-data.s3.amazonaws.com/photos/622263780/medium.jpg,cc-by-nc,2026-03-06,-32.9407923218,151.6190141296,research,5,iNaturalist,C:\Projects\raptor_australia\dataset\raw\elanus_axillaris\elanus_axillaris_341779045_622263780.jpg,already_exists
341650453,elanus_axillaris,Elanus axillaris,Black-shouldered Kite,622008730,https://inaturalist-open-data.s3.amazonaws.com/photos/622008730/medium.jpg,cc-by-nc,2026-01-08,-37.9952477495,144.565266584,research,3,iNaturalist,C:\Projects\raptor_australia\dataset\raw\elanus_axillaris\elanus_axillaris_341650453_622008730.jpg,already_exists
341642564,elanus_axillaris,Elanus axillaris,Black-shouldered Kite,621991323,https://static.inaturalist.org/photos/621991323/medium.jpg,,2025-10-28,-37.1182615816,140.6968680867,research,2,iNaturalist,C:\Projects\raptor_australia\dataset\raw\elanus_axillaris\elanus_axillaris_341642564_621991323.jpg,already_exists
341620739,elanus_axillaris,Elanus axillaris,Black-shouldered Kite,621945066,https://inaturalist-open-data.s3.amazonaws.com/photos/621945066/medium.jpg,cc-by-nc,2026-03-07,-36.7935218871,140.6174355725,research,1,iNaturalist,C:\Projects\raptor_australia\dataset\raw\elanus_axillaris\elanus_axillaris_341620739_621945066.jpg,already_exists
341476363,elanus_axillaris,Elanus axillaris,Black-shouldered Kite,621611221,https://inaturalist-open-data.s3.amazonaws.com/photos/621611221/medium.jpg,cc-by-nc,2026-02-25,-37.9222516667,147.7046766667,research,3,iNaturalist,C:\Projects\raptor_australia\dataset\raw\elanus_axillaris\elanus_axillaris_341476363_621611221.jpg,already_exists
341466537,elanus_axillaris,Elanus axillaris,Black-shouldered Kite,621732865,https://inaturalist-open-data.s3.amazonaws.com/photos/621732865/medium.jpg,cc-by-nc,2026-03-06,-37.8076764794,143.5863045689,research,3,iNaturalist,C:\Projects\raptor_australia\dataset\raw\elanus_axillaris\elanus_axillaris_341466537_621732865.jpg,already_exists
341358842,elanus_axillaris,Elanus axillaris,Black-shouldered Kite,621410732,https://inaturalist-open-data.s3.amazonaws.com/photos/621410732/medium.jpg,cc-by-nc,2023-05-20,-38.2494815,144.4352494,research,2,iNaturalist,C:\Projects\raptor_australia\dataset\raw\elanus_axillaris\elanus_axillaris_341358842_621410732.jpg,already_exists
341323302,elanus_axillaris,Elanus axillaris,Black-shouldered Kite,621332856,https://inaturalist-open-data.s3.amazonaws.com/photos/621332856/medium.jpg,cc-by-nc,2026-02-24,-33.3799053244,151.4862644633,research,2,iNaturalist,C:\Projects\raptor_australia\dataset\raw\elanus_axillaris\elanus_axillaris_341323302_621332856.jpg,already_exists
341303188,elanus_axillaris,Elanus axillaris,Black-shouldered Kite,621290009,https://inaturalist-open-data.s3.amazonaws.com/photos/621290009/medium.jpg,cc-by-nc,2026-03-04,-38.3062816387,144.376383098,research,2,iNaturalist,C:\Projects\raptor_australia\dataset\raw\elanus_axillaris\elanus_axillaris_341303188_621290009.jpg,already_exists
341208022,elanus_axillaris,Elanus axillaris,Black-shouldered Kite,621097907,https://inaturalist-open-data.s3.amazonaws.com/photos/621097907/medium.jpg,cc-by-nc,2026-03-01,-31.43542,152.7902533333,research,2,iNaturalist,C:\Projects\raptor_australia\dataset\raw\elanus_axillaris\elanus_axillaris_341208022_621097907.jpg,already_exists
341200738,elanus_axillaris,Elanus axillaris,Black-shouldered Kite,621082208,https://inaturalist-open-data.s3.amazonaws.com/photos/621082208/medium.jpg,cc-by-nc,2024-02-06,-38.0022979338,144.5835467609,research,2,iNaturalist,C:\Projects\raptor_australia\dataset\raw\elanus_axillaris\elanus_axillaris_341200738_621082208.jpg,already_exists
341198307,elanus_axillaris,Elanus axillaris,Black-shouldered Kite,621077109,https://inaturalist-open-data.s3.amazonaws.com/photos/621077109/medium.jpg,cc-by-nc,2026-03-04,-30.6877067149,150.6562576066,research,2,iNaturalist,C:\Projects\raptor_australia\dataset\raw\elanus_axillaris\elanus_axillaris_341198307_621077109.jpg,already_exists
341173022,elanus_axillaris,Elanus axillaris,Black-shouldered Kite,621023200,https://inaturalist-open-data.s3.amazonaws.com/photos/621023200/medium.jpg,cc-by-nc,2023-09-08,-23.8059131854,151.3624293482,research,1,iNaturalist,,failed: Muy pequeña: 160x120px
341164977,elanus_axillaris,Elanus axillaris,Black-shouldered Kite,621005473,https://static.inaturalist.org/photos/621005473/medium.jpg,,2026-03-03,-38.4955535354,145.4396197986,research,2,iNaturalist,C:\Projects\raptor_australia\dataset\raw\elanus_axillaris\elanus_axillaris_341164977_621005473.jpg,already_exists
341138308,elanus_axillaris,Elanus axillaris,Black-shouldered Kite,620949875,https://inaturalist-open-data.s3.amazonaws.com/photos/620949875/medium.jpg,cc-by-nc,2026-03-03,-28.8057178437,153.6038084328,research,3,iNaturalist,C:\Projects\raptor_australia\dataset\raw\elanus_axillaris\elanus_axillaris_341138308_620949875.jpg,already_exists
341075944,elanus_axillaris,Elanus axillaris,Black-shouldered Kite,620825094,https://inaturalist-open-data.s3.amazonaws.com/photos/620825094/medium.jpg,cc-by-nc,2026-03-01,-35.2601948691,138.4717902574,research,4,iNaturalist,C:\Projects\raptor_australia\dataset\raw\elanus_axillaris\elanus_axillaris_341075944_620825094.jpg,already_exists
341075361,elanus_axillaris,Elanus axillaris,Black-shouldered Kite,620823234,https://inaturalist-open-data.s3.amazonaws.com/photos/620823234/medium.jpg,cc-by,2026-03-03,-38.495313009,145.440036883,research,1,iNaturalist,C:\Projects\raptor_australia\dataset\raw\elanus_axillaris\elanus_axillaris_341075361_620823234.jpg,already_exists
341074168,elanus_axillaris,Elanus axillaris,Black-shouldered Kite,620819485,https://inaturalist-open-data.s3.amazonaws.com/photos/620819485/medium.jpg,cc-by-nc,2022-08-07,-36.1299749946,146.6877003379,research,4,iNaturalist,C:\Projects\raptor_australia\dataset\raw\elanus_axillaris\elanus_axillaris_341074168_620819485.jpg,already_exists
341063379,elanus_axillaris,Elanus axillaris,Black-shouldered Kite,620798847,https://inaturalist-open-data.s3.amazonaws.com/photos/620798847/medium.jpg,cc-by-nc,2026-03-03,-34.9348214816,138.5008512929,research,4,iNaturalist,C:\Projects\raptor_australia\dataset\raw\elanus_axillaris\elanus_axillaris_341063379_620798847.jpg,already_exists
341061832,elanus_axillaris,Elanus axillaris,Black-shouldered Kite,620794565,https://static.inaturalist.org/photos/620794565/medium.jpg,,2026-02-05,-37.9776789907,144.6320277657,research,3,iNaturalist,C:\Projects\raptor_australia\dataset\raw\elanus_axillaris\elanus_axillaris_341061832_620794565.jpg,already_exists
341060795,elanus_axillaris,Elanus axillaris,Black-shouldered Kite,620793489,https://inaturalist-open-data.s3.amazonaws.com/photos/620793489/medium.jpg,cc-by-nc,2026-02-28,-34.6531432929,150.8575455844,research,1,iNaturalist,C:\Projects\raptor_australia\dataset\raw\elanus_axillaris\elanus_axillaris_341060795_620793489.jpg,already_exists
341059738,elanus_axillaris,Elanus axillaris,Black-shouldered Kite,620791080,https://inaturalist-open-data.s3.amazonaws.com/photos/620791080/medium.jpg,cc-by-nc,2026-02-28,-34.6527557912,150.8574342728,research,2,iNaturalist,C:\Projects\raptor_australia\dataset\raw\elanus_axillaris\elanus_axillaris_341059738_620791080.jpg,already_exists
341049535,elanus_axillaris,Elanus axillaris,Black-shouldered Kite,620767642,https://inaturalist-open-data.s3.amazonaws.com/photos/620767642/medium.jpg,cc-by-nc,2026-02-10,-25.7281790435,148.3595677392,research,2,iNaturalist,C:\Projects\raptor_australia\dataset\raw\elanus_axillaris\elanus_axillaris_341049535_620767642.jpg,already_exists
341048674,elanus_axillaris,Elanus axillaris,Black-shouldered Kite,620767185,https://inaturalist-open-data.s3.amazonaws.com/photos/620767185/medium.jpg,cc-by-nc,2023-02-07,-27.1733872922,149.4249364906,research,2,iNaturalist,C:\Projects\raptor_australia\dataset\raw\elanus_axillaris\elanus_axillaris_341048674_620767185.jpg,already_exists
341009160,elanus_axillaris,Elanus axillaris,Black-shouldered Kite,620684105,https://inaturalist-open-data.s3.amazonaws.com/photos/620684105/medium.jpg,cc-by-nc,2026-02-27,-34.6531904549,150.8609483019,research,2,iNaturalist,C:\Projects\raptor_australia\dataset\raw\elanus_axillaris\elanus_axillaris_341009160_620684105.jpg,already_exists
341006743,elanus_axillaris,Elanus axillaris,Black-shouldered Kite,620679860,https://inaturalist-open-data.s3.amazonaws.com/photos/620679860/medium.jpg,cc-by-nc,2026-02-27,-34.6529667799,150.8565997705,research,3,iNaturalist,C:\Projects\raptor_australia\dataset\raw\elanus_axillaris\elanus_axillaris_341006743_620679860.jpg,already_exists
341006423,elanus_axillaris,Elanus axillaris,Black-shouldered Kite,620679182,https://inaturalist-open-data.s3.amazonaws.com/photos/620679182/medium.jpg,cc-by-nc,2026-02-27,-34.6533534532,150.8571486175,research,3,iNaturalist,C:\Projects\raptor_australia\dataset\raw\elanus_axillaris\elanus_axillaris_341006423_620679182.jpg,already_exists
340935090,elanus_axillaris,Elanus axillaris,Black-shouldered Kite,620524792,https://inaturalist-open-data.s3.amazonaws.com/photos/620524792/medium.jpg,cc-by-nc,2025-11-09,-19.2114074556,146.7625246834,research,4,iNaturalist,C:\Projects\raptor_australia\dataset\raw\elanus_axillaris\elanus_axillaris_340935090_620524792.jpg,already_exists
340826294,elanus_axillaris,Elanus axillaris,Black-shouldered Kite,620309515,https://static.inaturalist.org/photos/620309515/medium.jpg,,2026-03-01,-34.5453466667,150.87284,research,1,iNaturalist,C:\Projects\raptor_australia\dataset\raw\elanus_axillaris\elanus_axillaris_340826294_620309515.jpg,already_exists
340745997,elanus_axillaris,Elanus axillaris,Black-shouldered Kite,620148868,https://inaturalist-open-data.s3.amazonaws.com/photos/620148868/medium.jpg,cc-by-nc,2026-02-22,-32.8182280375,151.8446798838,research,2,iNaturalist,C:\Projects\raptor_australia\dataset\raw\elanus_axillaris\elanus_axillaris_340745997_620148868.jpg,already_exists
340745453,elanus_axillaris,Elanus axillaris,Black-shouldered Kite,620147440,https://inaturalist-open-data.s3.amazonaws.com/photos/620147440/medium.jpg,cc-by-nc,2026-02-22,-32.8358695415,151.6787663421,research,4,iNaturalist,C:\Projects\raptor_australia\dataset\raw\elanus_axillaris\elanus_axillaris_340745453_620147440.jpg,already_exists
340743679,elanus_axillaris,Elanus axillaris,Black-shouldered Kite,620137191,https://inaturalist-open-data.s3.amazonaws.com/photos/620137191/medium.jpg,cc-by-nc,2026-03-01,-36.1096098709,147.0151300387,research,2,iNaturalist,C:\Projects\raptor_australia\dataset\raw\elanus_axillaris\elanus_axillaris_340743679_620137191.jpg,already_exists
340741436,elanus_axillaris,Elanus axillaris,Black-shouldered Kite,620138549,https://inaturalist-open-data.s3.amazonaws.com/photos/620138549/medium.jpg,cc-by-nc,2026-03-01,-30.3416553509,149.9219054993,research,2,iNaturalist,C:\Projects\raptor_australia\dataset\raw\elanus_axillaris\elanus_axillaris_340741436_620138549.jpg,already_exists
340739826,elanus_axillaris,Elanus axillaris,Black-shouldered Kite,620136022,https://inaturalist-open-data.s3.amazonaws.com/photos/620136022/medium.jpg,cc-by-nc,2026-03-01,-34.5989950903,150.8701774983,research,1,iNaturalist,C:\Projects\raptor_australia\dataset\raw\elanus_axillaris\elanus_axillaris_340739826_620136022.jpg,already_exists
340730319,elanus_axillaris,Elanus axillaris,Black-shouldered Kite,620117877,https://inaturalist-open-data.s3.amazonaws.com/photos/620117877/medium.jpg,cc-by-nc,2026-03-01,-34.2591160249,150.9443160519,research,2,iNaturalist,C:\Projects\raptor_australia\dataset\raw\elanus_axillaris\elanus_axillaris_340730319_620117877.jpg,already_exists
340728220,elanus_axillaris,Elanus axillaris,Black-shouldered Kite,620113688,https://inaturalist-open-data.s3.amazonaws.com/photos/620113688/medium.jpg,cc-by-nc,2026-03-01,-38.0420556899,144.510316091,research,2,iNaturalist,C:\Projects\raptor_australia\dataset\raw\elanus_axillaris\elanus_axillaris_340728220_620113688.jpg,already_exists
340585939,elanus_axillaris,Elanus axillaris,Black-shouldered Kite,619823557,https://inaturalist-open-data.s3.amazonaws.com/photos/619823557/medium.jpg,cc-by,2023-08-19,-34.8316043343,138.5813323373,research,3,iNaturalist,C:\Projects\raptor_australia\dataset\raw\elanus_axillaris\elanus_axillaris_340585939_619823557.jpg,already_exists
340585938,elanus_axillaris,Elanus axillaris,Black-shouldered Kite,619823458,https://inaturalist-open-data.s3.amazonaws.com/photos/619823458/medium.jpg,cc-by,2023-08-19,-34.8316043343,138.5813323373,research,3,iNaturalist,C:\Projects\raptor_australia\dataset\raw\elanus_axillaris\elanus_axillaris_340585938_619823458.jpg,already_exists
340576581,elanus_axillaris,Elanus axillaris,Black-shouldered Kite,619803026,https://inaturalist-open-data.s3.amazonaws.com/photos/619803026/medium.jpg,cc-by-nc,2026-01-27,-28.4157212591,153.0191198466,research,2,iNaturalist,C:\Projects\raptor_australia\dataset\raw\elanus_axillaris\elanus_axillaris_340576581_619803026.jpg,already_exists
340567721,elanus_axillaris,Elanus axillaris,Black-shouldered Kite,619790142,https://inaturalist-open-data.s3.amazonaws.com/photos/619790142/medium.jpg,cc-by-nc,2026-02-28,-36.4368454604,148.3275245465,research,1,iNaturalist,C:\Projects\raptor_australia\dataset\raw\elanus_axillaris\elanus_axillaris_340567721_619790142.jpg,already_exists
340558938,elanus_axillaris,Elanus axillaris,Black-shouldered Kite,619772418,https://inaturalist-open-data.s3.amazonaws.com/photos/619772418/medium.jpg,cc-by-nc,2026-02-28,-33.5845524729,150.7916576186,research,5,iNaturalist,C:\Projects\raptor_australia\dataset\raw\elanus_axillaris\elanus_axillaris_340558938_619772418.jpg,already_exists
340549222,elanus_axillaris,Elanus axillaris,Black-shouldered Kite,619752522,https://static.inaturalist.org/photos/619752522/medium.jpg,,2026-02-13,-35.3147676203,149.1627147049,research,4,iNaturalist,C:\Projects\raptor_australia\dataset\raw\elanus_axillaris\elanus_axillaris_340549222_619752522.jpg,already_exists
340520005,elanus_axillaris,Elanus axillaris,Black-shouldered Kite,619691000,https://inaturalist-open-data.s3.amazonaws.com/photos/619691000/medium.jpg,cc-by-nc,2026-02-27,-28.8167939946,153.6037506846,research,2,iNaturalist,C:\Projects\raptor_australia\dataset\raw\elanus_axillaris\elanus_axillaris_340520005_619691000.jpg,already_exists
340495230,elanus_axillaris,Elanus axillaris,Black-shouldered Kite,619639431,https://inaturalist-open-data.s3.amazonaws.com/photos/619639431/medium.jpg,cc-by-nc,2026-02-27,-38.2995951192,144.3817791533,research,3,iNaturalist,C:\Projects\raptor_australia\dataset\raw\elanus_axillaris\elanus_axillaris_340495230_619639431.jpg,already_exists
340434610,elanus_axillaris,Elanus axillaris,Black-shouldered Kite,619521922,https://inaturalist-open-data.s3.amazonaws.com/photos/619521922/medium.jpg,cc-by-nc,2026-02-25,-37.9949410005,144.5380922463,research,3,iNaturalist,C:\Projects\raptor_australia\dataset\raw\elanus_axillaris\elanus_axillaris_340434610_619521922.jpg,already_exists
340433422,elanus_axillaris,Elanus axillaris,Black-shouldered Kite,619519491,https://inaturalist-open-data.s3.amazonaws.com/photos/619519491/medium.jpg,cc-by-nc,2026-02-25,-38.0269225358,144.5627607875,research,2,iNaturalist,C:\Projects\raptor_australia\dataset\raw\elanus_axillaris\elanus_axillaris_340433422_619519491.jpg,already_exists
340376359,elanus_axillaris,Elanus axillaris,Black-shouldered Kite,619399670,https://inaturalist-open-data.s3.amazonaws.com/photos/619399670/medium.jpg,cc-by-nc,2026-02-26,-38.3063256328,144.3762243403,research,2,iNaturalist,C:\Projects\raptor_australia\dataset\raw\elanus_axillaris\elanus_axillaris_340376359_619399670.jpg,already_exists
340276404,elanus_axillaris,Elanus axillaris,Black-shouldered Kite,619200343,https://inaturalist-open-data.s3.amazonaws.com/photos/619200343/medium.jpg,cc-by-nc,2026-02-26,-34.578232316,146.308927003,research,2,iNaturalist,C:\Projects\raptor_australia\dataset\raw\elanus_axillaris\elanus_axillaris_340276404_619200343.jpg,already_exists
340275306,elanus_axillaris,Elanus axillaris,Black-shouldered Kite,619198210,https://inaturalist-open-data.s3.amazonaws.com/photos/619198210/medium.jpg,cc-by-nc,2026-02-26,-29.6981632898,151.1845476853,research,4,iNaturalist,C:\Projects\raptor_australia\dataset\raw\elanus_axillaris\elanus_axillaris_340275306_619198210.jpg,already_exists
340144292,elanus_axillaris,Elanus axillaris,Black-shouldered Kite,618932385,https://inaturalist-open-data.s3.amazonaws.com/photos/618932385/medium.jpg,cc-by-nc,2015-08-22,-38.0030656,144.5822244,research,3,iNaturalist,C:\Projects\raptor_australia\dataset\raw\elanus_axillaris\elanus_axillaris_340144292_618932385.jpg,already_exists
340110221,elanus_axillaris,Elanus axillaris,Black-shouldered Kite,618860424,https://inaturalist-open-data.s3.amazonaws.com/photos/618860424/medium.jpg,cc-by-nc,2026-02-25,-26.8608083333,151.8516416667,research,3,iNaturalist,C:\Projects\raptor_australia\dataset\raw\elanus_axillaris\elanus_axillaris_340110221_618860424.jpg,already_exists
340006764,elanus_axillaris,Elanus axillaris,Black-shouldered Kite,618643755,https://inaturalist-open-data.s3.amazonaws.com/photos/618643755/medium.jpg,cc-by-nc,2026-02-24,-32.6959474703,151.5486794338,research,3,iNaturalist,C:\Projects\raptor_australia\dataset\raw\elanus_axillaris\elanus_axillaris_340006764_618643755.jpg,already_exists
339877309,elanus_axillaris,Elanus axillaris,Black-shouldered Kite,618379296,https://inaturalist-open-data.s3.amazonaws.com/photos/618379296/medium.jpg,cc-by-nc,2026-02-08,-27.5999687645,152.8961642959,research,2,iNaturalist,C:\Projects\raptor_australia\dataset\raw\elanus_axillaris\elanus_axillaris_339877309_618379296.jpg,already_exists
339801842,elanus_axillaris,Elanus axillaris,Black-shouldered Kite,618223821,https://inaturalist-open-data.s3.amazonaws.com/photos/618223821/medium.jpg,cc-by-nc,2026-02-23,-33.9521164,151.1626602,research,2,iNaturalist,C:\Projects\raptor_australia\dataset\raw\elanus_axillaris\elanus_axillaris_339801842_618223821.jpg,already_exists
339714676,elanus_axillaris,Elanus axillaris,Black-shouldered Kite,618046737,https://inaturalist-open-data.s3.amazonaws.com/photos/618046737/medium.jpg,cc-by-nc,2025-11-19,-27.9542787279,153.367492446,research,1,iNaturalist,C:\Projects\raptor_australia\dataset\raw\elanus_axillaris\elanus_axillaris_339714676_618046737.jpg,already_exists
339699798,elanus_axillaris,Elanus axillaris,Black-shouldered Kite,618016653,https://inaturalist-open-data.s3.amazonaws.com/photos/618016653/medium.jpg,cc-by-nc,2026-02-22,-33.7415299722,151.3150609722,research,2,iNaturalist,C:\Projects\raptor_australia\dataset\raw\elanus_axillaris\elanus_axillaris_339699798_618016653.jpg,already_exists
339673063,elanus_axillaris,Elanus axillaris,Black-shouldered Kite,617961884,https://inaturalist-open-data.s3.amazonaws.com/photos/617961884/medium.jpg,cc-by-nc,2024-03-15,-33.6905823248,137.9473600112,research,6,iNaturalist,C:\Projects\raptor_australia\dataset\raw\elanus_axillaris\elanus_axillaris_339673063_617961884.jpg,already_exists
339662883,elanus_axillaris,Elanus axillaris,Black-shouldered Kite,617942026,https://inaturalist-open-data.s3.amazonaws.com/photos/617942026/medium.jpg,cc-by-nc,2026-02-21,-37.8641937038,144.805262569,research,2,iNaturalist,C:\Projects\raptor_australia\dataset\raw\elanus_axillaris\elanus_axillaris_339662883_617942026.jpg,already_exists
339512328,elanus_axillaris,Elanus axillaris,Black-shouldered Kite,617632949,https://inaturalist-open-data.s3.amazonaws.com/photos/617632949/medium.jpg,cc-by-nc,2025-06-09,-26.8085365079,153.1241777864,research,2,iNaturalist,C:\Projects\raptor_australia\dataset\raw\elanus_axillaris\elanus_axillaris_339512328_617632949.jpg,already_exists
339495501,elanus_axillaris,Elanus axillaris,Black-shouldered Kite,617602370,https://inaturalist-open-data.s3.amazonaws.com/photos/617602370/medium.jpg,cc-by-nc,2023-12-04,-33.8337683,151.0659543,research,3,iNaturalist,C:\Projects\raptor_australia\dataset\raw\elanus_axillaris\elanus_axillaris_339495501_617602370.jpg,already_exists
339372097,elanus_axillaris,Elanus axillaris,Black-shouldered Kite,617353142,https://inaturalist-open-data.s3.amazonaws.com/photos/617353142/medium.jpg,cc-by-nc,2026-02-20,-31.8213533333,152.6375283333,research,2,iNaturalist,C:\Projects\raptor_australia\dataset\raw\elanus_axillaris\elanus_axillaris_339372097_617353142.jpg,already_exists
339316216,elanus_axillaris,Elanus axillaris,Black-shouldered Kite,617239376,https://inaturalist-open-data.s3.amazonaws.com/photos/617239376/medium.jpg,cc-by-nc,2026-02-10,-32.8852322217,117.1530022217,research,2,iNaturalist,C:\Projects\raptor_australia\dataset\raw\elanus_axillaris\elanus_axillaris_339316216_617239376.jpg,already_exists
339280193,elanus_axillaris,Elanus axillaris,Black-shouldered Kite,617168338,https://inaturalist-open-data.s3.amazonaws.com/photos/617168338/medium.jpg,cc-by-nc,2026-02-16,-35.6046576997,138.0959833997,research,2,iNaturalist,C:\Projects\raptor_australia\dataset\raw\elanus_axillaris\elanus_axillaris_339280193_617168338.jpg,already_exists
339152128,elanus_axillaris,Elanus axillaris,Black-shouldered Kite,616896458,https://inaturalist-open-data.s3.amazonaws.com/photos/616896458/medium.jpg,cc-by-nc,2022-07-09,-35.8223722222,146.8905583333,research,2,iNaturalist,C:\Projects\raptor_australia\dataset\raw\elanus_axillaris\elanus_axillaris_339152128_616896458.jpg,already_exists
339147798,elanus_axillaris,Elanus axillaris,Black-shouldered Kite,616893296,https://inaturalist-open-data.s3.amazonaws.com/photos/616893296/medium.jpg,cc-by-nc,2022-07-06,-35.9264222222,146.8570083333,research,2,iNaturalist,C:\Projects\raptor_australia\dataset\raw\elanus_axillaris\elanus_axillaris_339147798_616893296.jpg,already_exists
339020838,elanus_axillaris,Elanus axillaris,Black-shouldered Kite,616629744,https://inaturalist-open-data.s3.amazonaws.com/photos/616629744/medium.jpg,cc-by-nc,2022-06-20,-35.5901110491,147.1931398156,research,2,iNaturalist,C:\Projects\raptor_australia\dataset\raw\elanus_axillaris\elanus_axillaris_339020838_616629744.jpg,already_exists
339019747,elanus_axillaris,Elanus axillaris,Black-shouldered Kite,616630022,https://inaturalist-open-data.s3.amazonaws.com/photos/616630022/medium.jpg,cc-by-nc,2026-02-14,-38.1176351437,144.6340706572,research,2,iNaturalist,C:\Projects\raptor_australia\dataset\raw\elanus_axillaris\elanus_axillaris_339019747_616630022.jpg,already_exists
338999165,elanus_axillaris,Elanus axillaris,Black-shouldered Kite,616587837,https://inaturalist-open-data.s3.amazonaws.com/photos/616587837/medium.jpg,cc-by-nc,2026-02-17,-38.2301046,144.334997,research,2,iNaturalist,C:\Projects\raptor_australia\dataset\raw\elanus_axillaris\elanus_axillaris_338999165_616587837.jpg,already_exists
338969950,elanus_axillaris,Elanus axillaris,Black-shouldered Kite,616525687,https://inaturalist-open-data.s3.amazonaws.com/photos/616525687/medium.jpg,cc-by,2026-02-16,-27.698900996,153.1950825262,research,2,iNaturalist,C:\Projects\raptor_australia\dataset\raw\elanus_axillaris\elanus_axillaris_338969950_616525687.jpg,already_exists
338945142,elanus_axillaris,Elanus axillaris,Black-shouldered Kite,616481446,https://inaturalist-open-data.s3.amazonaws.com/photos/616481446/medium.jpg,cc-by-nc,2026-02-16,-31.7844298137,152.6842596942,research,2,iNaturalist,C:\Projects\raptor_australia\dataset\raw\elanus_axillaris\elanus_axillaris_338945142_616481446.jpg,already_exists
338865743,elanus_axillaris,Elanus axillaris,Black-shouldered Kite,616331600,https://inaturalist-open-data.s3.amazonaws.com/photos/616331600/medium.jpg,cc-by-nc-sa,2026-02-14,-38.1179379267,144.6333565067,research,3,iNaturalist,C:\Projects\raptor_australia\dataset\raw\elanus_axillaris\elanus_axillaris_338865743_616331600.jpg,already_exists
338864886,elanus_axillaris,Elanus axillaris,Black-shouldered Kite,616329542,https://inaturalist-open-data.s3.amazonaws.com/photos/616329542/medium.jpg,cc-by-nc,2026-02-16,-23.68383461,134.2173969635,research,2,iNaturalist,C:\Projects\raptor_australia\dataset\raw\elanus_axillaris\elanus_axillaris_338864886_616329542.jpg,already_exists
338842437,elanus_axillaris,Elanus axillaris,Black-shouldered Kite,616286241,https://inaturalist-open-data.s3.amazonaws.com/photos/616286241/medium.jpg,cc-by-nc,2026-02-15,-38.2182331,144.3260547,research,3,iNaturalist,C:\Projects\raptor_australia\dataset\raw\elanus_axillaris\elanus_axillaris_338842437_616286241.jpg,already_exists
338840485,elanus_axillaris,Elanus axillaris,Black-shouldered Kite,616283083,https://inaturalist-open-data.s3.amazonaws.com/photos/616283083/medium.jpg,cc-by-nc,2026-02-15,-38.2182331,144.3260547,research,2,iNaturalist,C:\Projects\raptor_australia\dataset\raw\elanus_axillaris\elanus_axillaris_338840485_616283083.jpg,already_exists
338824014,elanus_axillaris,Elanus axillaris,Black-shouldered Kite,616247703,https://inaturalist-open-data.s3.amazonaws.com/photos/616247703/medium.jpg,cc-by-nc,2026-02-15,-38.2182331,144.3260547,research,3,iNaturalist,C:\Projects\raptor_australia\dataset\raw\elanus_axillaris\elanus_axillaris_338824014_616247703.jpg,already_exists
338811098,elanus_axillaris,Elanus axillaris,Black-shouldered Kite,616220099,https://inaturalist-open-data.s3.amazonaws.com/photos/616220099/medium.jpg,cc-by-nc,2026-02-15,-38.3373876084,144.3132086136,research,2,iNaturalist,C:\Projects\raptor_australia\dataset\raw\elanus_axillaris\elanus_axillaris_338811098_616220099.jpg,already_exists
338807459,elanus_axillaris,Elanus axillaris,Black-shouldered Kite,616210823,https://inaturalist-open-data.s3.amazonaws.com/photos/616210823/medium.jpg,cc-by-nc,2023-06-26,-12.6593364686,132.505291193,research,2,iNaturalist,C:\Projects\raptor_australia\dataset\raw\elanus_axillaris\elanus_axillaris_338807459_616210823.jpg,already_exists
338693971,elanus_axillaris,Elanus axillaris,Black-shouldered Kite,615988863,https://inaturalist-open-data.s3.amazonaws.com/photos/615988863/medium.jpg,cc-by-nc,2026-02-15,-38.0413815207,144.5220712018,research,1,iNaturalist,C:\Projects\raptor_australia\dataset\raw\elanus_axillaris\elanus_axillaris_338693971_615988863.jpg,already_exists
338685320,elanus_axillaris,Elanus axillaris,Black-shouldered Kite,615971776,https://inaturalist-open-data.s3.amazonaws.com/photos/615971776/medium.jpg,cc-by-nc,2026-02-14,-37.9918293924,144.5828279444,research,2,iNaturalist,C:\Projects\raptor_australia\dataset\raw\elanus_axillaris\elanus_axillaris_338685320_615971776.jpg,already_exists
338675103,elanus_axillaris,Elanus axillaris,Black-shouldered Kite,615950883,https://inaturalist-open-data.s3.amazonaws.com/photos/615950883/medium.jpg,cc-by-nc,2026-02-10,-27.7734216667,153.3085466667,research,2,iNaturalist,C:\Projects\raptor_australia\dataset\raw\elanus_axillaris\elanus_axillaris_338675103_615950883.jpg,already_exists
338673340,elanus_axillaris,Elanus axillaris,Black-shouldered Kite,615946649,https://inaturalist-open-data.s3.amazonaws.com/photos/615946649/medium.jpg,cc-by-nc,2026-02-15,-33.7104501,150.3756383,research,2,iNaturalist,C:\Projects\raptor_australia\dataset\raw\elanus_axillaris\elanus_axillaris_338673340_615946649.jpg,already_exists
338656689,elanus_axillaris,Elanus axillaris,Black-shouldered Kite,615912287,https://inaturalist-open-data.s3.amazonaws.com/photos/615912287/medium.jpg,cc-by-nc,2026-02-14,-34.046015309,150.6903843776,research,2,iNaturalist,C:\Projects\raptor_australia\dataset\raw\elanus_axillaris\elanus_axillaris_338656689_615912287.jpg,already_exists
338652981,elanus_axillaris,Elanus axillaris,Black-shouldered Kite,615904297,https://inaturalist-open-data.s3.amazonaws.com/photos/615904297/medium.jpg,cc-by-nc,2026-02-14,-34.0512938243,150.6883429451,research,2,iNaturalist,C:\Projects\raptor_australia\dataset\raw\elanus_axillaris\elanus_axillaris_338652981_615904297.jpg,already_exists
338537154,elanus_axillaris,Elanus axillaris,Black-shouldered Kite,615683541,https://inaturalist-open-data.s3.amazonaws.com/photos/615683541/medium.jpg,cc-by-nc,2026-02-14,-35.3142616667,149.1623695,research,2,iNaturalist,C:\Projects\raptor_australia\dataset\raw\elanus_axillaris\elanus_axillaris_338537154_615683541.jpg,already_exists
338532811,elanus_axillaris,Elanus axillaris,Black-shouldered Kite,615674692,https://inaturalist-open-data.s3.amazonaws.com/photos/615674692/medium.jpg,cc-by-nc,2026-02-14,-34.2590450858,150.9442899004,research,2,iNaturalist,C:\Projects\raptor_australia\dataset\raw\elanus_axillaris\elanus_axillaris_338532811_615674692.jpg,already_exists
338524436,elanus_axillaris,Elanus axillaris,Black-shouldered Kite,615679980,https://inaturalist-open-data.s3.amazonaws.com/photos/615679980/medium.jpg,cc-by-nc,2026-02-14,-35.3669356277,150.4912072428,research,2,iNaturalist,C:\Projects\raptor_australia\dataset\raw\elanus_axillaris\elanus_axillaris_338524436_615679980.jpg,already_exists
338509773,elanus_axillaris,Elanus axillaris,Black-shouldered Kite,615625304,https://inaturalist-open-data.s3.amazonaws.com/photos/615625304/medium.jpg,cc-by-nc,2026-02-14,-30.6490383333,153.0169528333,research,1,iNaturalist,C:\Projects\raptor_australia\dataset\raw\elanus_axillaris\elanus_axillaris_338509773_615625304.jpg,already_exists
338311233,elanus_axillaris,Elanus axillaris,Black-shouldered Kite,615208973,https://inaturalist-open-data.s3.amazonaws.com/photos/615208973/medium.jpg,cc-by-nc,2026-02-12,-38.13076,145.1647908333,research,2,iNaturalist,C:\Projects\raptor_australia\dataset\raw\elanus_axillaris\elanus_axillaris_338311233_615208973.jpg,already_exists
338292530,elanus_axillaris,Elanus axillaris,Black-shouldered Kite,615171589,https://inaturalist-open-data.s3.amazonaws.com/photos/615171589/medium.jpg,cc-by-nc,2026-02-11,-38.3304654407,143.5972522354,research,1,iNaturalist,C:\Projects\raptor_australia\dataset\raw\elanus_axillaris\elanus_axillaris_338292530_615171589.jpg,already_exists
338288724,elanus_axillaris,Elanus axillaris,Black-shouldered Kite,615162845,https://inaturalist-open-data.s3.amazonaws.com/photos/615162845/medium.jpg,cc-by-nc,2026-02-12,-38.0082472785,145.1301951077,research,2,iNaturalist,C:\Projects\raptor_australia\dataset\raw\elanus_axillaris\elanus_axillaris_338288724_615162845.jpg,already_exists
338275978,elanus_axillaris,Elanus axillaris,Black-shouldered Kite,615136003,https://inaturalist-open-data.s3.amazonaws.com/photos/615136003/medium.jpg,cc-by-nc,2026-02-12,-31.4381740257,152.7811408173,research,2,iNaturalist,C:\Projects\raptor_australia\dataset\raw\elanus_axillaris\elanus_axillaris_338275978_615136003.jpg,already_exists
338187661,elanus_axillaris,Elanus axillaris,Black-shouldered Kite,614955154,https://inaturalist-open-data.s3.amazonaws.com/photos/614955154/medium.jpg,cc-by-nc,2026-02-11,-33.161107768,151.6272215836,research,2,iNaturalist,C:\Projects\raptor_australia\dataset\raw\elanus_axillaris\elanus_axillaris_338187661_614955154.jpg,already_exists
338164899,elanus_axillaris,Elanus axillaris,Black-shouldered Kite,614909844,https://inaturalist-open-data.s3.amazonaws.com/photos/614909844/medium.jpg,cc-by-nc,2023-06-19,-20.6409461432,134.2229752642,research,4,iNaturalist,C:\Projects\raptor_australia\dataset\raw\elanus_axillaris\elanus_axillaris_338164899_614909844.jpg,already_exists
338115351,elanus_axillaris,Elanus axillaris,Black-shouldered Kite,614807294,https://inaturalist-open-data.s3.amazonaws.com/photos/614807294/medium.jpg,cc-by-nc,2026-02-10,-38.2902308484,144.3587233406,research,2,iNaturalist,C:\Projects\raptor_australia\dataset\raw\elanus_axillaris\elanus_axillaris_338115351_614807294.jpg,already_exists
338060221,elanus_axillaris,Elanus axillaris,Black-shouldered Kite,614696328,https://inaturalist-open-data.s3.amazonaws.com/photos/614696328/medium.jpg,cc-by-nc,2026-02-07,-12.610826,131.296814,research,3,iNaturalist,C:\Projects\raptor_australia\dataset\raw\elanus_axillaris\elanus_axillaris_338060221_614696328.jpg,already_exists
338056238,elanus_axillaris,Elanus axillaris,Black-shouldered Kite,614689300,https://inaturalist-open-data.s3.amazonaws.com/photos/614689300/medium.jpg,cc-by-nc,2026-02-10,-34.0897707463,150.6879709661,research,1,iNaturalist,C:\Projects\raptor_australia\dataset\raw\elanus_axillaris\elanus_axillaris_338056238_614689300.jpg,already_exists
338034444,elanus_axillaris,Elanus axillaris,Black-shouldered Kite,614641860,https://inaturalist-open-data.s3.amazonaws.com/photos/614641860/medium.jpg,cc-by-nc,2026-02-10,-31.4216231235,152.8463402244,research,1,iNaturalist,C:\Projects\raptor_australia\dataset\raw\elanus_axillaris\elanus_axillaris_338034444_614641860.jpg,already_exists
338017416,elanus_axillaris,Elanus axillaris,Black-shouldered Kite,614606828,https://inaturalist-open-data.s3.amazonaws.com/photos/614606828/medium.jpg,cc-by-nc,2018-08-25,-35.3180107237,149.1615216661,research,2,iNaturalist,C:\Projects\raptor_australia\dataset\raw\elanus_axillaris\elanus_axillaris_338017416_614606828.jpg,already_exists
338000397,elanus_axillaris,Elanus axillaris,Black-shouldered Kite,614571851,https://static.inaturalist.org/photos/614571851/medium.jpg,,2026-02-03,-27.4789113,152.5517058,research,4,iNaturalist,C:\Projects\raptor_australia\dataset\raw\elanus_axillaris\elanus_axillaris_338000397_614571851.jpg,already_exists
337946188,elanus_axillaris,Elanus axillaris,Black-shouldered Kite,614463183,https://inaturalist-open-data.s3.amazonaws.com/photos/614463183/medium.jpg,cc-by-nc,2026-02-09,-32.0247165397,115.7529379046,research,3,iNaturalist,C:\Projects\raptor_australia\dataset\raw\elanus_axillaris\elanus_axillaris_337946188_614463183.jpg,already_exists
337933318,elanus_axillaris,Elanus axillaris,Black-shouldered Kite,614436184,https://inaturalist-open-data.s3.amazonaws.com/photos/614436184/medium.jpg,cc-by-nc,2026-02-09,-35.070995194,138.4998735142,research,2,iNaturalist,C:\Projects\raptor_australia\dataset\raw\elanus_axillaris\elanus_axillaris_337933318_614436184.jpg,already_exists
337931141,elanus_axillaris,Elanus axillaris,Black-shouldered Kite,614432062,https://inaturalist-open-data.s3.amazonaws.com/photos/614432062/medium.jpg,cc-by-nc,2026-01-09,-17.066286834,145.7816153489,research,2,iNaturalist,C:\Projects\raptor_australia\dataset\raw\elanus_axillaris\elanus_axillaris_337931141_614432062.jpg,already_exists
337867784,elanus_axillaris,Elanus axillaris,Black-shouldered Kite,614299738,https://static.inaturalist.org/photos/614299738/medium.jpg,,2026-02-07,-37.9957021635,144.5452247427,research,4,iNaturalist,C:\Projects\raptor_australia\dataset\raw\elanus_axillaris\elanus_axillaris_337867784_614299738.jpg,already_exists
337791645,elanus_axillaris,Elanus axillaris,Black-shouldered Kite,614145388,https://inaturalist-open-data.s3.amazonaws.com/photos/614145388/medium.jpg,cc-by-nc,2026-02-08,-27.2652704777,152.8584019106,research,3,iNaturalist,C:\Projects\raptor_australia\dataset\raw\elanus_axillaris\elanus_axillaris_337791645_614145388.jpg,already_exists
337785175,elanus_axillaris,Elanus axillaris,Black-shouldered Kite,614132614,https://static.inaturalist.org/photos/614132614/medium.jpg,,2026-01-20,-33.6875833333,151.3086866667,research,1,iNaturalist,C:\Projects\raptor_australia\dataset\raw\elanus_axillaris\elanus_axillaris_337785175_614132614.jpg,already_exists
337746504,elanus_axillaris,Elanus axillaris,Black-shouldered Kite,614050694,https://inaturalist-open-data.s3.amazonaws.com/photos/614050694/medium.jpg,cc-by-nc,2026-02-06,-33.9546288514,151.2591604748,research,2,iNaturalist,C:\Projects\raptor_australia\dataset\raw\elanus_axillaris\elanus_axillaris_337746504_614050694.jpg,already_exists
337616746,elanus_axillaris,Elanus axillaris,Black-shouldered Kite,613788236,https://inaturalist-open-data.s3.amazonaws.com/photos/613788236/medium.jpg,cc-by-nc,2026-02-07,-34.072153177,150.6754460558,research,2,iNaturalist,C:\Projects\raptor_australia\dataset\raw\elanus_axillaris\elanus_axillaris_337616746_613788236.jpg,already_exists
337602551,elanus_axillaris,Elanus axillaris,Black-shouldered Kite,613757876,https://static.inaturalist.org/photos/613757876/medium.jpg,,2026-02-07,-33.5206111111,150.0955055556,research,2,iNaturalist,C:\Projects\raptor_australia\dataset\raw\elanus_axillaris\elanus_axillaris_337602551_613757876.jpg,already_exists
337495663,elanus_axillaris,Elanus axillaris,Black-shouldered Kite,613539866,https://inaturalist-open-data.s3.amazonaws.com/photos/613539866/medium.jpg,cc-by-nc,2026-02-06,-27.1816166667,152.8265216667,research,1,iNaturalist,C:\Projects\raptor_australia\dataset\raw\elanus_axillaris\elanus_axillaris_337495663_613539866.jpg,already_exists
337442284,elanus_axillaris,Elanus axillaris,Black-shouldered Kite,613422989,https://inaturalist-open-data.s3.amazonaws.com/photos/613422989/medium.jpg,cc-by-nc,2018-06-21,-16.5295777,145.1364937,research,2,iNaturalist,C:\Projects\raptor_australia\dataset\raw\elanus_axillaris\elanus_axillaris_337442284_613422989.jpg,already_exists
337422817,elanus_axillaris,Elanus axillaris,Black-shouldered Kite,613391705,https://inaturalist-open-data.s3.amazonaws.com/photos/613391705/medium.jpg,cc-by-nc,2026-01-31,-27.4078170993,152.2200332788,research,3,iNaturalist,C:\Projects\raptor_australia\dataset\raw\elanus_axillaris\elanus_axillaris_337422817_613391705.jpg,already_exists
337388133,elanus_axillaris,Elanus axillaris,Black-shouldered Kite,613316764,https://inaturalist-open-data.s3.amazonaws.com/photos/613316764/medium.jpg,cc-by-nc,2026-02-01,-32.8435342561,151.7026929653,research,5,iNaturalist,C:\Projects\raptor_australia\dataset\raw\elanus_axillaris\elanus_axillaris_337388133_613316764.jpg,already_exists
337365999,elanus_axillaris,Elanus axillaris,Black-shouldered Kite,613269718,https://inaturalist-open-data.s3.amazonaws.com/photos/613269718/medium.jpg,cc-by-nc,2026-02-04,-27.0964734289,153.0913564261,research,2,iNaturalist,C:\Projects\raptor_australia\dataset\raw\elanus_axillaris\elanus_axillaris_337365999_613269718.jpg,already_exists
337360328,elanus_axillaris,Elanus axillaris,Black-shouldered Kite,613258979,https://inaturalist-open-data.s3.amazonaws.com/photos/613258979/medium.jpg,cc-by-nc,2026-02-04,-33.9544944763,151.2587890625,research,3,iNaturalist,C:\Projects\raptor_australia\dataset\raw\elanus_axillaris\elanus_axillaris_337360328_613258979.jpg,already_exists
337307591,elanus_axillaris,Elanus axillaris,Black-shouldered Kite,613150070,https://inaturalist-open-data.s3.amazonaws.com/photos/613150070/medium.jpg,cc-by-nc,2026-02-04,-38.3446613666,144.3122328852,research,2,iNaturalist,C:\Projects\raptor_australia\dataset\raw\elanus_axillaris\elanus_axillaris_337307591_613150070.jpg,already_exists
337296648,elanus_axillaris,Elanus axillaris,Black-shouldered Kite,613126913,https://inaturalist-open-data.s3.amazonaws.com/photos/613126913/medium.jpg,cc-by-nc,2026-02-04,-27.1970919,152.8226676,research,2,iNaturalist,C:\Projects\raptor_australia\dataset\raw\elanus_axillaris\elanus_axillaris_337296648_613126913.jpg,already_exists
337260635,elanus_axillaris,Elanus axillaris,Black-shouldered Kite,613053120,https://inaturalist-open-data.s3.amazonaws.com/photos/613053120/medium.jpg,cc-by-nc,2023-10-06,-32.9295117333,151.7889322107,research,2,iNaturalist,C:\Projects\raptor_australia\dataset\raw\elanus_axillaris\elanus_axillaris_337260635_613053120.jpg,already_exists
337257705,elanus_axillaris,Elanus axillaris,Black-shouldered Kite,613046684,https://inaturalist-open-data.s3.amazonaws.com/photos/613046684/medium.jpg,cc-by-nc,2025-03-14,-38.2269232868,144.6534244545,research,2,iNaturalist,C:\Projects\raptor_australia\dataset\raw\elanus_axillaris\elanus_axillaris_337257705_613046684.jpg,already_exists
337256966,elanus_axillaris,Elanus axillaris,Black-shouldered Kite,613044458,https://inaturalist-open-data.s3.amazonaws.com/photos/613044458/medium.jpg,cc-by-nc,2025-03-13,-38.2662497,144.665377,research,3,iNaturalist,C:\Projects\raptor_australia\dataset\raw\elanus_axillaris\elanus_axillaris_337256966_613044458.jpg,already_exists
337247784,elanus_axillaris,Elanus axillaris,Black-shouldered Kite,613027260,https://static.inaturalist.org/photos/613027260/medium.jpg,,2026-02-04,-33.587842,150.7492250997,research,2,iNaturalist,C:\Projects\raptor_australia\dataset\raw\elanus_axillaris\elanus_axillaris_337247784_613027260.jpg,already_exists
337200671,elanus_axillaris,Elanus axillaris,Black-shouldered Kite,612932478,https://inaturalist-open-data.s3.amazonaws.com/photos/612932478/medium.jpg,cc-by-nc,2026-02-03,-27.311676696,152.8361604928,research,2,iNaturalist,C:\Projects\raptor_australia\dataset\raw\elanus_axillaris\elanus_axillaris_337200671_612932478.jpg,already_exists
337191692,elanus_axillaris,Elanus axillaris,Black-shouldered Kite,612915110,https://inaturalist-open-data.s3.amazonaws.com/photos/612915110/medium.jpg,cc-by-nc,2025-10-22,-25.3183616667,152.561245,research,2,iNaturalist,C:\Projects\raptor_australia\dataset\raw\elanus_axillaris\elanus_axillaris_337191692_612915110.jpg,already_exists
337187470,elanus_axillaris,Elanus axillaris,Black-shouldered Kite,612905495,https://static.inaturalist.org/photos/612905495/medium.jpg,,2026-02-01,-32.8396960339,151.7168169524,research,5,iNaturalist,C:\Projects\raptor_australia\dataset\raw\elanus_axillaris\elanus_axillaris_337187470_612905495.jpg,already_exists
337181290,elanus_axillaris,Elanus axillaris,Black-shouldered Kite,612891590,https://inaturalist-open-data.s3.amazonaws.com/photos/612891590/medium.jpg,cc-by-nc,2026-02-02,-35.3145759,149.1622521,research,2,iNaturalist,C:\Projects\raptor_australia\dataset\raw\elanus_axillaris\elanus_axillaris_337181290_612891590.jpg,already_exists
337121718,elanus_axillaris,Elanus axillaris,Black-shouldered Kite,612771890,https://inaturalist-open-data.s3.amazonaws.com/photos/612771890/medium.jpg,cc-by-nc,2026-01-30,-38.043467693,144.5140903981,research,3,iNaturalist,C:\Projects\raptor_australia\dataset\raw\elanus_axillaris\elanus_axillaris_337121718_612771890.jpg,already_exists
