obs_id,species_key,scientific_name,common_name,photo_id,url,license,date_observed,latitude,longitude,quality_grade,num_agreements,source,local_path,status
353176152,hieraaetus_morphnoides,Hieraaetus morphnoides,Little Eagle,644458945,https://inaturalist-open-data.s3.amazonaws.com/photos/644458945/medium.jpg,cc-by-nc,2026-04-25,-37.9554333333,144.3989116667,research,1,iNaturalist,C:\Projects\raptor_australia\dataset\raw\hieraaetus_morphnoides\hieraaetus_morphnoides_353176152_644458945.jpg,already_exists
353097984,hieraaetus_morphnoides,Hieraaetus morphnoides,Little Eagle,644314872,https://inaturalist-open-data.s3.amazonaws.com/photos/644314872/medium.jpg,cc-by-nc,2026-04-24,-35.0994522459,139.1473873771,research,2,iNaturalist,C:\Projects\raptor_australia\dataset\raw\hieraaetus_morphnoides\hieraaetus_morphnoides_353097984_644314872.jpg,already_exists
352482165,hieraaetus_morphnoides,Hieraaetus morphnoides,Little Eagle,643342495,https://inaturalist-open-data.s3.amazonaws.com/photos/643342495/medium.jpg,cc-by-nc,2026-04-24,-37.0479887946,143.7217407924,research,3,iNaturalist,C:\Projects\raptor_australia\dataset\raw\hieraaetus_morphnoides\hieraaetus_morphnoides_352482165_643342495.jpg,already_exists
351939558,hieraaetus_morphnoides,Hieraaetus morphnoides,Little Eagle,642313068,https://inaturalist-open-data.s3.amazonaws.com/photos/642313068/medium.jpg,cc-by-nc-nd,2025-05-06,-38.3074361788,144.3716128799,research,2,iNaturalist,C:\Projects\raptor_australia\dataset\raw\hieraaetus_morphnoides\hieraaetus_morphnoides_351939558_642313068.jpg,already_exists
351917266,hieraaetus_morphnoides,Hieraaetus morphnoides,Little Eagle,642272093,https://inaturalist-open-data.s3.amazonaws.com/photos/642272093/medium.jpg,cc-by-nc,2024-05-20,-35.2986547942,149.158242087,research,2,iNaturalist,C:\Projects\raptor_australia\dataset\raw\hieraaetus_morphnoides\hieraaetus_morphnoides_351917266_642272093.jpg,already_exists
351892984,hieraaetus_morphnoides,Hieraaetus morphnoides,Little Eagle,642224200,https://inaturalist-open-data.s3.amazonaws.com/photos/642224200/medium.jpg,cc-by-nc,2026-04-22,-37.6822914691,145.0352480426,research,1,iNaturalist,C:\Projects\raptor_australia\dataset\raw\hieraaetus_morphnoides\hieraaetus_morphnoides_351892984_642224200.jpg,already_exists
351670659,hieraaetus_morphnoides,Hieraaetus morphnoides,Little Eagle,641791194,https://inaturalist-open-data.s3.amazonaws.com/photos/641791194/medium.jpg,cc0,2026-04-21,-38.1912534285,144.5096706513,research,5,iNaturalist,C:\Projects\raptor_australia\dataset\raw\hieraaetus_morphnoides\hieraaetus_morphnoides_351670659_641791194.jpg,already_exists
350754413,hieraaetus_morphnoides,Hieraaetus morphnoides,Little Eagle,640021922,https://inaturalist-open-data.s3.amazonaws.com/photos/640021922/medium.jpg,cc-by-nc-sa,2026-04-17,-34.8321011176,138.5458334787,research,2,iNaturalist,C:\Projects\raptor_australia\dataset\raw\hieraaetus_morphnoides\hieraaetus_morphnoides_350754413_640021922.jpg,already_exists
350436960,hieraaetus_morphnoides,Hieraaetus morphnoides,Little Eagle,639400655,https://inaturalist-open-data.s3.amazonaws.com/photos/639400655/medium.jpg,cc-by-nc,2026-03-29,-31.6357334,115.7649914,research,1,iNaturalist,C:\Projects\raptor_australia\dataset\raw\hieraaetus_morphnoides\hieraaetus_morphnoides_350436960_639400655.jpg,already_exists
349939406,hieraaetus_morphnoides,Hieraaetus morphnoides,Little Eagle,638423131,https://inaturalist-open-data.s3.amazonaws.com/photos/638423131/medium.jpg,cc-by-nc,2026-04-08,-35.4412746817,142.8236601629,research,5,iNaturalist,C:\Projects\raptor_australia\dataset\raw\hieraaetus_morphnoides\hieraaetus_morphnoides_349939406_638423131.jpg,already_exists
349756700,hieraaetus_morphnoides,Hieraaetus morphnoides,Little Eagle,638068358,https://static.inaturalist.org/photos/638068358/medium.jpg,,2026-03-20,-38.0842333333,145.1431066667,research,2,iNaturalist,C:\Projects\raptor_australia\dataset\raw\hieraaetus_morphnoides\hieraaetus_morphnoides_349756700_638068358.jpg,already_exists
349721542,hieraaetus_morphnoides,Hieraaetus morphnoides,Little Eagle,638005108,https://inaturalist-open-data.s3.amazonaws.com/photos/638005108/medium.jpg,cc-by-nc,2026-04-13,-35.8885869571,150.0738946348,research,4,iNaturalist,C:\Projects\raptor_australia\dataset\raw\hieraaetus_morphnoides\hieraaetus_morphnoides_349721542_638005108.jpg,already_exists
349681725,hieraaetus_morphnoides,Hieraaetus morphnoides,Little Eagle,637923387,https://static.inaturalist.org/photos/637923387/medium.jpg,,2026-04-07,-33.5586164041,150.8192057687,research,3,iNaturalist,C:\Projects\raptor_australia\dataset\raw\hieraaetus_morphnoides\hieraaetus_morphnoides_349681725_637923387.jpg,already_exists
349495465,hieraaetus_morphnoides,Hieraaetus morphnoides,Little Eagle,637561620,https://inaturalist-open-data.s3.amazonaws.com/photos/637561620/medium.jpg,cc-by-nc-sa,2026-04-12,-38.09910605,144.06132807,research,3,iNaturalist,C:\Projects\raptor_australia\dataset\raw\hieraaetus_morphnoides\hieraaetus_morphnoides_349495465_637561620.jpg,already_exists
348920626,hieraaetus_morphnoides,Hieraaetus morphnoides,Little Eagle,636425100,https://inaturalist-open-data.s3.amazonaws.com/photos/636425100/medium.jpg,cc-by-nc,2025-06-01,-37.9973883367,144.5609458364,research,4,iNaturalist,C:\Projects\raptor_australia\dataset\raw\hieraaetus_morphnoides\hieraaetus_morphnoides_348920626_636425100.jpg,already_exists
348920625,hieraaetus_morphnoides,Hieraaetus morphnoides,Little Eagle,636425091,https://inaturalist-open-data.s3.amazonaws.com/photos/636425091/medium.jpg,cc-by-nc,2018-04-07,-35.2642647649,140.9100149668,research,4,iNaturalist,C:\Projects\raptor_australia\dataset\raw\hieraaetus_morphnoides\hieraaetus_morphnoides_348920625_636425091.jpg,already_exists
348452234,hieraaetus_morphnoides,Hieraaetus morphnoides,Little Eagle,635502986,https://inaturalist-open-data.s3.amazonaws.com/photos/635502986/medium.jpg,cc-by-nc,2025-06-14,-12.8214133741,131.3844656901,research,3,iNaturalist,C:\Projects\raptor_australia\dataset\raw\hieraaetus_morphnoides\hieraaetus_morphnoides_348452234_635502986.jpg,already_exists
348404449,hieraaetus_morphnoides,Hieraaetus morphnoides,Little Eagle,635405611,https://inaturalist-open-data.s3.amazonaws.com/photos/635405611/medium.jpg,cc-by-nc,2026-04-09,-33.1429248,148.2259527997,research,4,iNaturalist,C:\Projects\raptor_australia\dataset\raw\hieraaetus_morphnoides\hieraaetus_morphnoides_348404449_635405611.jpg,already_exists
347787939,hieraaetus_morphnoides,Hieraaetus morphnoides,Little Eagle,634187304,https://inaturalist-open-data.s3.amazonaws.com/photos/634187304/medium.jpg,cc-by-nc,2026-04-06,-37.0074676997,144.0743065,research,7,iNaturalist,C:\Projects\raptor_australia\dataset\raw\hieraaetus_morphnoides\hieraaetus_morphnoides_347787939_634187304.jpg,already_exists
347739099,hieraaetus_morphnoides,Hieraaetus morphnoides,Little Eagle,634089587,https://inaturalist-open-data.s3.amazonaws.com/photos/634089587/medium.jpg,cc-by-nc,2026-04-06,-31.8821353912,115.8909454346,research,5,iNaturalist,C:\Projects\raptor_australia\dataset\raw\hieraaetus_morphnoides\hieraaetus_morphnoides_347739099_634089587.jpg,already_exists
347159702,hieraaetus_morphnoides,Hieraaetus morphnoides,Little Eagle,632942605,https://inaturalist-open-data.s3.amazonaws.com/photos/632942605/medium.jpg,cc-by-nc,2026-04-03,-35.0324759058,117.9189607005,research,1,iNaturalist,C:\Projects\raptor_australia\dataset\raw\hieraaetus_morphnoides\hieraaetus_morphnoides_347159702_632942605.jpg,already_exists
346962904,hieraaetus_morphnoides,Hieraaetus morphnoides,Little Eagle,632545392,https://inaturalist-open-data.s3.amazonaws.com/photos/632545392/medium.jpg,cc-by-nc-nd,2026-04-02,-35.0552961656,147.2054287475,research,5,iNaturalist,C:\Projects\raptor_australia\dataset\raw\hieraaetus_morphnoides\hieraaetus_morphnoides_346962904_632545392.jpg,already_exists
346952110,hieraaetus_morphnoides,Hieraaetus morphnoides,Little Eagle,632524134,https://inaturalist-open-data.s3.amazonaws.com/photos/632524134/medium.jpg,cc-by-nc,2026-04-03,-37.7905716667,145.0986166667,research,4,iNaturalist,C:\Projects\raptor_australia\dataset\raw\hieraaetus_morphnoides\hieraaetus_morphnoides_346952110_632524134.jpg,already_exists
346748019,hieraaetus_morphnoides,Hieraaetus morphnoides,Little Eagle,632121018,https://inaturalist-open-data.s3.amazonaws.com/photos/632121018/medium.jpg,cc-by-nc,2026-04-02,-37.1443984327,142.5218005478,research,5,iNaturalist,C:\Projects\raptor_australia\dataset\raw\hieraaetus_morphnoides\hieraaetus_morphnoides_346748019_632121018.jpg,already_exists
346732599,hieraaetus_morphnoides,Hieraaetus morphnoides,Little Eagle,632088203,https://inaturalist-open-data.s3.amazonaws.com/photos/632088203/medium.jpg,cc-by-nc,2021-11-14,-28.9904054917,151.9493994485,research,4,iNaturalist,C:\Projects\raptor_australia\dataset\raw\hieraaetus_morphnoides\hieraaetus_morphnoides_346732599_632088203.jpg,already_exists
346551090,hieraaetus_morphnoides,Hieraaetus morphnoides,Little Eagle,631731164,https://inaturalist-open-data.s3.amazonaws.com/photos/631731164/medium.jpg,cc-by-nc,2026-04-01,-32.7132120839,151.5526281361,research,5,iNaturalist,C:\Projects\raptor_australia\dataset\raw\hieraaetus_morphnoides\hieraaetus_morphnoides_346551090_631731164.jpg,already_exists
346350559,hieraaetus_morphnoides,Hieraaetus morphnoides,Little Eagle,631335873,https://static.inaturalist.org/photos/631335873/medium.jpg,,2026-03-28,-23.628832,132.726126,research,4,iNaturalist,C:\Projects\raptor_australia\dataset\raw\hieraaetus_morphnoides\hieraaetus_morphnoides_346350559_631335873.jpg,already_exists
346266125,hieraaetus_morphnoides,Hieraaetus morphnoides,Little Eagle,631165167,https://inaturalist-open-data.s3.amazonaws.com/photos/631165167/medium.jpg,cc-by-nc,2000-02-10,-32.8604640748,151.4017507263,research,5,iNaturalist,C:\Projects\raptor_australia\dataset\raw\hieraaetus_morphnoides\hieraaetus_morphnoides_346266125_631165167.jpg,already_exists
346126019,hieraaetus_morphnoides,Hieraaetus morphnoides,Little Eagle,630887005,https://inaturalist-open-data.s3.amazonaws.com/photos/630887005/medium.jpg,cc-by-nc,2026-03-30,-32.049618318,115.8386883885,research,3,iNaturalist,C:\Projects\raptor_australia\dataset\raw\hieraaetus_morphnoides\hieraaetus_morphnoides_346126019_630887005.jpg,already_exists
346050249,hieraaetus_morphnoides,Hieraaetus morphnoides,Little Eagle,630735278,https://static.inaturalist.org/photos/630735278/medium.jpg,,2026-03-30,-36.0850800177,146.6912337765,research,4,iNaturalist,C:\Projects\raptor_australia\dataset\raw\hieraaetus_morphnoides\hieraaetus_morphnoides_346050249_630735278.jpg,already_exists
345848792,hieraaetus_morphnoides,Hieraaetus morphnoides,Little Eagle,630336637,https://inaturalist-open-data.s3.amazonaws.com/photos/630336637/medium.jpg,cc-by-nc,2026-03-28,-38.0908593582,144.3704195504,research,3,iNaturalist,C:\Projects\raptor_australia\dataset\raw\hieraaetus_morphnoides\hieraaetus_morphnoides_345848792_630336637.jpg,already_exists
345810422,hieraaetus_morphnoides,Hieraaetus morphnoides,Little Eagle,630263770,https://inaturalist-open-data.s3.amazonaws.com/photos/630263770/medium.jpg,cc-by-nc,2018-11-04,-35.3145693936,149.1631830648,research,3,iNaturalist,C:\Projects\raptor_australia\dataset\raw\hieraaetus_morphnoides\hieraaetus_morphnoides_345810422_630263770.jpg,already_exists
344880951,hieraaetus_morphnoides,Hieraaetus morphnoides,Little Eagle,628436579,https://inaturalist-open-data.s3.amazonaws.com/photos/628436579/medium.jpg,cc-by-nc,2026-03-22,-32.7132787445,151.5527903672,research,4,iNaturalist,C:\Projects\raptor_australia\dataset\raw\hieraaetus_morphnoides\hieraaetus_morphnoides_344880951_628436579.jpg,already_exists
344869871,hieraaetus_morphnoides,Hieraaetus morphnoides,Little Eagle,628414188,https://inaturalist-open-data.s3.amazonaws.com/photos/628414188/medium.jpg,cc-by-nc,2026-03-21,-31.885674615,116.0938632711,research,3,iNaturalist,C:\Projects\raptor_australia\dataset\raw\hieraaetus_morphnoides\hieraaetus_morphnoides_344869871_628414188.jpg,already_exists
344844622,hieraaetus_morphnoides,Hieraaetus morphnoides,Little Eagle,628368435,https://inaturalist-open-data.s3.amazonaws.com/photos/628368435/medium.jpg,cc-by-nc,2026-01-09,-37.6713623149,144.4291427359,research,4,iNaturalist,C:\Projects\raptor_australia\dataset\raw\hieraaetus_morphnoides\hieraaetus_morphnoides_344844622_628368435.jpg,already_exists
344641366,hieraaetus_morphnoides,Hieraaetus morphnoides,Little Eagle,627984277,https://inaturalist-open-data.s3.amazonaws.com/photos/627984277/medium.jpg,cc-by-nc,2026-03-23,-37.7870521673,144.9151103097,research,3,iNaturalist,C:\Projects\raptor_australia\dataset\raw\hieraaetus_morphnoides\hieraaetus_morphnoides_344641366_627984277.jpg,already_exists
344640687,hieraaetus_morphnoides,Hieraaetus morphnoides,Little Eagle,627983031,https://inaturalist-open-data.s3.amazonaws.com/photos/627983031/medium.jpg,cc-by-nc,2026-03-21,-36.4037121,141.24954955,research,3,iNaturalist,C:\Projects\raptor_australia\dataset\raw\hieraaetus_morphnoides\hieraaetus_morphnoides_344640687_627983031.jpg,already_exists
344376498,hieraaetus_morphnoides,Hieraaetus morphnoides,Little Eagle,627469580,https://inaturalist-open-data.s3.amazonaws.com/photos/627469580/medium.jpg,cc-by-nc,2026-03-22,-38.2182331,144.3260547,research,4,iNaturalist,C:\Projects\raptor_australia\dataset\raw\hieraaetus_morphnoides\hieraaetus_morphnoides_344376498_627469580.jpg,already_exists
344152896,hieraaetus_morphnoides,Hieraaetus morphnoides,Little Eagle,627032280,https://inaturalist-open-data.s3.amazonaws.com/photos/627032280/medium.jpg,cc-by-nc,2026-03-21,-34.8954837,149.5106081,research,4,iNaturalist,C:\Projects\raptor_australia\dataset\raw\hieraaetus_morphnoides\hieraaetus_morphnoides_344152896_627032280.jpg,already_exists
343913138,hieraaetus_morphnoides,Hieraaetus morphnoides,Little Eagle,626559513,https://inaturalist-open-data.s3.amazonaws.com/photos/626559513/medium.jpg,cc-by-nc-sa,2026-03-19,-34.8331108718,138.5535617764,research,6,iNaturalist,C:\Projects\raptor_australia\dataset\raw\hieraaetus_morphnoides\hieraaetus_morphnoides_343913138_626559513.jpg,already_exists
343571429,hieraaetus_morphnoides,Hieraaetus morphnoides,Little Eagle,625879086,https://inaturalist-open-data.s3.amazonaws.com/photos/625879086/medium.jpg,cc-by-nc,2026-03-18,-31.9047582288,116.2024877837,research,4,iNaturalist,C:\Projects\raptor_australia\dataset\raw\hieraaetus_morphnoides\hieraaetus_morphnoides_343571429_625879086.jpg,already_exists
343436887,hieraaetus_morphnoides,Hieraaetus morphnoides,Little Eagle,625606087,https://inaturalist-open-data.s3.amazonaws.com/photos/625606087/medium.jpg,cc-by-nc,2026-03-17,-34.788703842,149.6285425501,research,5,iNaturalist,C:\Projects\raptor_australia\dataset\raw\hieraaetus_morphnoides\hieraaetus_morphnoides_343436887_625606087.jpg,already_exists
343090958,hieraaetus_morphnoides,Hieraaetus morphnoides,Little Eagle,624896903,https://inaturalist-open-data.s3.amazonaws.com/photos/624896903/medium.jpg,cc-by-nc,2025-12-03,-38.0043392995,144.4077459299,research,2,iNaturalist,C:\Projects\raptor_australia\dataset\raw\hieraaetus_morphnoides\hieraaetus_morphnoides_343090958_624896903.jpg,already_exists
343075057,hieraaetus_morphnoides,Hieraaetus morphnoides,Little Eagle,624866604,https://inaturalist-open-data.s3.amazonaws.com/photos/624866604/medium.jpg,cc-by-nc,2026-03-15,-31.8703937359,115.9065990757,research,5,iNaturalist,C:\Projects\raptor_australia\dataset\raw\hieraaetus_morphnoides\hieraaetus_morphnoides_343075057_624866604.jpg,already_exists
342528673,hieraaetus_morphnoides,Hieraaetus morphnoides,Little Eagle,623781483,https://static.inaturalist.org/photos/623781483/medium.jpg,,2026-02-14,-37.1518927855,142.525989981,research,3,iNaturalist,C:\Projects\raptor_australia\dataset\raw\hieraaetus_morphnoides\hieraaetus_morphnoides_342528673_623781483.jpg,already_exists
342168282,hieraaetus_morphnoides,Hieraaetus morphnoides,Little Eagle,623048004,https://static.inaturalist.org/photos/623048004/medium.jpg,,2026-03-10,-36.2749371,148.7177153,research,3,iNaturalist,C:\Projects\raptor_australia\dataset\raw\hieraaetus_morphnoides\hieraaetus_morphnoides_342168282_623048004.jpg,already_exists
342166239,hieraaetus_morphnoides,Hieraaetus morphnoides,Little Eagle,623043616,https://inaturalist-open-data.s3.amazonaws.com/photos/623043616/medium.jpg,cc-by-nc,2026-03-10,-37.5722667,145.0677485997,research,3,iNaturalist,C:\Projects\raptor_australia\dataset\raw\hieraaetus_morphnoides\hieraaetus_morphnoides_342166239_623043616.jpg,already_exists
341827062,hieraaetus_morphnoides,Hieraaetus morphnoides,Little Eagle,622362815,https://inaturalist-open-data.s3.amazonaws.com/photos/622362815/medium.jpg,cc-by-nc,2026-03-08,-37.7944525984,144.5532646497,research,4,iNaturalist,C:\Projects\raptor_australia\dataset\raw\hieraaetus_morphnoides\hieraaetus_morphnoides_341827062_622362815.jpg,already_exists
341631447,hieraaetus_morphnoides,Hieraaetus morphnoides,Little Eagle,621968390,https://inaturalist-open-data.s3.amazonaws.com/photos/621968390/medium.jpg,cc-by-nc,2026-03-07,-36.5972703021,140.4909549281,research,3,iNaturalist,C:\Projects\raptor_australia\dataset\raw\hieraaetus_morphnoides\hieraaetus_morphnoides_341631447_621968390.jpg,already_exists
341610596,hieraaetus_morphnoides,Hieraaetus morphnoides,Little Eagle,621924528,https://static.inaturalist.org/photos/621924528/medium.jpg,,2026-02-28,-32.0758583333,115.8984833333,research,3,iNaturalist,C:\Projects\raptor_australia\dataset\raw\hieraaetus_morphnoides\hieraaetus_morphnoides_341610596_621924528.jpg,already_exists
341609720,hieraaetus_morphnoides,Hieraaetus morphnoides,Little Eagle,621921814,https://inaturalist-open-data.s3.amazonaws.com/photos/621921814/medium.jpg,cc-by-nc,2026-03-07,-37.9548454424,144.411028667,research,3,iNaturalist,C:\Projects\raptor_australia\dataset\raw\hieraaetus_morphnoides\hieraaetus_morphnoides_341609720_621921814.jpg,already_exists
341433586,hieraaetus_morphnoides,Hieraaetus morphnoides,Little Eagle,621562447,https://inaturalist-open-data.s3.amazonaws.com/photos/621562447/medium.jpg,cc-by-nc,2025-05-21,-36.1763083333,144.5923,research,2,iNaturalist,C:\Projects\raptor_australia\dataset\raw\hieraaetus_morphnoides\hieraaetus_morphnoides_341433586_621562447.jpg,already_exists
341351795,hieraaetus_morphnoides,Hieraaetus morphnoides,Little Eagle,621395693,https://inaturalist-open-data.s3.amazonaws.com/photos/621395693/medium.jpg,cc-by-nc,2026-03-05,-38.092,144.356,research,3,iNaturalist,C:\Projects\raptor_australia\dataset\raw\hieraaetus_morphnoides\hieraaetus_morphnoides_341351795_621395693.jpg,already_exists
341190596,hieraaetus_morphnoides,Hieraaetus morphnoides,Little Eagle,621061866,https://static.inaturalist.org/photos/621061866/medium.jpg,,2024-11-07,-32.0728601354,115.8421705663,research,2,iNaturalist,C:\Projects\raptor_australia\dataset\raw\hieraaetus_morphnoides\hieraaetus_morphnoides_341190596_621061866.jpg,already_exists
341157104,hieraaetus_morphnoides,Hieraaetus morphnoides,Little Eagle,620989884,https://inaturalist-open-data.s3.amazonaws.com/photos/620989884/medium.jpg,cc-by-nc-sa,2026-03-03,-38.0824957117,144.2784769333,research,4,iNaturalist,C:\Projects\raptor_australia\dataset\raw\hieraaetus_morphnoides\hieraaetus_morphnoides_341157104_620989884.jpg,already_exists
341079066,hieraaetus_morphnoides,Hieraaetus morphnoides,Little Eagle,620831627,https://inaturalist-open-data.s3.amazonaws.com/photos/620831627/medium.jpg,cc-by-nc,2026-03-03,-34.6176116667,139.4610283333,research,1,iNaturalist,C:\Projects\raptor_australia\dataset\raw\hieraaetus_morphnoides\hieraaetus_morphnoides_341079066_620831627.jpg,already_exists
341056310,hieraaetus_morphnoides,Hieraaetus morphnoides,Little Eagle,620783327,https://inaturalist-open-data.s3.amazonaws.com/photos/620783327/medium.jpg,cc-by,2026-03-02,-34.9963666667,116.6453033333,research,4,iNaturalist,C:\Projects\raptor_australia\dataset\raw\hieraaetus_morphnoides\hieraaetus_morphnoides_341056310_620783327.jpg,already_exists
340935336,hieraaetus_morphnoides,Hieraaetus morphnoides,Little Eagle,620525677,https://inaturalist-open-data.s3.amazonaws.com/photos/620525677/medium.jpg,cc-by-nc,2025-11-25,-26.0086717497,153.0500914135,research,4,iNaturalist,C:\Projects\raptor_australia\dataset\raw\hieraaetus_morphnoides\hieraaetus_morphnoides_340935336_620525677.jpg,already_exists
340759948,hieraaetus_morphnoides,Hieraaetus morphnoides,Little Eagle,620166715,https://inaturalist-open-data.s3.amazonaws.com/photos/620166715/medium.jpg,cc-by-nc,2026-02-28,-22.7451861111,131.0454833333,research,2,iNaturalist,C:\Projects\raptor_australia\dataset\raw\hieraaetus_morphnoides\hieraaetus_morphnoides_340759948_620166715.jpg,already_exists
340743755,hieraaetus_morphnoides,Hieraaetus morphnoides,Little Eagle,620138876,https://inaturalist-open-data.s3.amazonaws.com/photos/620138876/medium.jpg,cc-by-nc,2025-11-30,-36.9785292859,143.9608646092,research,3,iNaturalist,C:\Projects\raptor_australia\dataset\raw\hieraaetus_morphnoides\hieraaetus_morphnoides_340743755_620138876.jpg,already_exists
340743680,hieraaetus_morphnoides,Hieraaetus morphnoides,Little Eagle,620137810,https://inaturalist-open-data.s3.amazonaws.com/photos/620137810/medium.jpg,cc-by-nc,2026-03-01,-36.0634999557,147.0876090367,research,4,iNaturalist,C:\Projects\raptor_australia\dataset\raw\hieraaetus_morphnoides\hieraaetus_morphnoides_340743680_620137810.jpg,already_exists
340739662,hieraaetus_morphnoides,Hieraaetus morphnoides,Little Eagle,620134885,https://inaturalist-open-data.s3.amazonaws.com/photos/620134885/medium.jpg,cc-by-nc,2025-11-29,-36.1724351983,144.2358316378,research,2,iNaturalist,C:\Projects\raptor_australia\dataset\raw\hieraaetus_morphnoides\hieraaetus_morphnoides_340739662_620134885.jpg,already_exists
340675399,hieraaetus_morphnoides,Hieraaetus morphnoides,Little Eagle,620000183,https://inaturalist-open-data.s3.amazonaws.com/photos/620000183/medium.jpg,cc-by-nc,2021-02-17,-28.1719444,151.1344444,research,4,iNaturalist,C:\Projects\raptor_australia\dataset\raw\hieraaetus_morphnoides\hieraaetus_morphnoides_340675399_620000183.jpg,already_exists
340560225,hieraaetus_morphnoides,Hieraaetus morphnoides,Little Eagle,619774937,https://inaturalist-open-data.s3.amazonaws.com/photos/619774937/medium.jpg,cc-by-nc,2026-02-28,-33.5599833844,150.8193701705,research,3,iNaturalist,C:\Projects\raptor_australia\dataset\raw\hieraaetus_morphnoides\hieraaetus_morphnoides_340560225_619774937.jpg,already_exists
340558034,hieraaetus_morphnoides,Hieraaetus morphnoides,Little Eagle,619759673,https://inaturalist-open-data.s3.amazonaws.com/photos/619759673/medium.jpg,cc-by-nc,2026-02-28,-32.056740837,116.0307169166,research,4,iNaturalist,C:\Projects\raptor_australia\dataset\raw\hieraaetus_morphnoides\hieraaetus_morphnoides_340558034_619759673.jpg,already_exists
340529338,hieraaetus_morphnoides,Hieraaetus morphnoides,Little Eagle,619708351,https://inaturalist-open-data.s3.amazonaws.com/photos/619708351/medium.jpg,cc-by-nc,2026-02-27,-35.3180552724,149.1577684583,research,3,iNaturalist,C:\Projects\raptor_australia\dataset\raw\hieraaetus_morphnoides\hieraaetus_morphnoides_340529338_619708351.jpg,already_exists
340404286,hieraaetus_morphnoides,Hieraaetus morphnoides,Little Eagle,619458540,https://inaturalist-open-data.s3.amazonaws.com/photos/619458540/medium.jpg,cc-by-nc,2026-02-25,-34.8144205649,147.2663417977,research,3,iNaturalist,C:\Projects\raptor_australia\dataset\raw\hieraaetus_morphnoides\hieraaetus_morphnoides_340404286_619458540.jpg,already_exists
340269094,hieraaetus_morphnoides,Hieraaetus morphnoides,Little Eagle,619185337,https://inaturalist-open-data.s3.amazonaws.com/photos/619185337/medium.jpg,cc-by-nc,2026-02-25,-37.9308018172,145.0869932795,research,4,iNaturalist,C:\Projects\raptor_australia\dataset\raw\hieraaetus_morphnoides\hieraaetus_morphnoides_340269094_619185337.jpg,already_exists
340089274,hieraaetus_morphnoides,Hieraaetus morphnoides,Little Eagle,618812654,https://inaturalist-open-data.s3.amazonaws.com/photos/618812654/medium.jpg,cc-by-nc,2026-02-24,-36.6907766667,149.81305,research,3,iNaturalist,C:\Projects\raptor_australia\dataset\raw\hieraaetus_morphnoides\hieraaetus_morphnoides_340089274_618812654.jpg,already_exists
340000046,hieraaetus_morphnoides,Hieraaetus morphnoides,Little Eagle,618630651,https://inaturalist-open-data.s3.amazonaws.com/photos/618630651/medium.jpg,cc-by-nc,2026-02-24,-34.8117620445,138.6952872885,research,3,iNaturalist,C:\Projects\raptor_australia\dataset\raw\hieraaetus_morphnoides\hieraaetus_morphnoides_340000046_618630651.jpg,already_exists
339994832,hieraaetus_morphnoides,Hieraaetus morphnoides,Little Eagle,618620006,https://inaturalist-open-data.s3.amazonaws.com/photos/618620006/medium.jpg,cc-by-nc,2026-02-20,-28.99725,151.96099,research,4,iNaturalist,C:\Projects\raptor_australia\dataset\raw\hieraaetus_morphnoides\hieraaetus_morphnoides_339994832_618620006.jpg,already_exists
339992015,hieraaetus_morphnoides,Hieraaetus morphnoides,Little Eagle,618614793,https://inaturalist-open-data.s3.amazonaws.com/photos/618614793/medium.jpg,cc-by-nc,2026-02-24,-35.3211597,139.3971442,research,3,iNaturalist,C:\Projects\raptor_australia\dataset\raw\hieraaetus_morphnoides\hieraaetus_morphnoides_339992015_618614793.jpg,already_exists
339969066,hieraaetus_morphnoides,Hieraaetus morphnoides,Little Eagle,618567474,https://inaturalist-open-data.s3.amazonaws.com/photos/618567474/medium.jpg,cc-by-nc,2025-11-24,-34.319599199,139.5174900815,research,4,iNaturalist,C:\Projects\raptor_australia\dataset\raw\hieraaetus_morphnoides\hieraaetus_morphnoides_339969066_618567474.jpg,already_exists
339840867,hieraaetus_morphnoides,Hieraaetus morphnoides,Little Eagle,618287307,https://static.inaturalist.org/photos/618287307/medium.jpg,,2026-02-21,-37.9446733019,144.4108814346,research,5,iNaturalist,C:\Projects\raptor_australia\dataset\raw\hieraaetus_morphnoides\hieraaetus_morphnoides_339840867_618287307.jpg,already_exists
339805982,hieraaetus_morphnoides,Hieraaetus morphnoides,Little Eagle,618232770,https://inaturalist-open-data.s3.amazonaws.com/photos/618232770/medium.jpg,cc-by-nc,2026-02-23,-27.7339082591,153.1020733572,research,5,iNaturalist,C:\Projects\raptor_australia\dataset\raw\hieraaetus_morphnoides\hieraaetus_morphnoides_339805982_618232770.jpg,already_exists
339659583,hieraaetus_morphnoides,Hieraaetus morphnoides,Little Eagle,617935532,https://inaturalist-open-data.s3.amazonaws.com/photos/617935532/medium.jpg,cc-by-nc,1979-12-31,-33.5596528589,150.8088324296,research,4,iNaturalist,C:\Projects\raptor_australia\dataset\raw\hieraaetus_morphnoides\hieraaetus_morphnoides_339659583_617935532.jpg,already_exists
339526138,hieraaetus_morphnoides,Hieraaetus morphnoides,Little Eagle,617664318,https://inaturalist-open-data.s3.amazonaws.com/photos/617664318/medium.jpg,cc-by-nc,2025-11-29,-36.1704667182,144.2416258754,research,4,iNaturalist,C:\Projects\raptor_australia\dataset\raw\hieraaetus_morphnoides\hieraaetus_morphnoides_339526138_617664318.jpg,already_exists
339391250,hieraaetus_morphnoides,Hieraaetus morphnoides,Little Eagle,617394207,https://inaturalist-open-data.s3.amazonaws.com/photos/617394207/medium.jpg,cc-by,2026-02-20,-38.4386716667,145.0447388333,research,3,iNaturalist,C:\Projects\raptor_australia\dataset\raw\hieraaetus_morphnoides\hieraaetus_morphnoides_339391250_617394207.jpg,already_exists
339228174,hieraaetus_morphnoides,Hieraaetus morphnoides,Little Eagle,617053128,https://inaturalist-open-data.s3.amazonaws.com/photos/617053128/medium.jpg,cc-by-nc,2026-02-09,-37.0681758333,144.2325594444,research,4,iNaturalist,C:\Projects\raptor_australia\dataset\raw\hieraaetus_morphnoides\hieraaetus_morphnoides_339228174_617053128.jpg,already_exists
339118901,hieraaetus_morphnoides,Hieraaetus morphnoides,Little Eagle,616833382,https://inaturalist-open-data.s3.amazonaws.com/photos/616833382/medium.jpg,cc-by-nc,2026-02-18,-32.4852033333,137.7525033333,research,4,iNaturalist,C:\Projects\raptor_australia\dataset\raw\hieraaetus_morphnoides\hieraaetus_morphnoides_339118901_616833382.jpg,already_exists
338769791,hieraaetus_morphnoides,Hieraaetus morphnoides,Little Eagle,616137139,https://inaturalist-open-data.s3.amazonaws.com/photos/616137139/medium.jpg,cc-by-nc,2026-02-15,-33.4330916723,149.3860150019,research,2,iNaturalist,C:\Projects\raptor_australia\dataset\raw\hieraaetus_morphnoides\hieraaetus_morphnoides_338769791_616137139.jpg,already_exists
338534818,hieraaetus_morphnoides,Hieraaetus morphnoides,Little Eagle,615679200,https://inaturalist-open-data.s3.amazonaws.com/photos/615679200/medium.jpg,cc-by-nc,2026-02-14,-37.7862441843,144.9174191211,research,1,iNaturalist,C:\Projects\raptor_australia\dataset\raw\hieraaetus_morphnoides\hieraaetus_morphnoides_338534818_615679200.jpg,already_exists
338381280,hieraaetus_morphnoides,Hieraaetus morphnoides,Little Eagle,615355724,https://inaturalist-open-data.s3.amazonaws.com/photos/615355724/medium.jpg,cc-by-nc,2026-02-12,-32.7488045463,134.1841360636,research,6,iNaturalist,C:\Projects\raptor_australia\dataset\raw\hieraaetus_morphnoides\hieraaetus_morphnoides_338381280_615355724.jpg,already_exists
337925596,hieraaetus_morphnoides,Hieraaetus morphnoides,Little Eagle,614420664,https://inaturalist-open-data.s3.amazonaws.com/photos/614420664/medium.jpg,cc-by-nc,2026-02-09,-37.6784958389,144.8520180075,research,3,iNaturalist,C:\Projects\raptor_australia\dataset\raw\hieraaetus_morphnoides\hieraaetus_morphnoides_337925596_614420664.jpg,already_exists
337880450,hieraaetus_morphnoides,Hieraaetus morphnoides,Little Eagle,614325639,https://static.inaturalist.org/photos/614325639/medium.jpg,,2010-10-05,-27.9889532584,145.6065067712,research,5,iNaturalist,C:\Projects\raptor_australia\dataset\raw\hieraaetus_morphnoides\hieraaetus_morphnoides_337880450_614325639.jpg,already_exists
337617980,hieraaetus_morphnoides,Hieraaetus morphnoides,Little Eagle,613790966,https://static.inaturalist.org/photos/613790966/medium.jpg,,2026-02-07,-37.7304076362,144.8292549465,research,5,iNaturalist,C:\Projects\raptor_australia\dataset\raw\hieraaetus_morphnoides\hieraaetus_morphnoides_337617980_613790966.jpg,already_exists
337604643,hieraaetus_morphnoides,Hieraaetus morphnoides,Little Eagle,613763386,https://inaturalist-open-data.s3.amazonaws.com/photos/613763386/medium.jpg,cc-by-nc,2026-02-07,-37.0530655,146.0831871997,research,3,iNaturalist,C:\Projects\raptor_australia\dataset\raw\hieraaetus_morphnoides\hieraaetus_morphnoides_337604643_613763386.jpg,already_exists
337529672,hieraaetus_morphnoides,Hieraaetus morphnoides,Little Eagle,613606919,https://inaturalist-open-data.s3.amazonaws.com/photos/613606919/medium.jpg,cc-by-nc,2026-02-06,-31.7447150697,115.8183249654,research,2,iNaturalist,C:\Projects\raptor_australia\dataset\raw\hieraaetus_morphnoides\hieraaetus_morphnoides_337529672_613606919.jpg,already_exists
337524986,hieraaetus_morphnoides,Hieraaetus morphnoides,Little Eagle,613598021,https://inaturalist-open-data.s3.amazonaws.com/photos/613598021/medium.jpg,cc-by-nc,2026-02-05,-34.2897916667,116.0656888333,research,4,iNaturalist,C:\Projects\raptor_australia\dataset\raw\hieraaetus_morphnoides\hieraaetus_morphnoides_337524986_613598021.jpg,already_exists
337509919,hieraaetus_morphnoides,Hieraaetus morphnoides,Little Eagle,613568386,https://inaturalist-open-data.s3.amazonaws.com/photos/613568386/medium.jpg,cc-by-nc,2026-02-06,-33.7107101098,150.9811733881,research,3,iNaturalist,C:\Projects\raptor_australia\dataset\raw\hieraaetus_morphnoides\hieraaetus_morphnoides_337509919_613568386.jpg,already_exists
337406210,hieraaetus_morphnoides,Hieraaetus morphnoides,Little Eagle,613355610,https://inaturalist-open-data.s3.amazonaws.com/photos/613355610/medium.jpg,cc-by-nc,2026-02-03,-35.1808136105,139.0305682994,research,4,iNaturalist,C:\Projects\raptor_australia\dataset\raw\hieraaetus_morphnoides\hieraaetus_morphnoides_337406210_613355610.jpg,already_exists
337276186,hieraaetus_morphnoides,Hieraaetus morphnoides,Little Eagle,613084505,https://inaturalist-open-data.s3.amazonaws.com/photos/613084505/medium.jpg,cc-by-nc,2026-02-04,-35.285161103,148.2116395853,research,4,iNaturalist,C:\Projects\raptor_australia\dataset\raw\hieraaetus_morphnoides\hieraaetus_morphnoides_337276186_613084505.jpg,already_exists
337027611,hieraaetus_morphnoides,Hieraaetus morphnoides,Little Eagle,612577963,https://inaturalist-open-data.s3.amazonaws.com/photos/612577963/medium.jpg,cc-by-nc,2025-07-24,-37.95908,145.1022945,research,3,iNaturalist,C:\Projects\raptor_australia\dataset\raw\hieraaetus_morphnoides\hieraaetus_morphnoides_337027611_612577963.jpg,already_exists
336910335,hieraaetus_morphnoides,Hieraaetus morphnoides,Little Eagle,612340047,https://inaturalist-open-data.s3.amazonaws.com/photos/612340047/medium.jpg,cc-by-nc,2026-02-01,-31.8943040532,116.051850344,research,2,iNaturalist,C:\Projects\raptor_australia\dataset\raw\hieraaetus_morphnoides\hieraaetus_morphnoides_336910335_612340047.jpg,already_exists
336805694,hieraaetus_morphnoides,Hieraaetus morphnoides,Little Eagle,612126145,https://inaturalist-open-data.s3.amazonaws.com/photos/612126145/medium.jpg,cc-by-nc,2026-01-29,-33.996376513,151.1093039646,research,3,iNaturalist,C:\Projects\raptor_australia\dataset\raw\hieraaetus_morphnoides\hieraaetus_morphnoides_336805694_612126145.jpg,already_exists
336774195,hieraaetus_morphnoides,Hieraaetus morphnoides,Little Eagle,612060344,https://inaturalist-open-data.s3.amazonaws.com/photos/612060344/medium.jpg,cc-by-nc,2026-01-27,-28.4151460406,153.0215283646,research,4,iNaturalist,C:\Projects\raptor_australia\dataset\raw\hieraaetus_morphnoides\hieraaetus_morphnoides_336774195_612060344.jpg,already_exists
336535004,hieraaetus_morphnoides,Hieraaetus morphnoides,Little Eagle,611572587,https://inaturalist-open-data.s3.amazonaws.com/photos/611572587/medium.jpg,cc-by-nc,2026-01-28,-32.1711308002,115.8928676762,research,4,iNaturalist,C:\Projects\raptor_australia\dataset\raw\hieraaetus_morphnoides\hieraaetus_morphnoides_336535004_611572587.jpg,already_exists
336215108,hieraaetus_morphnoides,Hieraaetus morphnoides,Little Eagle,610927133,https://inaturalist-open-data.s3.amazonaws.com/photos/610927133/medium.jpg,cc-by-nc,2026-01-26,-37.655645,144.8778083333,research,3,iNaturalist,C:\Projects\raptor_australia\dataset\raw\hieraaetus_morphnoides\hieraaetus_morphnoides_336215108_610927133.jpg,already_exists
336214114,hieraaetus_morphnoides,Hieraaetus morphnoides,Little Eagle,610924145,https://inaturalist-open-data.s3.amazonaws.com/photos/610924145/medium.jpg,cc-by-nc,2026-01-26,-37.6959816137,144.9519637267,research,2,iNaturalist,C:\Projects\raptor_australia\dataset\raw\hieraaetus_morphnoides\hieraaetus_morphnoides_336214114_610924145.jpg,already_exists
336191399,hieraaetus_morphnoides,Hieraaetus morphnoides,Little Eagle,610880807,https://inaturalist-open-data.s3.amazonaws.com/photos/610880807/medium.jpg,cc-by-nc,2026-01-25,-33.4334624281,149.3837373495,research,6,iNaturalist,C:\Projects\raptor_australia\dataset\raw\hieraaetus_morphnoides\hieraaetus_morphnoides_336191399_610880807.jpg,already_exists
336067490,hieraaetus_morphnoides,Hieraaetus morphnoides,Little Eagle,610635441,https://static.inaturalist.org/photos/610635441/medium.jpg,,2026-01-21,-36.6907678725,146.9029068008,research,2,iNaturalist,C:\Projects\raptor_australia\dataset\raw\hieraaetus_morphnoides\hieraaetus_morphnoides_336067490_610635441.jpg,already_exists
335925158,hieraaetus_morphnoides,Hieraaetus morphnoides,Little Eagle,610356448,https://inaturalist-open-data.s3.amazonaws.com/photos/610356448/medium.jpg,cc-by-nc,2026-01-24,-30.4885354556,151.6439695853,research,2,iNaturalist,C:\Projects\raptor_australia\dataset\raw\hieraaetus_morphnoides\hieraaetus_morphnoides_335925158_610356448.jpg,already_exists
335784900,hieraaetus_morphnoides,Hieraaetus morphnoides,Little Eagle,610071064,https://inaturalist-open-data.s3.amazonaws.com/photos/610071064/medium.jpg,cc-by-nc,2022-05-16,-35.1199833333,117.8993361111,research,3,iNaturalist,C:\Projects\raptor_australia\dataset\raw\hieraaetus_morphnoides\hieraaetus_morphnoides_335784900_610071064.jpg,already_exists
335780194,hieraaetus_morphnoides,Hieraaetus morphnoides,Little Eagle,610061695,https://inaturalist-open-data.s3.amazonaws.com/photos/610061695/medium.jpg,cc-by-nc,2026-01-23,-37.5758758388,145.0660424307,research,4,iNaturalist,C:\Projects\raptor_australia\dataset\raw\hieraaetus_morphnoides\hieraaetus_morphnoides_335780194_610061695.jpg,already_exists
335586704,hieraaetus_morphnoides,Hieraaetus morphnoides,Little Eagle,609669878,https://inaturalist-open-data.s3.amazonaws.com/photos/609669878/medium.jpg,cc-by-nc,2021-12-14,-35.1096305556,117.629975,research,3,iNaturalist,C:\Projects\raptor_australia\dataset\raw\hieraaetus_morphnoides\hieraaetus_morphnoides_335586704_609669878.jpg,already_exists
335572657,hieraaetus_morphnoides,Hieraaetus morphnoides,Little Eagle,609642226,https://inaturalist-open-data.s3.amazonaws.com/photos/609642226/medium.jpg,cc-by-nc,2021-11-15,-35.1146611111,117.9062166667,research,3,iNaturalist,C:\Projects\raptor_australia\dataset\raw\hieraaetus_morphnoides\hieraaetus_morphnoides_335572657_609642226.jpg,already_exists
335571009,hieraaetus_morphnoides,Hieraaetus morphnoides,Little Eagle,609639807,https://inaturalist-open-data.s3.amazonaws.com/photos/609639807/medium.jpg,cc-by-nc,2021-10-01,-34.9931138889,117.2044444444,research,3,iNaturalist,C:\Projects\raptor_australia\dataset\raw\hieraaetus_morphnoides\hieraaetus_morphnoides_335571009_609639807.jpg,already_exists
335564506,hieraaetus_morphnoides,Hieraaetus morphnoides,Little Eagle,609625890,https://inaturalist-open-data.s3.amazonaws.com/photos/609625890/medium.jpg,cc-by-nc,2021-11-23,-34.884275,118.4047555556,research,3,iNaturalist,C:\Projects\raptor_australia\dataset\raw\hieraaetus_morphnoides\hieraaetus_morphnoides_335564506_609625890.jpg,already_exists
335447353,hieraaetus_morphnoides,Hieraaetus morphnoides,Little Eagle,609390081,https://inaturalist-open-data.s3.amazonaws.com/photos/609390081/medium.jpg,cc-by-nc,2026-01-20,-27.9977251993,145.5486061726,research,3,iNaturalist,C:\Projects\raptor_australia\dataset\raw\hieraaetus_morphnoides\hieraaetus_morphnoides_335447353_609390081.jpg,already_exists
335427126,hieraaetus_morphnoides,Hieraaetus morphnoides,Little Eagle,609341626,https://inaturalist-open-data.s3.amazonaws.com/photos/609341626/medium.jpg,cc-by-nc,2025-10-23,-35.642817206,144.1349688428,research,1,iNaturalist,C:\Projects\raptor_australia\dataset\raw\hieraaetus_morphnoides\hieraaetus_morphnoides_335427126_609341626.jpg,already_exists
335342820,hieraaetus_morphnoides,Hieraaetus morphnoides,Little Eagle,609180041,https://inaturalist-open-data.s3.amazonaws.com/photos/609180041/medium.jpg,cc-by-nc,2026-01-17,-33.4337466558,149.3836400033,research,3,iNaturalist,C:\Projects\raptor_australia\dataset\raw\hieraaetus_morphnoides\hieraaetus_morphnoides_335342820_609180041.jpg,already_exists
335329693,hieraaetus_morphnoides,Hieraaetus morphnoides,Little Eagle,609153728,https://inaturalist-open-data.s3.amazonaws.com/photos/609153728/medium.jpg,cc-by-nc,2019-01-19,-33.5124321692,151.3063536453,research,3,iNaturalist,C:\Projects\raptor_australia\dataset\raw\hieraaetus_morphnoides\hieraaetus_morphnoides_335329693_609153728.jpg,already_exists
335294323,hieraaetus_morphnoides,Hieraaetus morphnoides,Little Eagle,609080918,https://inaturalist-open-data.s3.amazonaws.com/photos/609080918/medium.jpg,cc-by-nc,2026-01-19,-37.5766533333,144.7339633333,research,4,iNaturalist,C:\Projects\raptor_australia\dataset\raw\hieraaetus_morphnoides\hieraaetus_morphnoides_335294323_609080918.jpg,already_exists
335195006,hieraaetus_morphnoides,Hieraaetus morphnoides,Little Eagle,608883965,https://inaturalist-open-data.s3.amazonaws.com/photos/608883965/medium.jpg,cc-by-nc,2026-01-18,-38.256666,144.2752558,research,4,iNaturalist,C:\Projects\raptor_australia\dataset\raw\hieraaetus_morphnoides\hieraaetus_morphnoides_335195006_608883965.jpg,already_exists
335128854,hieraaetus_morphnoides,Hieraaetus morphnoides,Little Eagle,608750805,https://inaturalist-open-data.s3.amazonaws.com/photos/608750805/medium.jpg,cc-by-nc,2026-01-18,-34.8278762571,138.6395708149,research,3,iNaturalist,,failed: Muy pequeña: 182x243px
335057450,hieraaetus_morphnoides,Hieraaetus morphnoides,Little Eagle,608606164,https://inaturalist-open-data.s3.amazonaws.com/photos/608606164/medium.jpg,cc-by,2023-08-16,-36.4976651934,142.0005297226,research,5,iNaturalist,C:\Projects\raptor_australia\dataset\raw\hieraaetus_morphnoides\hieraaetus_morphnoides_335057450_608606164.jpg,already_exists
334930834,hieraaetus_morphnoides,Hieraaetus morphnoides,Little Eagle,608342314,https://inaturalist-open-data.s3.amazonaws.com/photos/608342314/medium.jpg,cc-by-nc,2014-01-05,-37.7930182,144.5570412,research,3,iNaturalist,C:\Projects\raptor_australia\dataset\raw\hieraaetus_morphnoides\hieraaetus_morphnoides_334930834_608342314.jpg,already_exists
334924272,hieraaetus_morphnoides,Hieraaetus morphnoides,Little Eagle,608329882,https://inaturalist-open-data.s3.amazonaws.com/photos/608329882/medium.jpg,cc-by-nc,2026-01-16,-34.0576037455,150.7757406541,research,4,iNaturalist,C:\Projects\raptor_australia\dataset\raw\hieraaetus_morphnoides\hieraaetus_morphnoides_334924272_608329882.jpg,already_exists
334918314,hieraaetus_morphnoides,Hieraaetus morphnoides,Little Eagle,608321326,https://inaturalist-open-data.s3.amazonaws.com/photos/608321326/medium.jpg,cc-by-nc,2026-01-16,-36.7467565875,140.5780864879,research,5,iNaturalist,C:\Projects\raptor_australia\dataset\raw\hieraaetus_morphnoides\hieraaetus_morphnoides_334918314_608321326.jpg,already_exists
334856574,hieraaetus_morphnoides,Hieraaetus morphnoides,Little Eagle,608189055,https://inaturalist-open-data.s3.amazonaws.com/photos/608189055/medium.jpg,cc-by-nc,2005-01-01,-35.213338985,145.1301850167,research,4,iNaturalist,C:\Projects\raptor_australia\dataset\raw\hieraaetus_morphnoides\hieraaetus_morphnoides_334856574_608189055.jpg,already_exists
334688512,hieraaetus_morphnoides,Hieraaetus morphnoides,Little Eagle,607846865,https://static.inaturalist.org/photos/607846865/medium.jpg,,2026-01-14,-33.6532216667,115.353255,research,2,iNaturalist,C:\Projects\raptor_australia\dataset\raw\hieraaetus_morphnoides\hieraaetus_morphnoides_334688512_607846865.jpg,already_exists
334576369,hieraaetus_morphnoides,Hieraaetus morphnoides,Little Eagle,607622239,https://inaturalist-open-data.s3.amazonaws.com/photos/607622239/medium.jpg,cc-by-nc,2009-02-28,-27.5724954882,152.1384386729,research,4,iNaturalist,C:\Projects\raptor_australia\dataset\raw\hieraaetus_morphnoides\hieraaetus_morphnoides_334576369_607622239.jpg,already_exists
334560215,hieraaetus_morphnoides,Hieraaetus morphnoides,Little Eagle,607589747,https://inaturalist-open-data.s3.amazonaws.com/photos/607589747/medium.jpg,cc-by-nc,2025-05-10,-38.2981169861,144.6066747022,research,4,iNaturalist,C:\Projects\raptor_australia\dataset\raw\hieraaetus_morphnoides\hieraaetus_morphnoides_334560215_607589747.jpg,already_exists
334495417,hieraaetus_morphnoides,Hieraaetus morphnoides,Little Eagle,607456733,https://static.inaturalist.org/photos/607456733/medium.jpg,,2026-01-01,-34.9725555556,118.1946722222,research,4,iNaturalist,C:\Projects\raptor_australia\dataset\raw\hieraaetus_morphnoides\hieraaetus_morphnoides_334495417_607456733.jpg,already_exists
334477616,hieraaetus_morphnoides,Hieraaetus morphnoides,Little Eagle,607420341,https://inaturalist-open-data.s3.amazonaws.com/photos/607420341/medium.jpg,cc-by-nc,2026-01-12,-33.4337123816,149.383639892,research,3,iNaturalist,C:\Projects\raptor_australia\dataset\raw\hieraaetus_morphnoides\hieraaetus_morphnoides_334477616_607420341.jpg,already_exists
334296001,hieraaetus_morphnoides,Hieraaetus morphnoides,Little Eagle,607050036,https://inaturalist-open-data.s3.amazonaws.com/photos/607050036/medium.jpg,cc-by-nc,2025-12-27,-31.8610954192,115.860190317,research,4,iNaturalist,C:\Projects\raptor_australia\dataset\raw\hieraaetus_morphnoides\hieraaetus_morphnoides_334296001_607050036.jpg,already_exists
334060755,hieraaetus_morphnoides,Hieraaetus morphnoides,Little Eagle,606570932,https://inaturalist-open-data.s3.amazonaws.com/photos/606570932/medium.jpg,cc-by-nc,2025-12-26,-30.0040558,116.8260705,research,4,iNaturalist,C:\Projects\raptor_australia\dataset\raw\hieraaetus_morphnoides\hieraaetus_morphnoides_334060755_606570932.jpg,already_exists
334029414,hieraaetus_morphnoides,Hieraaetus morphnoides,Little Eagle,606506469,https://inaturalist-open-data.s3.amazonaws.com/photos/606506469/medium.jpg,cc0,2026-01-08,-27.8114149779,114.4725129381,research,5,iNaturalist,C:\Projects\raptor_australia\dataset\raw\hieraaetus_morphnoides\hieraaetus_morphnoides_334029414_606506469.jpg,already_exists
334028117,hieraaetus_morphnoides,Hieraaetus morphnoides,Little Eagle,606503631,https://inaturalist-open-data.s3.amazonaws.com/photos/606503631/medium.jpg,cc0,2026-01-07,-27.7876915358,114.4692942873,research,4,iNaturalist,C:\Projects\raptor_australia\dataset\raw\hieraaetus_morphnoides\hieraaetus_morphnoides_334028117_606503631.jpg,already_exists
334027519,hieraaetus_morphnoides,Hieraaetus morphnoides,Little Eagle,606502035,https://inaturalist-open-data.s3.amazonaws.com/photos/606502035/medium.jpg,cc0,2026-01-07,-27.5547900548,114.4366434216,research,4,iNaturalist,C:\Projects\raptor_australia\dataset\raw\hieraaetus_morphnoides\hieraaetus_morphnoides_334027519_606502035.jpg,already_exists
333930904,hieraaetus_morphnoides,Hieraaetus morphnoides,Little Eagle,606310519,https://inaturalist-open-data.s3.amazonaws.com/photos/606310519/medium.jpg,cc-by-nc,2007-10-07,-27.6257444106,151.5401666153,research,4,iNaturalist,C:\Projects\raptor_australia\dataset\raw\hieraaetus_morphnoides\hieraaetus_morphnoides_333930904_606310519.jpg,already_exists
333829323,hieraaetus_morphnoides,Hieraaetus morphnoides,Little Eagle,606097782,https://inaturalist-open-data.s3.amazonaws.com/photos/606097782/medium.jpg,cc-by-nc,2024-09-08,-31.6314083333,116.02228,research,6,iNaturalist,C:\Projects\raptor_australia\dataset\raw\hieraaetus_morphnoides\hieraaetus_morphnoides_333829323_606097782.jpg,already_exists
333722893,hieraaetus_morphnoides,Hieraaetus morphnoides,Little Eagle,605881525,https://inaturalist-open-data.s3.amazonaws.com/photos/605881525/medium.jpg,cc-by-nc,2019-05-04,-29.0036277778,134.7582138889,research,4,iNaturalist,C:\Projects\raptor_australia\dataset\raw\hieraaetus_morphnoides\hieraaetus_morphnoides_333722893_605881525.jpg,already_exists
333719412,hieraaetus_morphnoides,Hieraaetus morphnoides,Little Eagle,605871886,https://inaturalist-open-data.s3.amazonaws.com/photos/605871886/medium.jpg,cc-by-nc,2019-03-21,-34.6407555556,135.7022083333,research,4,iNaturalist,C:\Projects\raptor_australia\dataset\raw\hieraaetus_morphnoides\hieraaetus_morphnoides_333719412_605871886.jpg,already_exists
333708910,hieraaetus_morphnoides,Hieraaetus morphnoides,Little Eagle,605852979,https://inaturalist-open-data.s3.amazonaws.com/photos/605852979/medium.jpg,cc-by-nc,2025-12-25,-36.6235596485,142.4739432335,research,4,iNaturalist,C:\Projects\raptor_australia\dataset\raw\hieraaetus_morphnoides\hieraaetus_morphnoides_333708910_605852979.jpg,already_exists
333429112,hieraaetus_morphnoides,Hieraaetus morphnoides,Little Eagle,605337057,https://inaturalist-open-data.s3.amazonaws.com/photos/605337057/medium.jpg,cc-by-nc,2026-01-04,-38.2254676,144.2620969,research,4,iNaturalist,C:\Projects\raptor_australia\dataset\raw\hieraaetus_morphnoides\hieraaetus_morphnoides_333429112_605337057.jpg,already_exists
333121603,hieraaetus_morphnoides,Hieraaetus morphnoides,Little Eagle,604711430,https://inaturalist-open-data.s3.amazonaws.com/photos/604711430/medium.jpg,cc-by-nc,2020-11-15,-34.3154972222,118.1909472222,research,4,iNaturalist,C:\Projects\raptor_australia\dataset\raw\hieraaetus_morphnoides\hieraaetus_morphnoides_333121603_604711430.jpg,already_exists
333117172,hieraaetus_morphnoides,Hieraaetus morphnoides,Little Eagle,604705159,https://inaturalist-open-data.s3.amazonaws.com/photos/604705159/medium.jpg,cc-by-nc,2020-04-02,-34.9584305556,117.3791916667,research,4,iNaturalist,C:\Projects\raptor_australia\dataset\raw\hieraaetus_morphnoides\hieraaetus_morphnoides_333117172_604705159.jpg,already_exists
333113682,hieraaetus_morphnoides,Hieraaetus morphnoides,Little Eagle,604698705,https://inaturalist-open-data.s3.amazonaws.com/photos/604698705/medium.jpg,cc-by-nc,2020-03-22,-34.9893638889,116.7384472222,research,4,iNaturalist,C:\Projects\raptor_australia\dataset\raw\hieraaetus_morphnoides\hieraaetus_morphnoides_333113682_604698705.jpg,already_exists
333080991,hieraaetus_morphnoides,Hieraaetus morphnoides,Little Eagle,604630269,https://inaturalist-open-data.s3.amazonaws.com/photos/604630269/medium.jpg,cc-by-nc,2020-02-28,-33.3211805556,115.6394888889,research,3,iNaturalist,C:\Projects\raptor_australia\dataset\raw\hieraaetus_morphnoides\hieraaetus_morphnoides_333080991_604630269.jpg,already_exists
333076463,hieraaetus_morphnoides,Hieraaetus morphnoides,Little Eagle,604622542,https://inaturalist-open-data.s3.amazonaws.com/photos/604622542/medium.jpg,cc-by-nc,2026-01-01,-33.4346983275,149.3803350131,research,4,iNaturalist,C:\Projects\raptor_australia\dataset\raw\hieraaetus_morphnoides\hieraaetus_morphnoides_333076463_604622542.jpg,already_exists
333071327,hieraaetus_morphnoides,Hieraaetus morphnoides,Little Eagle,604610131,https://inaturalist-open-data.s3.amazonaws.com/photos/604610131/medium.jpg,cc-by-nc,2026-01-02,-33.3006525444,151.2692477111,research,3,iNaturalist,C:\Projects\raptor_australia\dataset\raw\hieraaetus_morphnoides\hieraaetus_morphnoides_333071327_604610131.jpg,already_exists
332991402,hieraaetus_morphnoides,Hieraaetus morphnoides,Little Eagle,604446565,https://inaturalist-open-data.s3.amazonaws.com/photos/604446565/medium.jpg,cc-by-nc,2025-12-30,-35.107304,139.20093,research,2,iNaturalist,C:\Projects\raptor_australia\dataset\raw\hieraaetus_morphnoides\hieraaetus_morphnoides_332991402_604446565.jpg,already_exists
332971619,hieraaetus_morphnoides,Hieraaetus morphnoides,Little Eagle,604408782,https://inaturalist-open-data.s3.amazonaws.com/photos/604408782/medium.jpg,cc-by-nc,2020-01-06,-31.9976527778,116.0259555556,research,2,iNaturalist,C:\Projects\raptor_australia\dataset\raw\hieraaetus_morphnoides\hieraaetus_morphnoides_332971619_604408782.jpg,already_exists
332831325,hieraaetus_morphnoides,Hieraaetus morphnoides,Little Eagle,604111377,https://inaturalist-open-data.s3.amazonaws.com/photos/604111377/medium.jpg,cc-by,2025-12-26,-35.7009939317,150.2057954717,research,2,iNaturalist,C:\Projects\raptor_australia\dataset\raw\hieraaetus_morphnoides\hieraaetus_morphnoides_332831325_604111377.jpg,already_exists
332819675,hieraaetus_morphnoides,Hieraaetus morphnoides,Little Eagle,604094152,https://static.inaturalist.org/photos/604094152/medium.jpg,,2025-12-31,-38.3181627162,142.3738566041,research,3,iNaturalist,C:\Projects\raptor_australia\dataset\raw\hieraaetus_morphnoides\hieraaetus_morphnoides_332819675_604094152.jpg,already_exists
332568006,hieraaetus_morphnoides,Hieraaetus morphnoides,Little Eagle,603579598,https://inaturalist-open-data.s3.amazonaws.com/photos/603579598/medium.jpg,cc-by-nc,2025-12-29,-33.807862964,151.0699417799,research,4,iNaturalist,C:\Projects\raptor_australia\dataset\raw\hieraaetus_morphnoides\hieraaetus_morphnoides_332568006_603579598.jpg,already_exists
332423542,hieraaetus_morphnoides,Hieraaetus morphnoides,Little Eagle,603281594,https://inaturalist-open-data.s3.amazonaws.com/photos/603281594/medium.jpg,cc-by-nc,2019-09-30,-17.7798138889,122.2602638889,research,3,iNaturalist,C:\Projects\raptor_australia\dataset\raw\hieraaetus_morphnoides\hieraaetus_morphnoides_332423542_603281594.jpg,already_exists
332392450,hieraaetus_morphnoides,Hieraaetus morphnoides,Little Eagle,603219886,https://inaturalist-open-data.s3.amazonaws.com/photos/603219886/medium.jpg,cc-by-nc,2025-12-28,-36.9352305556,143.2134833333,research,3,iNaturalist,C:\Projects\raptor_australia\dataset\raw\hieraaetus_morphnoides\hieraaetus_morphnoides_332392450_603219886.jpg,already_exists
332221373,hieraaetus_morphnoides,Hieraaetus morphnoides,Little Eagle,602865507,https://inaturalist-open-data.s3.amazonaws.com/photos/602865507/medium.jpg,cc-by-nc,2023-11-11,-29.2896780698,151.518942029,research,1,iNaturalist,C:\Projects\raptor_australia\dataset\raw\hieraaetus_morphnoides\hieraaetus_morphnoides_332221373_602865507.jpg,already_exists
332108148,hieraaetus_morphnoides,Hieraaetus morphnoides,Little Eagle,602634683,https://inaturalist-open-data.s3.amazonaws.com/photos/602634683/medium.jpg,cc-by-nc,2025-10-25,-35.535818,144.981952,research,3,iNaturalist,C:\Projects\raptor_australia\dataset\raw\hieraaetus_morphnoides\hieraaetus_morphnoides_332108148_602634683.jpg,already_exists
332107360,hieraaetus_morphnoides,Hieraaetus morphnoides,Little Eagle,602630297,https://inaturalist-open-data.s3.amazonaws.com/photos/602630297/medium.jpg,cc-by-nc,2023-11-25,-29.2894682834,151.5192579084,research,2,iNaturalist,C:\Projects\raptor_australia\dataset\raw\hieraaetus_morphnoides\hieraaetus_morphnoides_332107360_602630297.jpg,already_exists
331904785,hieraaetus_morphnoides,Hieraaetus morphnoides,Little Eagle,602214991,https://inaturalist-open-data.s3.amazonaws.com/photos/602214991/medium.jpg,cc0,2025-12-23,-31.2859502764,152.5362414544,research,3,iNaturalist,C:\Projects\raptor_australia\dataset\raw\hieraaetus_morphnoides\hieraaetus_morphnoides_331904785_602214991.jpg,already_exists
331902557,hieraaetus_morphnoides,Hieraaetus morphnoides,Little Eagle,602210370,https://inaturalist-open-data.s3.amazonaws.com/photos/602210370/medium.jpg,cc-by-nc,2025-04-23,-29.483198,142.234146,research,2,iNaturalist,C:\Projects\raptor_australia\dataset\raw\hieraaetus_morphnoides\hieraaetus_morphnoides_331902557_602210370.jpg,already_exists
331902556,hieraaetus_morphnoides,Hieraaetus morphnoides,Little Eagle,602210368,https://inaturalist-open-data.s3.amazonaws.com/photos/602210368/medium.jpg,cc-by-nc,2025-04-23,-29.483198,142.234146,research,2,iNaturalist,C:\Projects\raptor_australia\dataset\raw\hieraaetus_morphnoides\hieraaetus_morphnoides_331902556_602210368.jpg,already_exists
331902555,hieraaetus_morphnoides,Hieraaetus morphnoides,Little Eagle,602210371,https://inaturalist-open-data.s3.amazonaws.com/photos/602210371/medium.jpg,cc-by-nc,2025-04-23,-29.483198,142.234146,research,2,iNaturalist,C:\Projects\raptor_australia\dataset\raw\hieraaetus_morphnoides\hieraaetus_morphnoides_331902555_602210371.jpg,already_exists
331772303,hieraaetus_morphnoides,Hieraaetus morphnoides,Little Eagle,601941707,https://static.inaturalist.org/photos/601941707/medium.jpg,,2025-12-20,-31.741066,115.7841452,research,3,iNaturalist,C:\Projects\raptor_australia\dataset\raw\hieraaetus_morphnoides\hieraaetus_morphnoides_331772303_601941707.jpg,already_exists
331512690,hieraaetus_morphnoides,Hieraaetus morphnoides,Little Eagle,601416289,https://inaturalist-open-data.s3.amazonaws.com/photos/601416289/medium.jpg,cc-by-nc,2025-12-21,-34.9066890403,117.8695883802,research,3,iNaturalist,C:\Projects\raptor_australia\dataset\raw\hieraaetus_morphnoides\hieraaetus_morphnoides_331512690_601416289.jpg,already_exists
331410287,hieraaetus_morphnoides,Hieraaetus morphnoides,Little Eagle,601203449,https://inaturalist-open-data.s3.amazonaws.com/photos/601203449/medium.jpg,cc-by-nc,2025-12-20,-33.4342166583,149.3851933481,research,2,iNaturalist,C:\Projects\raptor_australia\dataset\raw\hieraaetus_morphnoides\hieraaetus_morphnoides_331410287_601203449.jpg,already_exists
331363446,hieraaetus_morphnoides,Hieraaetus morphnoides,Little Eagle,601107985,https://inaturalist-open-data.s3.amazonaws.com/photos/601107985/medium.jpg,cc-by-nc,2018-05-16,-35.3174417041,149.1621968018,research,2,iNaturalist,C:\Projects\raptor_australia\dataset\raw\hieraaetus_morphnoides\hieraaetus_morphnoides_331363446_601107985.jpg,already_exists
331210455,hieraaetus_morphnoides,Hieraaetus morphnoides,Little Eagle,600778464,https://inaturalist-open-data.s3.amazonaws.com/photos/600778464/medium.jpg,cc-by-nc,2025-08-08,-34.059167,150.774722,research,3,iNaturalist,C:\Projects\raptor_australia\dataset\raw\hieraaetus_morphnoides\hieraaetus_morphnoides_331210455_600778464.jpg,already_exists
331181771,hieraaetus_morphnoides,Hieraaetus morphnoides,Little Eagle,600717188,https://inaturalist-open-data.s3.amazonaws.com/photos/600717188/medium.jpg,cc-by-nc,2025-10-25,-35.5357617034,144.9815173207,research,4,iNaturalist,C:\Projects\raptor_australia\dataset\raw\hieraaetus_morphnoides\hieraaetus_morphnoides_331181771_600717188.jpg,already_exists
331152195,hieraaetus_morphnoides,Hieraaetus morphnoides,Little Eagle,600670793,https://inaturalist-open-data.s3.amazonaws.com/photos/600670793/medium.jpg,cc-by-nc,2025-12-18,-34.0214030556,139.6943516667,research,3,iNaturalist,C:\Projects\raptor_australia\dataset\raw\hieraaetus_morphnoides\hieraaetus_morphnoides_331152195_600670793.jpg,already_exists
331129766,hieraaetus_morphnoides,Hieraaetus morphnoides,Little Eagle,600624676,https://inaturalist-open-data.s3.amazonaws.com/photos/600624676/medium.jpg,cc-by-nc,2025-12-18,-34.0428786111,139.7422391667,research,3,iNaturalist,C:\Projects\raptor_australia\dataset\raw\hieraaetus_morphnoides\hieraaetus_morphnoides_331129766_600624676.jpg,already_exists
331070497,hieraaetus_morphnoides,Hieraaetus morphnoides,Little Eagle,600502984,https://inaturalist-open-data.s3.amazonaws.com/photos/600502984/medium.jpg,cc-by-nc,2025-09-19,-30.232719627,115.1872527674,research,3,iNaturalist,C:\Projects\raptor_australia\dataset\raw\hieraaetus_morphnoides\hieraaetus_morphnoides_331070497_600502984.jpg,already_exists
330682614,hieraaetus_morphnoides,Hieraaetus morphnoides,Little Eagle,599706133,https://inaturalist-open-data.s3.amazonaws.com/photos/599706133/medium.jpg,cc-by-nc,2025-12-02,-36.6912208466,146.9011877879,research,4,iNaturalist,C:\Projects\raptor_australia\dataset\raw\hieraaetus_morphnoides\hieraaetus_morphnoides_330682614_599706133.jpg,already_exists
330506205,hieraaetus_morphnoides,Hieraaetus morphnoides,Little Eagle,599338148,https://inaturalist-open-data.s3.amazonaws.com/photos/599338148/medium.jpg,cc-by-nc,2024-09-23,-34.527467,145.748784,research,3,iNaturalist,C:\Projects\raptor_australia\dataset\raw\hieraaetus_morphnoides\hieraaetus_morphnoides_330506205_599338148.jpg,already_exists
330506184,hieraaetus_morphnoides,Hieraaetus morphnoides,Little Eagle,599338107,https://inaturalist-open-data.s3.amazonaws.com/photos/599338107/medium.jpg,cc-by-nc,2025-03-17,-35.305204,149.162618,research,3,iNaturalist,C:\Projects\raptor_australia\dataset\raw\hieraaetus_morphnoides\hieraaetus_morphnoides_330506184_599338107.jpg,already_exists
330394297,hieraaetus_morphnoides,Hieraaetus morphnoides,Little Eagle,599108262,https://inaturalist-open-data.s3.amazonaws.com/photos/599108262/medium.jpg,cc-by-nc,2025-12-11,-37.6389333333,143.6832944444,research,6,iNaturalist,C:\Projects\raptor_australia\dataset\raw\hieraaetus_morphnoides\hieraaetus_morphnoides_330394297_599108262.jpg,already_exists
330195695,hieraaetus_morphnoides,Hieraaetus morphnoides,Little Eagle,598704789,https://inaturalist-open-data.s3.amazonaws.com/photos/598704789/medium.jpg,cc-by-nc,2025-12-07,-37.7778931,144.8965533,research,2,iNaturalist,C:\Projects\raptor_australia\dataset\raw\hieraaetus_morphnoides\hieraaetus_morphnoides_330195695_598704789.jpg,already_exists
329554192,hieraaetus_morphnoides,Hieraaetus morphnoides,Little Eagle,597399829,https://inaturalist-open-data.s3.amazonaws.com/photos/597399829/medium.jpg,cc-by-nc,2025-12-05,-31.9150496432,115.7977867216,research,5,iNaturalist,C:\Projects\raptor_australia\dataset\raw\hieraaetus_morphnoides\hieraaetus_morphnoides_329554192_597399829.jpg,already_exists
329420796,hieraaetus_morphnoides,Hieraaetus morphnoides,Little Eagle,597118819,https://inaturalist-open-data.s3.amazonaws.com/photos/597118819/medium.jpg,cc-by-nc,2025-04-10,-36.5233986121,145.7265956014,research,4,iNaturalist,C:\Projects\raptor_australia\dataset\raw\hieraaetus_morphnoides\hieraaetus_morphnoides_329420796_597118819.jpg,already_exists
329037188,hieraaetus_morphnoides,Hieraaetus morphnoides,Little Eagle,596361121,https://inaturalist-open-data.s3.amazonaws.com/photos/596361121/medium.jpg,cc-by-nc,2025-08-16,-37.799025,144.9327416667,research,4,iNaturalist,C:\Projects\raptor_australia\dataset\raw\hieraaetus_morphnoides\hieraaetus_morphnoides_329037188_596361121.jpg,already_exists
328748378,hieraaetus_morphnoides,Hieraaetus morphnoides,Little Eagle,595783363,https://inaturalist-open-data.s3.amazonaws.com/photos/595783363/medium.jpg,cc-by-nc-nd,2013-10-06,-38.0060888635,144.4116166926,research,6,iNaturalist,C:\Projects\raptor_australia\dataset\raw\hieraaetus_morphnoides\hieraaetus_morphnoides_328748378_595783363.jpg,already_exists
328654884,hieraaetus_morphnoides,Hieraaetus morphnoides,Little Eagle,595566812,https://inaturalist-open-data.s3.amazonaws.com/photos/595566812/medium.jpg,cc-by-nc,2025-10-28,-34.5649503916,142.3176956538,research,3,iNaturalist,,failed: Muy pequeña: 328x188px
328452458,hieraaetus_morphnoides,Hieraaetus morphnoides,Little Eagle,595179699,https://inaturalist-open-data.s3.amazonaws.com/photos/595179699/medium.jpg,cc-by-nc,2025-11-27,-31.9215757074,115.7963483781,research,4,iNaturalist,C:\Projects\raptor_australia\dataset\raw\hieraaetus_morphnoides\hieraaetus_morphnoides_328452458_595179699.jpg,already_exists
328363439,hieraaetus_morphnoides,Hieraaetus morphnoides,Little Eagle,594999479,https://inaturalist-open-data.s3.amazonaws.com/photos/594999479/medium.jpg,cc-by-nc,2025-08-16,-35.0306055,117.9130383333,research,1,iNaturalist,C:\Projects\raptor_australia\dataset\raw\hieraaetus_morphnoides\hieraaetus_morphnoides_328363439_594999479.jpg,already_exists
328141308,hieraaetus_morphnoides,Hieraaetus morphnoides,Little Eagle,594555593,https://inaturalist-open-data.s3.amazonaws.com/photos/594555593/medium.jpg,cc-by-nc,2025-11-22,-31.8797111133,116.0740861902,research,3,iNaturalist,C:\Projects\raptor_australia\dataset\raw\hieraaetus_morphnoides\hieraaetus_morphnoides_328141308_594555593.jpg,already_exists
328055976,hieraaetus_morphnoides,Hieraaetus morphnoides,Little Eagle,594387579,https://inaturalist-open-data.s3.amazonaws.com/photos/594387579/medium.jpg,cc-by-nc,2025-09-30,-24.4068282016,131.8091112114,research,3,iNaturalist,C:\Projects\raptor_australia\dataset\raw\hieraaetus_morphnoides\hieraaetus_morphnoides_328055976_594387579.jpg,already_exists
327791943,hieraaetus_morphnoides,Hieraaetus morphnoides,Little Eagle,593877816,https://inaturalist-open-data.s3.amazonaws.com/photos/593877816/medium.jpg,cc-by-nc,2025-10-18,-33.0681146165,136.5984945608,research,4,iNaturalist,C:\Projects\raptor_australia\dataset\raw\hieraaetus_morphnoides\hieraaetus_morphnoides_327791943_593877816.jpg,already_exists
327493711,hieraaetus_morphnoides,Hieraaetus morphnoides,Little Eagle,593268996,https://inaturalist-open-data.s3.amazonaws.com/photos/593268996/medium.jpg,cc-by-nc,2025-11-04,-36.5254572422,145.7208972867,research,3,iNaturalist,C:\Projects\raptor_australia\dataset\raw\hieraaetus_morphnoides\hieraaetus_morphnoides_327493711_593268996.jpg,already_exists
327349414,hieraaetus_morphnoides,Hieraaetus morphnoides,Little Eagle,593035469,https://inaturalist-open-data.s3.amazonaws.com/photos/593035469/medium.jpg,cc-by-nc,2025-11-20,-28.1723472721,151.6538422343,research,2,iNaturalist,C:\Projects\raptor_australia\dataset\raw\hieraaetus_morphnoides\hieraaetus_morphnoides_327349414_593035469.jpg,already_exists
327330600,hieraaetus_morphnoides,Hieraaetus morphnoides,Little Eagle,592969102,https://static.inaturalist.org/photos/592969102/medium.jpg,,2025-10-28,-34.791123,147.182735,research,4,iNaturalist,C:\Projects\raptor_australia\dataset\raw\hieraaetus_morphnoides\hieraaetus_morphnoides_327330600_592969102.jpg,already_exists
327241904,hieraaetus_morphnoides,Hieraaetus morphnoides,Little Eagle,592820534,https://static.inaturalist.org/photos/592820534/medium.jpg,,2025-11-18,-37.7724766044,144.8667311668,research,5,iNaturalist,C:\Projects\raptor_australia\dataset\raw\hieraaetus_morphnoides\hieraaetus_morphnoides_327241904_592820534.jpg,already_exists
327230341,hieraaetus_morphnoides,Hieraaetus morphnoides,Little Eagle,592797237,https://inaturalist-open-data.s3.amazonaws.com/photos/592797237/medium.jpg,cc-by-nc,2025-10-31,-32.0195060228,116.0411063209,research,3,iNaturalist,C:\Projects\raptor_australia\dataset\raw\hieraaetus_morphnoides\hieraaetus_morphnoides_327230341_592797237.jpg,already_exists
327120753,hieraaetus_morphnoides,Hieraaetus morphnoides,Little Eagle,592571591,https://inaturalist-open-data.s3.amazonaws.com/photos/592571591/medium.jpg,cc-by-nc,2025-11-16,-33.687038764,139.0409580161,research,5,iNaturalist,C:\Projects\raptor_australia\dataset\raw\hieraaetus_morphnoides\hieraaetus_morphnoides_327120753_592571591.jpg,already_exists
327104534,hieraaetus_morphnoides,Hieraaetus morphnoides,Little Eagle,592544711,https://inaturalist-open-data.s3.amazonaws.com/photos/592544711/medium.jpg,cc-by-nc,2025-11-15,-33.5691353077,150.6252889777,research,3,iNaturalist,C:\Projects\raptor_australia\dataset\raw\hieraaetus_morphnoides\hieraaetus_morphnoides_327104534_592544711.jpg,already_exists
327075150,hieraaetus_morphnoides,Hieraaetus morphnoides,Little Eagle,592487194,https://inaturalist-open-data.s3.amazonaws.com/photos/592487194/medium.jpg,cc-by-nc,2025-11-17,-33.7573866272,140.1309342418,research,4,iNaturalist,C:\Projects\raptor_australia\dataset\raw\hieraaetus_morphnoides\hieraaetus_morphnoides_327075150_592487194.jpg,already_exists
326932320,hieraaetus_morphnoides,Hieraaetus morphnoides,Little Eagle,592205449,https://inaturalist-open-data.s3.amazonaws.com/photos/592205449/medium.jpg,cc-by-nc,2025-11-16,-36.6493768,144.3180254,research,3,iNaturalist,C:\Projects\raptor_australia\dataset\raw\hieraaetus_morphnoides\hieraaetus_morphnoides_326932320_592205449.jpg,already_exists
326758114,hieraaetus_morphnoides,Hieraaetus morphnoides,Little Eagle,591858657,https://inaturalist-open-data.s3.amazonaws.com/photos/591858657/medium.jpg,cc-by-nc,2025-11-14,-34.7835894362,139.2146307689,research,3,iNaturalist,C:\Projects\raptor_australia\dataset\raw\hieraaetus_morphnoides\hieraaetus_morphnoides_326758114_591858657.jpg,already_exists
325931202,hieraaetus_morphnoides,Hieraaetus morphnoides,Little Eagle,590207283,https://inaturalist-open-data.s3.amazonaws.com/photos/590207283/medium.jpg,cc-by-nc,2022-08-06,-28.0709948,145.6882115,research,3,iNaturalist,C:\Projects\raptor_australia\dataset\raw\hieraaetus_morphnoides\hieraaetus_morphnoides_325931202_590207283.jpg,already_exists
325929361,hieraaetus_morphnoides,Hieraaetus morphnoides,Little Eagle,590204491,https://inaturalist-open-data.s3.amazonaws.com/photos/590204491/medium.jpg,cc-by-nc,2025-11-07,-36.167266151,144.2416346638,research,5,iNaturalist,C:\Projects\raptor_australia\dataset\raw\hieraaetus_morphnoides\hieraaetus_morphnoides_325929361_590204491.jpg,already_exists
325673701,hieraaetus_morphnoides,Hieraaetus morphnoides,Little Eagle,589693913,https://inaturalist-open-data.s3.amazonaws.com/photos/589693913/medium.jpg,cc-by-nc,2025-11-08,-24.2520867449,131.5797703797,research,4,iNaturalist,C:\Projects\raptor_australia\dataset\raw\hieraaetus_morphnoides\hieraaetus_morphnoides_325673701_589693913.jpg,already_exists
325662778,hieraaetus_morphnoides,Hieraaetus morphnoides,Little Eagle,589674360,https://static.inaturalist.org/photos/589674360/medium.jpg,,2025-11-09,-35.433558215,142.8305895254,research,6,iNaturalist,C:\Projects\raptor_australia\dataset\raw\hieraaetus_morphnoides\hieraaetus_morphnoides_325662778_589674360.jpg,already_exists
325275851,hieraaetus_morphnoides,Hieraaetus morphnoides,Little Eagle,588898920,https://inaturalist-open-data.s3.amazonaws.com/photos/588898920/medium.jpg,cc-by-nc,2025-11-06,-33.9695697018,151.0646219178,research,5,iNaturalist,C:\Projects\raptor_australia\dataset\raw\hieraaetus_morphnoides\hieraaetus_morphnoides_325275851_588898920.jpg,already_exists
325255855,hieraaetus_morphnoides,Hieraaetus morphnoides,Little Eagle,588858578,https://inaturalist-open-data.s3.amazonaws.com/photos/588858578/medium.jpg,cc-by-nc,2025-11-06,-33.4344197028,149.3788333734,research,3,iNaturalist,C:\Projects\raptor_australia\dataset\raw\hieraaetus_morphnoides\hieraaetus_morphnoides_325255855_588858578.jpg,already_exists
325154127,hieraaetus_morphnoides,Hieraaetus morphnoides,Little Eagle,588661694,https://inaturalist-open-data.s3.amazonaws.com/photos/588661694/medium.jpg,cc-by-nc,2025-11-06,-34.7264116667,141.5826716667,research,2,iNaturalist,C:\Projects\raptor_australia\dataset\raw\hieraaetus_morphnoides\hieraaetus_morphnoides_325154127_588661694.jpg,already_exists
324479575,hieraaetus_morphnoides,Hieraaetus morphnoides,Little Eagle,587305165,https://inaturalist-open-data.s3.amazonaws.com/photos/587305165/medium.jpg,cc-by-nc,2025-10-25,-34.1989350735,151.0276908411,research,2,iNaturalist,C:\Projects\raptor_australia\dataset\raw\hieraaetus_morphnoides\hieraaetus_morphnoides_324479575_587305165.jpg,already_exists
324404854,hieraaetus_morphnoides,Hieraaetus morphnoides,Little Eagle,587147170,https://inaturalist-open-data.s3.amazonaws.com/photos/587147170/medium.jpg,cc-by-nc,2025-11-01,-35.1969224494,139.3800847703,research,3,iNaturalist,C:\Projects\raptor_australia\dataset\raw\hieraaetus_morphnoides\hieraaetus_morphnoides_324404854_587147170.jpg,already_exists
324093832,hieraaetus_morphnoides,Hieraaetus morphnoides,Little Eagle,586536100,https://inaturalist-open-data.s3.amazonaws.com/photos/586536100/medium.jpg,cc-by-nc,2025-10-30,-34.8934894764,118.4085307353,research,2,iNaturalist,C:\Projects\raptor_australia\dataset\raw\hieraaetus_morphnoides\hieraaetus_morphnoides_324093832_586536100.jpg,already_exists
323964184,hieraaetus_morphnoides,Hieraaetus morphnoides,Little Eagle,586274637,https://inaturalist-open-data.s3.amazonaws.com/photos/586274637/medium.jpg,cc-by-nc,2025-06-12,-37.9330831519,145.0870808526,research,2,iNaturalist,C:\Projects\raptor_australia\dataset\raw\hieraaetus_morphnoides\hieraaetus_morphnoides_323964184_586274637.jpg,already_exists
323618400,hieraaetus_morphnoides,Hieraaetus morphnoides,Little Eagle,585598023,https://inaturalist-open-data.s3.amazonaws.com/photos/585598023/medium.jpg,cc-by-nc,2025-10-28,-34.7744298,117.7014257,research,2,iNaturalist,C:\Projects\raptor_australia\dataset\raw\hieraaetus_morphnoides\hieraaetus_morphnoides_323618400_585598023.jpg,already_exists
323552484,hieraaetus_morphnoides,Hieraaetus morphnoides,Little Eagle,585464085,https://static.inaturalist.org/photos/585464085/medium.jpg,,2025-10-28,-34.8679594293,147.579113692,research,3,iNaturalist,C:\Projects\raptor_australia\dataset\raw\hieraaetus_morphnoides\hieraaetus_morphnoides_323552484_585464085.jpg,already_exists
323418805,hieraaetus_morphnoides,Hieraaetus morphnoides,Little Eagle,585199951,https://inaturalist-open-data.s3.amazonaws.com/photos/585199951/medium.jpg,cc-by-nc-sa,2025-10-27,-38.00491833,144.40907,research,3,iNaturalist,C:\Projects\raptor_australia\dataset\raw\hieraaetus_morphnoides\hieraaetus_morphnoides_323418805_585199951.jpg,already_exists
323364973,hieraaetus_morphnoides,Hieraaetus morphnoides,Little Eagle,585085301,https://static.inaturalist.org/photos/585085301/medium.jpg,,2025-10-25,-36.3741949013,148.8495718365,research,2,iNaturalist,C:\Projects\raptor_australia\dataset\raw\hieraaetus_morphnoides\hieraaetus_morphnoides_323364973_585085301.jpg,already_exists
323138592,hieraaetus_morphnoides,Hieraaetus morphnoides,Little Eagle,584679882,https://inaturalist-open-data.s3.amazonaws.com/photos/584679882/medium.jpg,cc-by-nc,2025-10-26,-29.8252649441,151.1260217216,research,2,iNaturalist,C:\Projects\raptor_australia\dataset\raw\hieraaetus_morphnoides\hieraaetus_morphnoides_323138592_584679882.jpg,already_exists
323135581,hieraaetus_morphnoides,Hieraaetus morphnoides,Little Eagle,584671319,https://inaturalist-open-data.s3.amazonaws.com/photos/584671319/medium.jpg,cc-by-nc,2025-10-25,-34.2288164791,150.6668394401,research,2,iNaturalist,C:\Projects\raptor_australia\dataset\raw\hieraaetus_morphnoides\hieraaetus_morphnoides_323135581_584671319.jpg,already_exists
322931926,hieraaetus_morphnoides,Hieraaetus morphnoides,Little Eagle,584274527,https://inaturalist-open-data.s3.amazonaws.com/photos/584274527/medium.jpg,cc-by-nc,2025-10-25,-29.8253656995,151.1265966174,research,2,iNaturalist,C:\Projects\raptor_australia\dataset\raw\hieraaetus_morphnoides\hieraaetus_morphnoides_322931926_584274527.jpg,already_exists
322731319,hieraaetus_morphnoides,Hieraaetus morphnoides,Little Eagle,583880291,https://inaturalist-open-data.s3.amazonaws.com/photos/583880291/medium.jpg,cc-by-nc,2025-10-24,-37.099670744,144.2409182284,research,2,iNaturalist,C:\Projects\raptor_australia\dataset\raw\hieraaetus_morphnoides\hieraaetus_morphnoides_322731319_583880291.jpg,already_exists
322539474,hieraaetus_morphnoides,Hieraaetus morphnoides,Little Eagle,583496021,https://inaturalist-open-data.s3.amazonaws.com/photos/583496021/medium.jpg,cc-by-nc,2025-10-22,-28.0097328596,149.1377609642,research,2,iNaturalist,C:\Projects\raptor_australia\dataset\raw\hieraaetus_morphnoides\hieraaetus_morphnoides_322539474_583496021.jpg,already_exists
322367020,hieraaetus_morphnoides,Hieraaetus morphnoides,Little Eagle,583160603,https://inaturalist-open-data.s3.amazonaws.com/photos/583160603/medium.jpg,cc-by-nc,2011-12-29,-32.1982812595,149.3742167387,research,2,iNaturalist,C:\Projects\raptor_australia\dataset\raw\hieraaetus_morphnoides\hieraaetus_morphnoides_322367020_583160603.jpg,already_exists
322134154,hieraaetus_morphnoides,Hieraaetus morphnoides,Little Eagle,582687644,https://inaturalist-open-data.s3.amazonaws.com/photos/582687644/medium.jpg,cc-by-nc,2025-10-19,-36.3736696899,148.8522566984,research,1,iNaturalist,C:\Projects\raptor_australia\dataset\raw\hieraaetus_morphnoides\hieraaetus_morphnoides_322134154_582687644.jpg,already_exists
321972191,hieraaetus_morphnoides,Hieraaetus morphnoides,Little Eagle,582367642,https://inaturalist-open-data.s3.amazonaws.com/photos/582367642/medium.jpg,cc-by-nc,2025-10-10,-32.4403283535,142.2633190645,research,2,iNaturalist,C:\Projects\raptor_australia\dataset\raw\hieraaetus_morphnoides\hieraaetus_morphnoides_321972191_582367642.jpg,already_exists
321822106,hieraaetus_morphnoides,Hieraaetus morphnoides,Little Eagle,582069795,https://inaturalist-open-data.s3.amazonaws.com/photos/582069795/medium.jpg,cc-by-nc,2025-06-29,-34.1680365526,150.8115101565,research,3,iNaturalist,C:\Projects\raptor_australia\dataset\raw\hieraaetus_morphnoides\hieraaetus_morphnoides_321822106_582069795.jpg,already_exists
321795114,hieraaetus_morphnoides,Hieraaetus morphnoides,Little Eagle,582016245,https://inaturalist-open-data.s3.amazonaws.com/photos/582016245/medium.jpg,cc-by-nc,2025-10-19,-35.278878,149.108918,research,2,iNaturalist,C:\Projects\raptor_australia\dataset\raw\hieraaetus_morphnoides\hieraaetus_morphnoides_321795114_582016245.jpg,already_exists
321793295,hieraaetus_morphnoides,Hieraaetus morphnoides,Little Eagle,582013110,https://inaturalist-open-data.s3.amazonaws.com/photos/582013110/medium.jpg,cc-by-nc,2025-10-18,-29.8169383265,151.12115,research,2,iNaturalist,C:\Projects\raptor_australia\dataset\raw\hieraaetus_morphnoides\hieraaetus_morphnoides_321793295_582013110.jpg,already_exists
321718454,hieraaetus_morphnoides,Hieraaetus morphnoides,Little Eagle,581861497,https://inaturalist-open-data.s3.amazonaws.com/photos/581861497/medium.jpg,cc-by-nc,2025-10-18,-36.3762403709,148.8499148789,research,2,iNaturalist,C:\Projects\raptor_australia\dataset\raw\hieraaetus_morphnoides\hieraaetus_morphnoides_321718454_581861497.jpg,already_exists
321566708,hieraaetus_morphnoides,Hieraaetus morphnoides,Little Eagle,581576758,https://inaturalist-open-data.s3.amazonaws.com/photos/581576758/medium.jpg,cc-by-nc,2025-10-18,-37.7331860027,144.8383425997,research,2,iNaturalist,C:\Projects\raptor_australia\dataset\raw\hieraaetus_morphnoides\hieraaetus_morphnoides_321566708_581576758.jpg,already_exists
321558291,hieraaetus_morphnoides,Hieraaetus morphnoides,Little Eagle,581559977,https://inaturalist-open-data.s3.amazonaws.com/photos/581559977/medium.jpg,cc-by-nc,2025-10-12,-35.3422179581,149.2029394582,research,2,iNaturalist,C:\Projects\raptor_australia\dataset\raw\hieraaetus_morphnoides\hieraaetus_morphnoides_321558291_581559977.jpg,already_exists
321499688,hieraaetus_morphnoides,Hieraaetus morphnoides,Little Eagle,581554393,https://inaturalist-open-data.s3.amazonaws.com/photos/581554393/medium.gif,cc-by-nc,2025-10-18,-34.430007753,142.2370617652,research,4,iNaturalist,C:\Projects\raptor_australia\dataset\raw\hieraaetus_morphnoides\hieraaetus_morphnoides_321499688_581554393.jpg,already_exists
321386958,hieraaetus_morphnoides,Hieraaetus morphnoides,Little Eagle,581228011,https://inaturalist-open-data.s3.amazonaws.com/photos/581228011/medium.jpg,cc-by-nc,2025-10-16,-33.4320056821,149.3847203131,research,3,iNaturalist,C:\Projects\raptor_australia\dataset\raw\hieraaetus_morphnoides\hieraaetus_morphnoides_321386958_581228011.jpg,already_exists
321385327,hieraaetus_morphnoides,Hieraaetus morphnoides,Little Eagle,581225382,https://inaturalist-open-data.s3.amazonaws.com/photos/581225382/medium.jpg,cc-by-nc-sa,2025-10-13,-36.407741695,146.2175016117,research,4,iNaturalist,C:\Projects\raptor_australia\dataset\raw\hieraaetus_morphnoides\hieraaetus_morphnoides_321385327_581225382.jpg,already_exists
320822673,hieraaetus_morphnoides,Hieraaetus morphnoides,Little Eagle,580119718,https://static.inaturalist.org/photos/580119718/medium.jpg,,2025-10-14,-33.6616883333,151.1616833333,research,2,iNaturalist,C:\Projects\raptor_australia\dataset\raw\hieraaetus_morphnoides\hieraaetus_morphnoides_320822673_580119718.jpg,already_exists
320732076,hieraaetus_morphnoides,Hieraaetus morphnoides,Little Eagle,579939761,https://inaturalist-open-data.s3.amazonaws.com/photos/579939761/medium.jpg,cc-by,2025-10-13,-35.2652981025,149.1083812769,research,5,iNaturalist,C:\Projects\raptor_australia\dataset\raw\hieraaetus_morphnoides\hieraaetus_morphnoides_320732076_579939761.jpg,already_exists
320605809,hieraaetus_morphnoides,Hieraaetus morphnoides,Little Eagle,579692945,https://inaturalist-open-data.s3.amazonaws.com/photos/579692945/medium.jpg,cc-by-nc,2025-10-12,-34.7461678425,142.3459954153,research,3,iNaturalist,C:\Projects\raptor_australia\dataset\raw\hieraaetus_morphnoides\hieraaetus_morphnoides_320605809_579692945.jpg,already_exists
320343787,hieraaetus_morphnoides,Hieraaetus morphnoides,Little Eagle,579180365,https://inaturalist-open-data.s3.amazonaws.com/photos/579180365/medium.jpg,cc-by-nc,2025-09-23,-31.596020617,116.4384921603,research,4,iNaturalist,C:\Projects\raptor_australia\dataset\raw\hieraaetus_morphnoides\hieraaetus_morphnoides_320343787_579180365.jpg,already_exists
320279299,hieraaetus_morphnoides,Hieraaetus morphnoides,Little Eagle,579049190,https://inaturalist-open-data.s3.amazonaws.com/photos/579049190/medium.jpg,cc-by-nc,2025-01-20,-29.75432,151.7365283333,research,6,iNaturalist,C:\Projects\raptor_australia\dataset\raw\hieraaetus_morphnoides\hieraaetus_morphnoides_320279299_579049190.jpg,already_exists
319668929,hieraaetus_morphnoides,Hieraaetus morphnoides,Little Eagle,577874517,https://inaturalist-open-data.s3.amazonaws.com/photos/577874517/medium.jpg,cc-by-nc-sa,2025-10-08,-34.644853,148.013466,research,2,iNaturalist,C:\Projects\raptor_australia\dataset\raw\hieraaetus_morphnoides\hieraaetus_morphnoides_319668929_577874517.jpg,already_exists
319558345,hieraaetus_morphnoides,Hieraaetus morphnoides,Little Eagle,577663459,https://inaturalist-open-data.s3.amazonaws.com/photos/577663459/medium.jpg,cc-by-nc,2025-10-05,-32.2781295618,115.856556587,research,4,iNaturalist,C:\Projects\raptor_australia\dataset\raw\hieraaetus_morphnoides\hieraaetus_morphnoides_319558345_577663459.jpg,already_exists
319537335,hieraaetus_morphnoides,Hieraaetus morphnoides,Little Eagle,577625060,https://inaturalist-open-data.s3.amazonaws.com/photos/577625060/medium.jpg,cc-by-nc,2025-08-23,-30.5354287,145.115649,research,4,iNaturalist,C:\Projects\raptor_australia\dataset\raw\hieraaetus_morphnoides\hieraaetus_morphnoides_319537335_577625060.jpg,already_exists
319527168,hieraaetus_morphnoides,Hieraaetus morphnoides,Little Eagle,577605314,https://inaturalist-open-data.s3.amazonaws.com/photos/577605314/medium.jpg,cc-by,2025-09-23,-35.9003418532,144.9242945508,research,3,iNaturalist,C:\Projects\raptor_australia\dataset\raw\hieraaetus_morphnoides\hieraaetus_morphnoides_319527168_577605314.jpg,already_exists
319077455,hieraaetus_morphnoides,Hieraaetus morphnoides,Little Eagle,576745177,https://inaturalist-open-data.s3.amazonaws.com/photos/576745177/medium.jpg,cc-by-nc,2025-10-05,-35.1496214686,139.3643928631,research,3,iNaturalist,C:\Projects\raptor_australia\dataset\raw\hieraaetus_morphnoides\hieraaetus_morphnoides_319077455_576745177.jpg,already_exists
319077453,hieraaetus_morphnoides,Hieraaetus morphnoides,Little Eagle,576745159,https://inaturalist-open-data.s3.amazonaws.com/photos/576745159/medium.jpg,cc-by-nc,2025-10-05,-35.1163876366,139.2348641771,research,3,iNaturalist,C:\Projects\raptor_australia\dataset\raw\hieraaetus_morphnoides\hieraaetus_morphnoides_319077453_576745159.jpg,already_exists
319074809,hieraaetus_morphnoides,Hieraaetus morphnoides,Little Eagle,576738377,https://inaturalist-open-data.s3.amazonaws.com/photos/576738377/medium.jpg,cc-by-nc,2025-10-04,-36.4748275,143.7543488889,research,4,iNaturalist,C:\Projects\raptor_australia\dataset\raw\hieraaetus_morphnoides\hieraaetus_morphnoides_319074809_576738377.jpg,already_exists
318765556,hieraaetus_morphnoides,Hieraaetus morphnoides,Little Eagle,576143795,https://inaturalist-open-data.s3.amazonaws.com/photos/576143795/medium.jpg,cc-by-nc,2025-03-22,-27.7030912951,151.8606353884,research,3,iNaturalist,C:\Projects\raptor_australia\dataset\raw\hieraaetus_morphnoides\hieraaetus_morphnoides_318765556_576143795.jpg,already_exists
318309709,hieraaetus_morphnoides,Hieraaetus morphnoides,Little Eagle,575272421,https://inaturalist-open-data.s3.amazonaws.com/photos/575272421/medium.jpg,cc-by-nc,2025-10-03,-35.342353,149.2026299,research,5,iNaturalist,C:\Projects\raptor_australia\dataset\raw\hieraaetus_morphnoides\hieraaetus_morphnoides_318309709_575272421.jpg,already_exists
318132238,hieraaetus_morphnoides,Hieraaetus morphnoides,Little Eagle,574935843,https://inaturalist-open-data.s3.amazonaws.com/photos/574935843/medium.jpg,cc-by-nc,2025-10-02,-28.2137953269,152.0306589827,research,4,iNaturalist,C:\Projects\raptor_australia\dataset\raw\hieraaetus_morphnoides\hieraaetus_morphnoides_318132238_574935843.jpg,already_exists
317130209,hieraaetus_morphnoides,Hieraaetus morphnoides,Little Eagle,573022208,https://inaturalist-open-data.s3.amazonaws.com/photos/573022208/medium.jpg,cc-by-nc,2025-09-27,-20.0175553245,134.2008116841,research,3,iNaturalist,C:\Projects\raptor_australia\dataset\raw\hieraaetus_morphnoides\hieraaetus_morphnoides_317130209_573022208.jpg,already_exists
316908747,hieraaetus_morphnoides,Hieraaetus morphnoides,Little Eagle,572612099,https://inaturalist-open-data.s3.amazonaws.com/photos/572612099/medium.jpg,cc-by-nc,2025-09-27,-32.000275,115.9929283333,research,4,iNaturalist,C:\Projects\raptor_australia\dataset\raw\hieraaetus_morphnoides\hieraaetus_morphnoides_316908747_572612099.jpg,already_exists
316485861,hieraaetus_morphnoides,Hieraaetus morphnoides,Little Eagle,571813494,https://inaturalist-open-data.s3.amazonaws.com/photos/571813494/medium.jpg,cc-by-nc,2025-09-05,-34.4929485982,147.4668022245,research,4,iNaturalist,C:\Projects\raptor_australia\dataset\raw\hieraaetus_morphnoides\hieraaetus_morphnoides_316485861_571813494.jpg,already_exists
316476516,hieraaetus_morphnoides,Hieraaetus morphnoides,Little Eagle,571796484,https://static.inaturalist.org/photos/571796484/medium.jpg,,2025-09-25,-37.7553374442,144.8854594404,research,3,iNaturalist,C:\Projects\raptor_australia\dataset\raw\hieraaetus_morphnoides\hieraaetus_morphnoides_316476516_571796484.jpg,already_exists
316031692,hieraaetus_morphnoides,Hieraaetus morphnoides,Little Eagle,570958158,https://inaturalist-open-data.s3.amazonaws.com/photos/570958158/medium.jpg,cc-by-nc,2025-07-08,-32.2516077032,148.2332468033,research,4,iNaturalist,C:\Projects\raptor_australia\dataset\raw\hieraaetus_morphnoides\hieraaetus_morphnoides_316031692_570958158.jpg,already_exists
315994433,hieraaetus_morphnoides,Hieraaetus morphnoides,Little Eagle,570893334,https://inaturalist-open-data.s3.amazonaws.com/photos/570893334/medium.jpg,cc-by-nc,2025-07-06,-33.6890582318,150.962728873,research,3,iNaturalist,C:\Projects\raptor_australia\dataset\raw\hieraaetus_morphnoides\hieraaetus_morphnoides_315994433_570893334.jpg,already_exists
315934168,hieraaetus_morphnoides,Hieraaetus morphnoides,Little Eagle,570778256,https://static.inaturalist.org/photos/570778256/medium.jpg,,2025-09-23,-37.7553911823,144.8855725134,research,4,iNaturalist,C:\Projects\raptor_australia\dataset\raw\hieraaetus_morphnoides\hieraaetus_morphnoides_315934168_570778256.jpg,already_exists
315762944,hieraaetus_morphnoides,Hieraaetus morphnoides,Little Eagle,570441593,https://inaturalist-open-data.s3.amazonaws.com/photos/570441593/medium.jpg,cc-by-nc,2025-09-09,-24.107675,143.3558666667,research,3,iNaturalist,C:\Projects\raptor_australia\dataset\raw\hieraaetus_morphnoides\hieraaetus_morphnoides_315762944_570441593.jpg,already_exists
315479869,hieraaetus_morphnoides,Hieraaetus morphnoides,Little Eagle,569911610,https://inaturalist-open-data.s3.amazonaws.com/photos/569911610/medium.jpg,cc-by-nc-nd,2025-09-21,-31.9789581306,115.8004624412,research,3,iNaturalist,C:\Projects\raptor_australia\dataset\raw\hieraaetus_morphnoides\hieraaetus_morphnoides_315479869_569911610.jpg,already_exists
315449419,hieraaetus_morphnoides,Hieraaetus morphnoides,Little Eagle,569852824,https://inaturalist-open-data.s3.amazonaws.com/photos/569852824/medium.jpg,cc-by-nc,2025-09-18,-37.7551,144.8822633333,research,5,iNaturalist,C:\Projects\raptor_australia\dataset\raw\hieraaetus_morphnoides\hieraaetus_morphnoides_315449419_569852824.jpg,already_exists
315443281,hieraaetus_morphnoides,Hieraaetus morphnoides,Little Eagle,569838493,https://inaturalist-open-data.s3.amazonaws.com/photos/569838493/medium.jpg,cc-by-nc,2021-07-23,-29.2452172989,137.9029225117,research,3,iNaturalist,C:\Projects\raptor_australia\dataset\raw\hieraaetus_morphnoides\hieraaetus_morphnoides_315443281_569838493.jpg,already_exists
314990510,hieraaetus_morphnoides,Hieraaetus morphnoides,Little Eagle,568979126,https://inaturalist-open-data.s3.amazonaws.com/photos/568979126/medium.jpg,cc-by-nc-sa,2025-09-17,-36.4078349967,146.2165147217,research,2,iNaturalist,C:\Projects\raptor_australia\dataset\raw\hieraaetus_morphnoides\hieraaetus_morphnoides_314990510_568979126.jpg,already_exists
314288680,hieraaetus_morphnoides,Hieraaetus morphnoides,Little Eagle,567654071,https://static.inaturalist.org/photos/567654071/medium.jpg,,2025-09-16,-31.2775625,148.9896875,research,2,iNaturalist,C:\Projects\raptor_australia\dataset\raw\hieraaetus_morphnoides\hieraaetus_morphnoides_314288680_567654071.jpg,already_exists
314052690,hieraaetus_morphnoides,Hieraaetus morphnoides,Little Eagle,567201457,https://inaturalist-open-data.s3.amazonaws.com/photos/567201457/medium.jpg,cc-by,2025-09-15,-25.7900482887,152.6963932439,research,3,iNaturalist,C:\Projects\raptor_australia\dataset\raw\hieraaetus_morphnoides\hieraaetus_morphnoides_314052690_567201457.jpg,already_exists
314023839,hieraaetus_morphnoides,Hieraaetus morphnoides,Little Eagle,567143832,https://static.inaturalist.org/photos/567143832/medium.jpg,,2024-11-30,-34.707002,142.331955,research,2,iNaturalist,C:\Projects\raptor_australia\dataset\raw\hieraaetus_morphnoides\hieraaetus_morphnoides_314023839_567143832.jpg,already_exists
313847347,hieraaetus_morphnoides,Hieraaetus morphnoides,Little Eagle,566806205,https://inaturalist-open-data.s3.amazonaws.com/photos/566806205/medium.jpg,cc-by-nc,2025-09-07,-31.4936595775,116.2483356029,research,2,iNaturalist,C:\Projects\raptor_australia\dataset\raw\hieraaetus_morphnoides\hieraaetus_morphnoides_313847347_566806205.jpg,already_exists
313745600,hieraaetus_morphnoides,Hieraaetus morphnoides,Little Eagle,566611349,https://static.inaturalist.org/photos/566611349/medium.jpg,,2025-09-01,-33.7576056,140.059845,research,3,iNaturalist,C:\Projects\raptor_australia\dataset\raw\hieraaetus_morphnoides\hieraaetus_morphnoides_313745600_566611349.jpg,already_exists
313562530,hieraaetus_morphnoides,Hieraaetus morphnoides,Little Eagle,566266818,https://inaturalist-open-data.s3.amazonaws.com/photos/566266818/medium.jpg,cc-by-nc,2025-09-13,-32.0189761424,116.0358867422,research,2,iNaturalist,C:\Projects\raptor_australia\dataset\raw\hieraaetus_morphnoides\hieraaetus_morphnoides_313562530_566266818.jpg,already_exists
313492142,hieraaetus_morphnoides,Hieraaetus morphnoides,Little Eagle,566459269,https://static.inaturalist.org/photos/566459269/medium.jpg,,2025-09-13,-37.6363072188,144.8477370618,research,2,iNaturalist,C:\Projects\raptor_australia\dataset\raw\hieraaetus_morphnoides\hieraaetus_morphnoides_313492142_566459269.jpg,already_exists
313479782,hieraaetus_morphnoides,Hieraaetus morphnoides,Little Eagle,566108194,https://inaturalist-open-data.s3.amazonaws.com/photos/566108194/medium.jpg,cc-by-nc,2024-07-17,-34.8440882163,118.464369287,research,3,iNaturalist,C:\Projects\raptor_australia\dataset\raw\hieraaetus_morphnoides\hieraaetus_morphnoides_313479782_566108194.jpg,already_exists
311913087,hieraaetus_morphnoides,Hieraaetus morphnoides,Little Eagle,563101870,https://inaturalist-open-data.s3.amazonaws.com/photos/563101870/medium.jpg,cc-by-nc,2025-09-06,-38.2256348714,144.2631766088,research,4,iNaturalist,C:\Projects\raptor_australia\dataset\raw\hieraaetus_morphnoides\hieraaetus_morphnoides_311913087_563101870.jpg,already_exists
311868164,hieraaetus_morphnoides,Hieraaetus morphnoides,Little Eagle,563021469,https://inaturalist-open-data.s3.amazonaws.com/photos/563021469/medium.jpg,cc-by-nc,2025-09-06,-37.6413185566,144.8496987843,research,2,iNaturalist,C:\Projects\raptor_australia\dataset\raw\hieraaetus_morphnoides\hieraaetus_morphnoides_311868164_563021469.jpg,already_exists
311867716,hieraaetus_morphnoides,Hieraaetus morphnoides,Little Eagle,563020569,https://inaturalist-open-data.s3.amazonaws.com/photos/563020569/medium.jpg,cc-by-nc,2025-09-06,-37.6413185566,144.8496987843,research,2,iNaturalist,C:\Projects\raptor_australia\dataset\raw\hieraaetus_morphnoides\hieraaetus_morphnoides_311867716_563020569.jpg,already_exists
311856315,hieraaetus_morphnoides,Hieraaetus morphnoides,Little Eagle,562999065,https://inaturalist-open-data.s3.amazonaws.com/photos/562999065/medium.jpg,cc-by-nc,2025-09-04,-35.1066562031,139.2024606005,research,2,iNaturalist,C:\Projects\raptor_australia\dataset\raw\hieraaetus_morphnoides\hieraaetus_morphnoides_311856315_562999065.jpg,already_exists
311612014,hieraaetus_morphnoides,Hieraaetus morphnoides,Little Eagle,562524091,https://inaturalist-open-data.s3.amazonaws.com/photos/562524091/medium.jpg,cc-by-nc,2025-01-20,-35.157843,142.660526,research,2,iNaturalist,C:\Projects\raptor_australia\dataset\raw\hieraaetus_morphnoides\hieraaetus_morphnoides_311612014_562524091.jpg,already_exists
310990070,hieraaetus_morphnoides,Hieraaetus morphnoides,Little Eagle,561343531,https://inaturalist-open-data.s3.amazonaws.com/photos/561343531/medium.jpg,cc-by,2025-08-03,-32.4935661,137.7743496,research,2,iNaturalist,C:\Projects\raptor_australia\dataset\raw\hieraaetus_morphnoides\hieraaetus_morphnoides_310990070_561343531.jpg,already_exists
310948575,hieraaetus_morphnoides,Hieraaetus morphnoides,Little Eagle,561261056,https://inaturalist-open-data.s3.amazonaws.com/photos/561261056/medium.jpg,cc-by-nc,2025-09-02,-35.1057162861,117.8667582572,research,2,iNaturalist,C:\Projects\raptor_australia\dataset\raw\hieraaetus_morphnoides\hieraaetus_morphnoides_310948575_561261056.jpg,already_exists
310156741,hieraaetus_morphnoides,Hieraaetus morphnoides,Little Eagle,559700269,https://inaturalist-open-data.s3.amazonaws.com/photos/559700269/medium.jpg,cc-by-nc,2025-08-30,-31.7803442747,115.8409651831,research,2,iNaturalist,C:\Projects\raptor_australia\dataset\raw\hieraaetus_morphnoides\hieraaetus_morphnoides_310156741_559700269.jpg,already_exists
309894012,hieraaetus_morphnoides,Hieraaetus morphnoides,Little Eagle,559250396,https://inaturalist-open-data.s3.amazonaws.com/photos/559250396/medium.jpg,cc-by-nc,2025-08-22,-33.0224796381,138.1072415831,research,5,iNaturalist,C:\Projects\raptor_australia\dataset\raw\hieraaetus_morphnoides\hieraaetus_morphnoides_309894012_559250396.jpg,already_exists
309894004,hieraaetus_morphnoides,Hieraaetus morphnoides,Little Eagle,559249557,https://inaturalist-open-data.s3.amazonaws.com/photos/559249557/medium.jpg,cc-by-nc,2025-08-22,-33.0550228,138.0945228,research,2,iNaturalist,C:\Projects\raptor_australia\dataset\raw\hieraaetus_morphnoides\hieraaetus_morphnoides_309894004_559249557.jpg,already_exists
308951866,hieraaetus_morphnoides,Hieraaetus morphnoides,Little Eagle,557453234,https://inaturalist-open-data.s3.amazonaws.com/photos/557453234/medium.jpg,cc-by-nc,2025-08-25,-38.0019140462,144.4111982415,research,2,iNaturalist,C:\Projects\raptor_australia\dataset\raw\hieraaetus_morphnoides\hieraaetus_morphnoides_308951866_557453234.jpg,already_exists
308424709,hieraaetus_morphnoides,Hieraaetus morphnoides,Little Eagle,556439831,https://static.inaturalist.org/photos/556439831/medium.jpg,,2025-08-22,-33.0249528333,138.1029805,research,2,iNaturalist,C:\Projects\raptor_australia\dataset\raw\hieraaetus_morphnoides\hieraaetus_morphnoides_308424709_556439831.jpg,already_exists
308417223,hieraaetus_morphnoides,Hieraaetus morphnoides,Little Eagle,556425608,https://static.inaturalist.org/photos/556425608/medium.jpg,,2025-08-22,-33.0245333333,138.1029666667,research,2,iNaturalist,C:\Projects\raptor_australia\dataset\raw\hieraaetus_morphnoides\hieraaetus_morphnoides_308417223_556425608.jpg,already_exists
308057869,hieraaetus_morphnoides,Hieraaetus morphnoides,Little Eagle,555729783,https://inaturalist-open-data.s3.amazonaws.com/photos/555729783/medium.jpg,cc-by-nc,2025-08-19,-38.1411157764,145.2745097503,research,2,iNaturalist,C:\Projects\raptor_australia\dataset\raw\hieraaetus_morphnoides\hieraaetus_morphnoides_308057869_555729783.jpg,already_exists
307964588,hieraaetus_morphnoides,Hieraaetus morphnoides,Little Eagle,555557260,https://static.inaturalist.org/photos/555557260/medium.jpg,,2025-07-19,-37.8424333333,145.3719361111,research,3,iNaturalist,C:\Projects\raptor_australia\dataset\raw\hieraaetus_morphnoides\hieraaetus_morphnoides_307964588_555557260.jpg,already_exists
307642030,hieraaetus_morphnoides,Hieraaetus morphnoides,Little Eagle,554929465,https://inaturalist-open-data.s3.amazonaws.com/photos/554929465/medium.jpg,cc-by-nc,2025-08-19,-38.2007322258,144.294912576,research,3,iNaturalist,C:\Projects\raptor_australia\dataset\raw\hieraaetus_morphnoides\hieraaetus_morphnoides_307642030_554929465.jpg,already_exists
307392328,hieraaetus_morphnoides,Hieraaetus morphnoides,Little Eagle,554444839,https://inaturalist-open-data.s3.amazonaws.com/photos/554444839/medium.jpg,cc-by-nc,2025-08-16,-37.5670809312,144.6910971692,research,2,iNaturalist,C:\Projects\raptor_australia\dataset\raw\hieraaetus_morphnoides\hieraaetus_morphnoides_307392328_554444839.jpg,already_exists
306392549,hieraaetus_morphnoides,Hieraaetus morphnoides,Little Eagle,552535773,https://inaturalist-open-data.s3.amazonaws.com/photos/552535773/medium.jpg,cc-by-nc,2025-08-15,-27.4010848,153.0830177,research,2,iNaturalist,C:\Projects\raptor_australia\dataset\raw\hieraaetus_morphnoides\hieraaetus_morphnoides_306392549_552535773.jpg,already_exists
306362778,hieraaetus_morphnoides,Hieraaetus morphnoides,Little Eagle,552477649,https://inaturalist-open-data.s3.amazonaws.com/photos/552477649/medium.jpg,cc-by-nc,2025-05-22,-21.9355125776,114.1348014157,research,2,iNaturalist,C:\Projects\raptor_australia\dataset\raw\hieraaetus_morphnoides\hieraaetus_morphnoides_306362778_552477649.jpg,already_exists
306234098,hieraaetus_morphnoides,Hieraaetus morphnoides,Little Eagle,552232692,https://inaturalist-open-data.s3.amazonaws.com/photos/552232692/medium.jpg,cc-by-nc,2025-08-10,-34.6520373225,139.3532399833,research,3,iNaturalist,C:\Projects\raptor_australia\dataset\raw\hieraaetus_morphnoides\hieraaetus_morphnoides_306234098_552232692.jpg,already_exists
306204777,hieraaetus_morphnoides,Hieraaetus morphnoides,Little Eagle,552178340,https://inaturalist-open-data.s3.amazonaws.com/photos/552178340/medium.jpg,cc-by-nc,2025-08-14,-27.711519364,114.1612922066,research,4,iNaturalist,C:\Projects\raptor_australia\dataset\raw\hieraaetus_morphnoides\hieraaetus_morphnoides_306204777_552178340.jpg,already_exists
305999903,hieraaetus_morphnoides,Hieraaetus morphnoides,Little Eagle,553039815,https://inaturalist-open-data.s3.amazonaws.com/photos/553039815/medium.jpg,cc-by-nc-sa,2025-07-03,-34.8332633991,138.5461999488,research,3,iNaturalist,C:\Projects\raptor_australia\dataset\raw\hieraaetus_morphnoides\hieraaetus_morphnoides_305999903_553039815.jpg,already_exists
305990695,hieraaetus_morphnoides,Hieraaetus morphnoides,Little Eagle,551766721,https://inaturalist-open-data.s3.amazonaws.com/photos/551766721/medium.jpg,cc-by-nc-sa,2025-08-10,-36.1676374317,144.2442871183,research,3,iNaturalist,C:\Projects\raptor_australia\dataset\raw\hieraaetus_morphnoides\hieraaetus_morphnoides_305990695_551766721.jpg,already_exists
305217403,hieraaetus_morphnoides,Hieraaetus morphnoides,Little Eagle,550296583,https://static.inaturalist.org/photos/550296583/medium.jpg,,2025-08-09,-37.1226675576,145.4124768823,research,4,iNaturalist,C:\Projects\raptor_australia\dataset\raw\hieraaetus_morphnoides\hieraaetus_morphnoides_305217403_550296583.jpg,already_exists
304918076,hieraaetus_morphnoides,Hieraaetus morphnoides,Little Eagle,549731201,https://inaturalist-open-data.s3.amazonaws.com/photos/549731201/medium.jpg,cc-by-nc,2025-08-08,-34.6518034395,139.3341067806,research,4,iNaturalist,C:\Projects\raptor_australia\dataset\raw\hieraaetus_morphnoides\hieraaetus_morphnoides_304918076_549731201.jpg,already_exists
304913474,hieraaetus_morphnoides,Hieraaetus morphnoides,Little Eagle,549721229,https://inaturalist-open-data.s3.amazonaws.com/photos/549721229/medium.jpg,cc-by-nc,2025-08-08,-38.090370497,144.3677468216,research,3,iNaturalist,C:\Projects\raptor_australia\dataset\raw\hieraaetus_morphnoides\hieraaetus_morphnoides_304913474_549721229.jpg,already_exists
304410712,hieraaetus_morphnoides,Hieraaetus morphnoides,Little Eagle,548775453,https://inaturalist-open-data.s3.amazonaws.com/photos/548775453/medium.jpg,cc-by,2025-08-07,-22.9124574951,138.8720761612,research,2,iNaturalist,C:\Projects\raptor_australia\dataset\raw\hieraaetus_morphnoides\hieraaetus_morphnoides_304410712_548775453.jpg,already_exists
304124873,hieraaetus_morphnoides,Hieraaetus morphnoides,Little Eagle,548223321,https://inaturalist-open-data.s3.amazonaws.com/photos/548223321/medium.jpg,cc-by-nc,2025-08-06,-37.9386264346,144.6750956897,research,2,iNaturalist,C:\Projects\raptor_australia\dataset\raw\hieraaetus_morphnoides\hieraaetus_morphnoides_304124873_548223321.jpg,already_exists
303365608,hieraaetus_morphnoides,Hieraaetus morphnoides,Little Eagle,546781815,https://inaturalist-open-data.s3.amazonaws.com/photos/546781815/medium.jpg,cc-by-nc,2025-08-02,-38.0906412319,144.3680123578,research,2,iNaturalist,C:\Projects\raptor_australia\dataset\raw\hieraaetus_morphnoides\hieraaetus_morphnoides_303365608_546781815.jpg,already_exists
303042740,hieraaetus_morphnoides,Hieraaetus morphnoides,Little Eagle,546181352,https://inaturalist-open-data.s3.amazonaws.com/photos/546181352/medium.jpg,cc-by-nc,2025-08-02,-36.3658333333,146.2284383333,research,1,iNaturalist,C:\Projects\raptor_australia\dataset\raw\hieraaetus_morphnoides\hieraaetus_morphnoides_303042740_546181352.jpg,already_exists
303039554,hieraaetus_morphnoides,Hieraaetus morphnoides,Little Eagle,546175491,https://inaturalist-open-data.s3.amazonaws.com/photos/546175491/medium.jpg,cc-by-nc,2025-08-02,-35.3065527778,139.4236611111,research,1,iNaturalist,C:\Projects\raptor_australia\dataset\raw\hieraaetus_morphnoides\hieraaetus_morphnoides_303039554_546175491.jpg,already_exists
302278501,hieraaetus_morphnoides,Hieraaetus morphnoides,Little Eagle,544761823,https://inaturalist-open-data.s3.amazonaws.com/photos/544761823/medium.jpg,cc-by-nc,2025-07-30,-32.07378764,115.843962224,research,4,iNaturalist,C:\Projects\raptor_australia\dataset\raw\hieraaetus_morphnoides\hieraaetus_morphnoides_302278501_544761823.jpg,already_exists
302235308,hieraaetus_morphnoides,Hieraaetus morphnoides,Little Eagle,544678487,https://inaturalist-open-data.s3.amazonaws.com/photos/544678487/medium.jpg,cc-by-nc,2025-07-04,-37.9240729525,144.6660935506,research,3,iNaturalist,C:\Projects\raptor_australia\dataset\raw\hieraaetus_morphnoides\hieraaetus_morphnoides_302235308_544678487.jpg,already_exists
301460280,hieraaetus_morphnoides,Hieraaetus morphnoides,Little Eagle,543231994,https://inaturalist-open-data.s3.amazonaws.com/photos/543231994/medium.jpg,cc-by-nc,2025-07-26,-34.4529638798,115.968347653,research,2,iNaturalist,C:\Projects\raptor_australia\dataset\raw\hieraaetus_morphnoides\hieraaetus_morphnoides_301460280_543231994.jpg,already_exists
300062476,hieraaetus_morphnoides,Hieraaetus morphnoides,Little Eagle,541152825,https://inaturalist-open-data.s3.amazonaws.com/photos/541152825/medium.jpg,cc-by-nc-sa,2025-07-21,-34.8331344788,138.5527871855,research,4,iNaturalist,C:\Projects\raptor_australia\dataset\raw\hieraaetus_morphnoides\hieraaetus_morphnoides_300062476_541152825.jpg,already_exists
300012144,hieraaetus_morphnoides,Hieraaetus morphnoides,Little Eagle,540529249,https://inaturalist-open-data.s3.amazonaws.com/photos/540529249/medium.jpg,cc-by-nc,2025-07-22,-33.7676475056,151.0682904348,research,4,iNaturalist,C:\Projects\raptor_australia\dataset\raw\hieraaetus_morphnoides\hieraaetus_morphnoides_300012144_540529249.jpg,already_exists
299138677,hieraaetus_morphnoides,Hieraaetus morphnoides,Little Eagle,538912633,https://static.inaturalist.org/photos/538912633/medium.jpg,,2022-11-18,-37.673047634,144.8210513446,research,2,iNaturalist,C:\Projects\raptor_australia\dataset\raw\hieraaetus_morphnoides\hieraaetus_morphnoides_299138677_538912633.jpg,already_exists
298858951,hieraaetus_morphnoides,Hieraaetus morphnoides,Little Eagle,538377187,https://inaturalist-open-data.s3.amazonaws.com/photos/538377187/medium.jpg,cc-by-nc,2025-07-18,-37.7062046,144.6019571,research,2,iNaturalist,C:\Projects\raptor_australia\dataset\raw\hieraaetus_morphnoides\hieraaetus_morphnoides_298858951_538377187.jpg,already_exists
298856772,hieraaetus_morphnoides,Hieraaetus morphnoides,Little Eagle,538372316,https://inaturalist-open-data.s3.amazonaws.com/photos/538372316/medium.jpg,cc-by-nc,2025-06-09,-34.93779,149.42051,research,3,iNaturalist,C:\Projects\raptor_australia\dataset\raw\hieraaetus_morphnoides\hieraaetus_morphnoides_298856772_538372316.jpg,already_exists
298606156,hieraaetus_morphnoides,Hieraaetus morphnoides,Little Eagle,537891601,https://inaturalist-open-data.s3.amazonaws.com/photos/537891601/medium.jpg,cc-by-nc,2025-07-17,-33.8805657187,151.0154023498,research,4,iNaturalist,C:\Projects\raptor_australia\dataset\raw\hieraaetus_morphnoides\hieraaetus_morphnoides_298606156_537891601.jpg,already_exists
298384190,hieraaetus_morphnoides,Hieraaetus morphnoides,Little Eagle,537467521,https://inaturalist-open-data.s3.amazonaws.com/photos/537467521/medium.jpg,cc-by-nc,2025-07-16,-27.8757050282,152.7811631747,research,2,iNaturalist,C:\Projects\raptor_australia\dataset\raw\hieraaetus_morphnoides\hieraaetus_morphnoides_298384190_537467521.jpg,already_exists
298346020,hieraaetus_morphnoides,Hieraaetus morphnoides,Little Eagle,537392723,https://static.inaturalist.org/photos/537392723/medium.jpg,,2025-07-16,-37.8869506479,144.8056691921,research,2,iNaturalist,C:\Projects\raptor_australia\dataset\raw\hieraaetus_morphnoides\hieraaetus_morphnoides_298346020_537392723.jpg,already_exists
298342749,hieraaetus_morphnoides,Hieraaetus morphnoides,Little Eagle,537385632,https://inaturalist-open-data.s3.amazonaws.com/photos/537385632/medium.jpg,cc-by-nc,2013-09-25,-38.359548352,146.3814152828,research,3,iNaturalist,C:\Projects\raptor_australia\dataset\raw\hieraaetus_morphnoides\hieraaetus_morphnoides_298342749_537385632.jpg,already_exists
