obs_id,species_key,scientific_name,common_name,photo_id,url,license,date_observed,latitude,longitude,quality_grade,num_agreements,source,local_path,status
352263675,lophoictinia_isura,Lophoictinia isura,Square-tailed Kite,642938549,https://inaturalist-open-data.s3.amazonaws.com/photos/642938549/medium.jpg,cc-by-nc,2026-04-22,-31.9300857598,115.923094824,research,4,iNaturalist,C:\Projects\raptor_australia\dataset\raw\lophoictinia_isura\lophoictinia_isura_352263675_642938549.jpg,already_exists
351936834,lophoictinia_isura,Lophoictinia isura,Square-tailed Kite,642308683,https://inaturalist-open-data.s3.amazonaws.com/photos/642308683/medium.jpg,cc-by-nc,2026-04-22,-32.1119833333,116.0314416667,research,2,iNaturalist,C:\Projects\raptor_australia\dataset\raw\lophoictinia_isura\lophoictinia_isura_351936834_642308683.jpg,already_exists
351924802,lophoictinia_isura,Lophoictinia isura,Square-tailed Kite,642286108,https://static.inaturalist.org/photos/642286108/medium.jpg,,2024-03-23,-32.7566098306,151.4374523437,research,2,iNaturalist,C:\Projects\raptor_australia\dataset\raw\lophoictinia_isura\lophoictinia_isura_351924802_642286108.jpg,already_exists
351429023,lophoictinia_isura,Lophoictinia isura,Square-tailed Kite,641320543,https://inaturalist-open-data.s3.amazonaws.com/photos/641320543/medium.jpg,cc-by-nc,2026-04-17,-34.6302099514,138.7324994604,research,2,iNaturalist,C:\Projects\raptor_australia\dataset\raw\lophoictinia_isura\lophoictinia_isura_351429023_641320543.jpg,already_exists
350758500,lophoictinia_isura,Lophoictinia isura,Square-tailed Kite,640029785,https://static.inaturalist.org/photos/640029785/medium.jpg,,2026-04-04,-28.0818168438,153.3816370592,research,2,iNaturalist,C:\Projects\raptor_australia\dataset\raw\lophoictinia_isura\lophoictinia_isura_350758500_640029785.jpg,already_exists
350447985,lophoictinia_isura,Lophoictinia isura,Square-tailed Kite,639424490,https://inaturalist-open-data.s3.amazonaws.com/photos/639424490/medium.jpg,cc-by-nc,2026-04-17,-31.5341288982,152.8316443886,research,2,iNaturalist,C:\Projects\raptor_australia\dataset\raw\lophoictinia_isura\lophoictinia_isura_350447985_639424490.jpg,already_exists
350445031,lophoictinia_isura,Lophoictinia isura,Square-tailed Kite,639417318,https://inaturalist-open-data.s3.amazonaws.com/photos/639417318/medium.jpg,cc-by-nc,2026-04-17,-32.6839051108,151.4514070843,research,4,iNaturalist,C:\Projects\raptor_australia\dataset\raw\lophoictinia_isura\lophoictinia_isura_350445031_639417318.jpg,already_exists
350236369,lophoictinia_isura,Lophoictinia isura,Square-tailed Kite,639007595,https://static.inaturalist.org/photos/639007595/medium.jpg,,2026-04-15,-28.0815371589,153.3904121327,research,2,iNaturalist,C:\Projects\raptor_australia\dataset\raw\lophoictinia_isura\lophoictinia_isura_350236369_639007595.jpg,already_exists
350234509,lophoictinia_isura,Lophoictinia isura,Square-tailed Kite,639004468,https://static.inaturalist.org/photos/639004468/medium.jpg,,2026-04-16,-28.0319426007,153.3218419852,research,4,iNaturalist,C:\Projects\raptor_australia\dataset\raw\lophoictinia_isura\lophoictinia_isura_350234509_639004468.jpg,already_exists
350211118,lophoictinia_isura,Lophoictinia isura,Square-tailed Kite,638959365,https://static.inaturalist.org/photos/638959365/medium.jpg,,2026-04-16,-27.387955,152.8784633333,research,2,iNaturalist,C:\Projects\raptor_australia\dataset\raw\lophoictinia_isura\lophoictinia_isura_350211118_638959365.jpg,already_exists
350210698,lophoictinia_isura,Lophoictinia isura,Square-tailed Kite,638957310,https://static.inaturalist.org/photos/638957310/medium.jpg,,2026-04-16,-27.3879247378,152.8782768848,research,2,iNaturalist,C:\Projects\raptor_australia\dataset\raw\lophoictinia_isura\lophoictinia_isura_350210698_638957310.jpg,already_exists
349512441,lophoictinia_isura,Lophoictinia isura,Square-tailed Kite,637593447,https://inaturalist-open-data.s3.amazonaws.com/photos/637593447/medium.jpg,cc-by-nc,2026-04-12,-32.7719644745,151.4418624347,research,5,iNaturalist,C:\Projects\raptor_australia\dataset\raw\lophoictinia_isura\lophoictinia_isura_349512441_637593447.jpg,already_exists
349453677,lophoictinia_isura,Lophoictinia isura,Square-tailed Kite,637478188,https://inaturalist-open-data.s3.amazonaws.com/photos/637478188/medium.jpg,cc-by-nc,2026-04-13,-25.285105,152.8625633333,research,2,iNaturalist,C:\Projects\raptor_australia\dataset\raw\lophoictinia_isura\lophoictinia_isura_349453677_637478188.jpg,already_exists
349184614,lophoictinia_isura,Lophoictinia isura,Square-tailed Kite,636947942,https://inaturalist-open-data.s3.amazonaws.com/photos/636947942/medium.jpg,cc-by-nc,2026-04-12,-27.236243,152.8354382,research,2,iNaturalist,C:\Projects\raptor_australia\dataset\raw\lophoictinia_isura\lophoictinia_isura_349184614_636947942.jpg,already_exists
349172909,lophoictinia_isura,Lophoictinia isura,Square-tailed Kite,636924556,https://inaturalist-open-data.s3.amazonaws.com/photos/636924556/medium.jpg,cc-by-nc,2026-04-09,-26.5554701644,151.8398544579,research,3,iNaturalist,C:\Projects\raptor_australia\dataset\raw\lophoictinia_isura\lophoictinia_isura_349172909_636924556.jpg,already_exists
348920634,lophoictinia_isura,Lophoictinia isura,Square-tailed Kite,636425125,https://inaturalist-open-data.s3.amazonaws.com/photos/636425125/medium.jpg,cc-by-nc,2022-09-10,-36.5895678638,145.9591331538,research,2,iNaturalist,C:\Projects\raptor_australia\dataset\raw\lophoictinia_isura\lophoictinia_isura_348920634_636425125.jpg,already_exists
348920633,lophoictinia_isura,Lophoictinia isura,Square-tailed Kite,636425119,https://inaturalist-open-data.s3.amazonaws.com/photos/636425119/medium.jpg,cc-by-nc,2018-10-04,-36.9356671637,145.149177756,research,2,iNaturalist,C:\Projects\raptor_australia\dataset\raw\lophoictinia_isura\lophoictinia_isura_348920633_636425119.jpg,already_exists
348907236,lophoictinia_isura,Lophoictinia isura,Square-tailed Kite,636408232,https://inaturalist-open-data.s3.amazonaws.com/photos/636408232/medium.jpg,cc-by-nc,2026-04-11,-32.8631356754,151.7955758156,research,2,iNaturalist,C:\Projects\raptor_australia\dataset\raw\lophoictinia_isura\lophoictinia_isura_348907236_636408232.jpg,already_exists
348255979,lophoictinia_isura,Lophoictinia isura,Square-tailed Kite,635114629,https://inaturalist-open-data.s3.amazonaws.com/photos/635114629/medium.jpg,cc-by-nc,2026-04-07,-32.7668993058,151.5005316772,research,4,iNaturalist,C:\Projects\raptor_australia\dataset\raw\lophoictinia_isura\lophoictinia_isura_348255979_635114629.jpg,already_exists
347984112,lophoictinia_isura,Lophoictinia isura,Square-tailed Kite,634575475,https://static.inaturalist.org/photos/634575475/medium.jpg,,2026-04-07,-32.7744466263,151.5904797925,research,2,iNaturalist,C:\Projects\raptor_australia\dataset\raw\lophoictinia_isura\lophoictinia_isura_347984112_634575475.jpg,already_exists
347738003,lophoictinia_isura,Lophoictinia isura,Square-tailed Kite,634085872,https://inaturalist-open-data.s3.amazonaws.com/photos/634085872/medium.jpg,cc-by-nc,2026-04-06,-27.4432666667,153.1429444444,research,1,iNaturalist,C:\Projects\raptor_australia\dataset\raw\lophoictinia_isura\lophoictinia_isura_347738003_634085872.jpg,already_exists
347664631,lophoictinia_isura,Lophoictinia isura,Square-tailed Kite,633933353,https://inaturalist-open-data.s3.amazonaws.com/photos/633933353/medium.jpg,cc-by-nc,2026-04-04,-28.0802052584,153.2333522963,research,3,iNaturalist,C:\Projects\raptor_australia\dataset\raw\lophoictinia_isura\lophoictinia_isura_347664631_633933353.jpg,already_exists
347453235,lophoictinia_isura,Lophoictinia isura,Square-tailed Kite,633521932,https://inaturalist-open-data.s3.amazonaws.com/photos/633521932/medium.jpg,cc-by-nc,2026-04-05,-34.4067203387,138.7466321832,research,3,iNaturalist,C:\Projects\raptor_australia\dataset\raw\lophoictinia_isura\lophoictinia_isura_347453235_633521932.jpg,already_exists
347439593,lophoictinia_isura,Lophoictinia isura,Square-tailed Kite,633489063,https://inaturalist-open-data.s3.amazonaws.com/photos/633489063/medium.jpg,cc-by,2026-03-31,-33.6904332181,150.6099173754,research,1,iNaturalist,C:\Projects\raptor_australia\dataset\raw\lophoictinia_isura\lophoictinia_isura_347439593_633489063.jpg,already_exists
347218227,lophoictinia_isura,Lophoictinia isura,Square-tailed Kite,633057406,https://static.inaturalist.org/photos/633057406/medium.jpg,,2026-03-26,-28.1819864157,153.3323497361,research,2,iNaturalist,C:\Projects\raptor_australia\dataset\raw\lophoictinia_isura\lophoictinia_isura_347218227_633057406.jpg,already_exists
347216496,lophoictinia_isura,Lophoictinia isura,Square-tailed Kite,633053746,https://static.inaturalist.org/photos/633053746/medium.jpg,,2026-03-27,-28.1208171699,153.3966298094,research,2,iNaturalist,C:\Projects\raptor_australia\dataset\raw\lophoictinia_isura\lophoictinia_isura_347216496_633053746.jpg,already_exists
347161305,lophoictinia_isura,Lophoictinia isura,Square-tailed Kite,632946491,https://inaturalist-open-data.s3.amazonaws.com/photos/632946491/medium.jpg,cc-by-nc,2026-04-04,-27.0309441372,153.1451520324,research,2,iNaturalist,C:\Projects\raptor_australia\dataset\raw\lophoictinia_isura\lophoictinia_isura_347161305_632946491.jpg,already_exists
346976344,lophoictinia_isura,Lophoictinia isura,Square-tailed Kite,632573343,https://static.inaturalist.org/photos/632573343/medium.jpg,,2026-03-30,-28.18737559,153.3084593088,research,2,iNaturalist,C:\Projects\raptor_australia\dataset\raw\lophoictinia_isura\lophoictinia_isura_346976344_632573343.jpg,already_exists
346971515,lophoictinia_isura,Lophoictinia isura,Square-tailed Kite,632563702,https://static.inaturalist.org/photos/632563702/medium.jpg,,2026-04-03,-28.1383577962,153.2626853789,research,2,iNaturalist,C:\Projects\raptor_australia\dataset\raw\lophoictinia_isura\lophoictinia_isura_346971515_632563702.jpg,already_exists
346930389,lophoictinia_isura,Lophoictinia isura,Square-tailed Kite,632478091,https://inaturalist-open-data.s3.amazonaws.com/photos/632478091/medium.jpg,cc-by-nc,2026-04-03,-31.4997723208,152.9855375067,research,2,iNaturalist,C:\Projects\raptor_australia\dataset\raw\lophoictinia_isura\lophoictinia_isura_346930389_632478091.jpg,already_exists
346543885,lophoictinia_isura,Lophoictinia isura,Square-tailed Kite,631717767,https://inaturalist-open-data.s3.amazonaws.com/photos/631717767/medium.jpg,cc-by-nc,2025-07-06,-30.3144391899,153.1329930764,research,2,iNaturalist,C:\Projects\raptor_australia\dataset\raw\lophoictinia_isura\lophoictinia_isura_346543885_631717767.jpg,already_exists
346510367,lophoictinia_isura,Lophoictinia isura,Square-tailed Kite,631650247,https://inaturalist-open-data.s3.amazonaws.com/photos/631650247/medium.jpg,cc-by-nc,2026-04-01,-32.9498811779,151.7945517617,research,3,iNaturalist,C:\Projects\raptor_australia\dataset\raw\lophoictinia_isura\lophoictinia_isura_346510367_631650247.jpg,already_exists
346501837,lophoictinia_isura,Lophoictinia isura,Square-tailed Kite,631631800,https://inaturalist-open-data.s3.amazonaws.com/photos/631631800/medium.jpg,cc-by-nc,2026-03-22,-33.6405230401,151.1386464822,research,2,iNaturalist,C:\Projects\raptor_australia\dataset\raw\lophoictinia_isura\lophoictinia_isura_346501837_631631800.jpg,already_exists
346332143,lophoictinia_isura,Lophoictinia isura,Square-tailed Kite,631299728,https://static.inaturalist.org/photos/631299728/medium.jpg,,2026-03-31,-27.0755528333,153.1749416667,research,2,iNaturalist,C:\Projects\raptor_australia\dataset\raw\lophoictinia_isura\lophoictinia_isura_346332143_631299728.jpg,already_exists
346330726,lophoictinia_isura,Lophoictinia isura,Square-tailed Kite,631296882,https://inaturalist-open-data.s3.amazonaws.com/photos/631296882/medium.jpg,cc-by-nc,2026-03-31,-34.8516638285,150.4800863211,research,4,iNaturalist,C:\Projects\raptor_australia\dataset\raw\lophoictinia_isura\lophoictinia_isura_346330726_631296882.jpg,already_exists
345649453,lophoictinia_isura,Lophoictinia isura,Square-tailed Kite,629952843,https://inaturalist-open-data.s3.amazonaws.com/photos/629952843/medium.jpg,cc-by-nc,2026-03-28,-33.8134609345,150.9610600411,research,3,iNaturalist,C:\Projects\raptor_australia\dataset\raw\lophoictinia_isura\lophoictinia_isura_345649453_629952843.jpg,already_exists
345608586,lophoictinia_isura,Lophoictinia isura,Square-tailed Kite,629872186,https://inaturalist-open-data.s3.amazonaws.com/photos/629872186/medium.jpg,cc-by-nc,2026-03-28,-33.6722830979,151.1048182728,research,3,iNaturalist,C:\Projects\raptor_australia\dataset\raw\lophoictinia_isura\lophoictinia_isura_345608586_629872186.jpg,already_exists
345444932,lophoictinia_isura,Lophoictinia isura,Square-tailed Kite,629550052,https://inaturalist-open-data.s3.amazonaws.com/photos/629550052/medium.jpg,cc-by-nc,2026-03-25,-27.7100305556,153.233475,research,2,iNaturalist,C:\Projects\raptor_australia\dataset\raw\lophoictinia_isura\lophoictinia_isura_345444932_629550052.jpg,already_exists
345398376,lophoictinia_isura,Lophoictinia isura,Square-tailed Kite,629455407,https://inaturalist-open-data.s3.amazonaws.com/photos/629455407/medium.jpg,cc-by-nc,2026-03-27,-33.6796125929,150.9939467446,research,3,iNaturalist,C:\Projects\raptor_australia\dataset\raw\lophoictinia_isura\lophoictinia_isura_345398376_629455407.jpg,already_exists
345058344,lophoictinia_isura,Lophoictinia isura,Square-tailed Kite,628786717,https://inaturalist-open-data.s3.amazonaws.com/photos/628786717/medium.jpg,cc-by-nc,2025-07-31,-27.5091223175,153.0852526002,research,2,iNaturalist,C:\Projects\raptor_australia\dataset\raw\lophoictinia_isura\lophoictinia_isura_345058344_628786717.jpg,already_exists
345034731,lophoictinia_isura,Lophoictinia isura,Square-tailed Kite,628739248,https://static.inaturalist.org/photos/628739248/medium.jpg,,2026-03-25,-34.9835232245,150.501883499,research,2,iNaturalist,,failed: Muy pequeña: 196x423px
344585873,lophoictinia_isura,Lophoictinia isura,Square-tailed Kite,627872012,https://inaturalist-open-data.s3.amazonaws.com/photos/627872012/medium.jpg,cc-by-nc,2026-03-23,-33.7229173021,150.694689,research,2,iNaturalist,C:\Projects\raptor_australia\dataset\raw\lophoictinia_isura\lophoictinia_isura_344585873_627872012.jpg,already_exists
344563566,lophoictinia_isura,Lophoictinia isura,Square-tailed Kite,627827749,https://inaturalist-open-data.s3.amazonaws.com/photos/627827749/medium.jpg,cc-by-nc,2025-07-05,-35.1508027045,150.7610041356,research,2,iNaturalist,C:\Projects\raptor_australia\dataset\raw\lophoictinia_isura\lophoictinia_isura_344563566_627827749.jpg,already_exists
344372356,lophoictinia_isura,Lophoictinia isura,Square-tailed Kite,627461712,https://inaturalist-open-data.s3.amazonaws.com/photos/627461712/medium.jpg,cc-by-nc,2026-03-22,-31.909956274,115.9865370813,research,2,iNaturalist,C:\Projects\raptor_australia\dataset\raw\lophoictinia_isura\lophoictinia_isura_344372356_627461712.jpg,already_exists
344345082,lophoictinia_isura,Lophoictinia isura,Square-tailed Kite,627405553,https://static.inaturalist.org/photos/627405553/medium.jpg,,2026-03-22,-33.6897633015,150.9144760501,research,2,iNaturalist,C:\Projects\raptor_australia\dataset\raw\lophoictinia_isura\lophoictinia_isura_344345082_627405553.jpg,already_exists
344076568,lophoictinia_isura,Lophoictinia isura,Square-tailed Kite,626880121,https://inaturalist-open-data.s3.amazonaws.com/photos/626880121/medium.jpg,cc-by-nc,2026-03-20,-34.023882381,150.9325438227,research,3,iNaturalist,C:\Projects\raptor_australia\dataset\raw\lophoictinia_isura\lophoictinia_isura_344076568_626880121.jpg,already_exists
343774364,lophoictinia_isura,Lophoictinia isura,Square-tailed Kite,626287400,https://inaturalist-open-data.s3.amazonaws.com/photos/626287400/medium.jpg,cc-by-nc,2026-03-19,-31.834865,115.866545,research,4,iNaturalist,C:\Projects\raptor_australia\dataset\raw\lophoictinia_isura\lophoictinia_isura_343774364_626287400.jpg,already_exists
343614193,lophoictinia_isura,Lophoictinia isura,Square-tailed Kite,625966300,https://inaturalist-open-data.s3.amazonaws.com/photos/625966300/medium.jpg,cc-by-nc,2026-03-18,-32.977413486,151.7386820004,research,4,iNaturalist,C:\Projects\raptor_australia\dataset\raw\lophoictinia_isura\lophoictinia_isura_343614193_625966300.jpg,already_exists
343593325,lophoictinia_isura,Lophoictinia isura,Square-tailed Kite,625924270,https://inaturalist-open-data.s3.amazonaws.com/photos/625924270/medium.jpg,cc-by-nc,2026-03-17,-32.0918113247,115.8603324741,research,2,iNaturalist,C:\Projects\raptor_australia\dataset\raw\lophoictinia_isura\lophoictinia_isura_343593325_625924270.jpg,already_exists
343593187,lophoictinia_isura,Lophoictinia isura,Square-tailed Kite,625924082,https://inaturalist-open-data.s3.amazonaws.com/photos/625924082/medium.jpg,cc-by-nc,2026-02-25,-32.0918113247,115.8603324741,research,2,iNaturalist,C:\Projects\raptor_australia\dataset\raw\lophoictinia_isura\lophoictinia_isura_343593187_625924082.jpg,already_exists
343437091,lophoictinia_isura,Lophoictinia isura,Square-tailed Kite,625606779,https://inaturalist-open-data.s3.amazonaws.com/photos/625606779/medium.jpg,cc-by-nc,2026-03-17,-27.0693139284,152.9588873684,research,7,iNaturalist,C:\Projects\raptor_australia\dataset\raw\lophoictinia_isura\lophoictinia_isura_343437091_625606779.jpg,already_exists
343299746,lophoictinia_isura,Lophoictinia isura,Square-tailed Kite,625324538,https://static.inaturalist.org/photos/625324538/medium.jpg,,2026-03-07,-32.969824726,151.7228555974,research,2,iNaturalist,C:\Projects\raptor_australia\dataset\raw\lophoictinia_isura\lophoictinia_isura_343299746_625324538.jpg,already_exists
343293480,lophoictinia_isura,Lophoictinia isura,Square-tailed Kite,625311567,https://static.inaturalist.org/photos/625311567/medium.jpg,,2026-03-13,-28.1716243962,153.2121974528,research,2,iNaturalist,C:\Projects\raptor_australia\dataset\raw\lophoictinia_isura\lophoictinia_isura_343293480_625311567.jpg,already_exists
342876092,lophoictinia_isura,Lophoictinia isura,Square-tailed Kite,624467510,https://inaturalist-open-data.s3.amazonaws.com/photos/624467510/medium.jpg,cc-by-nc,2025-11-29,-36.6730812597,149.8797051016,research,2,iNaturalist,C:\Projects\raptor_australia\dataset\raw\lophoictinia_isura\lophoictinia_isura_342876092_624467510.jpg,already_exists
342868704,lophoictinia_isura,Lophoictinia isura,Square-tailed Kite,624449561,https://inaturalist-open-data.s3.amazonaws.com/photos/624449561/medium.jpg,cc-by-nc,2026-02-16,-35.2218552128,150.5903640882,research,2,iNaturalist,C:\Projects\raptor_australia\dataset\raw\lophoictinia_isura\lophoictinia_isura_342868704_624449561.jpg,already_exists
342866581,lophoictinia_isura,Lophoictinia isura,Square-tailed Kite,624448391,https://inaturalist-open-data.s3.amazonaws.com/photos/624448391/medium.jpg,cc-by,2026-03-14,-32.8673033462,151.6214138107,research,3,iNaturalist,C:\Projects\raptor_australia\dataset\raw\lophoictinia_isura\lophoictinia_isura_342866581_624448391.jpg,already_exists
342831933,lophoictinia_isura,Lophoictinia isura,Square-tailed Kite,624374435,https://inaturalist-open-data.s3.amazonaws.com/photos/624374435/medium.jpg,cc-by-nc,2026-03-14,-27.542584408,152.8596003767,research,2,iNaturalist,C:\Projects\raptor_australia\dataset\raw\lophoictinia_isura\lophoictinia_isura_342831933_624374435.jpg,already_exists
342809127,lophoictinia_isura,Lophoictinia isura,Square-tailed Kite,624328015,https://inaturalist-open-data.s3.amazonaws.com/photos/624328015/medium.jpg,cc-by-nc,2025-08-06,-33.9632383188,151.2916024055,research,2,iNaturalist,C:\Projects\raptor_australia\dataset\raw\lophoictinia_isura\lophoictinia_isura_342809127_624328015.jpg,already_exists
342669992,lophoictinia_isura,Lophoictinia isura,Square-tailed Kite,624064809,https://inaturalist-open-data.s3.amazonaws.com/photos/624064809/medium.jpg,cc-by-nc,2026-03-13,-33.5019661872,150.6623887337,research,1,iNaturalist,C:\Projects\raptor_australia\dataset\raw\lophoictinia_isura\lophoictinia_isura_342669992_624064809.jpg,already_exists
342655440,lophoictinia_isura,Lophoictinia isura,Square-tailed Kite,624036070,https://inaturalist-open-data.s3.amazonaws.com/photos/624036070/medium.jpg,cc-by-nc,2026-03-09,-33.788530329,151.2983083166,research,2,iNaturalist,C:\Projects\raptor_australia\dataset\raw\lophoictinia_isura\lophoictinia_isura_342655440_624036070.jpg,already_exists
342647661,lophoictinia_isura,Lophoictinia isura,Square-tailed Kite,624024221,https://inaturalist-open-data.s3.amazonaws.com/photos/624024221/medium.jpg,cc-by-nc,2026-03-13,-33.621537411,150.8692029375,research,2,iNaturalist,C:\Projects\raptor_australia\dataset\raw\lophoictinia_isura\lophoictinia_isura_342647661_624024221.jpg,already_exists
342561146,lophoictinia_isura,Lophoictinia isura,Square-tailed Kite,623849679,https://inaturalist-open-data.s3.amazonaws.com/photos/623849679/medium.jpg,cc-by-nc,2026-03-07,-32.9044852735,151.7902668952,research,2,iNaturalist,C:\Projects\raptor_australia\dataset\raw\lophoictinia_isura\lophoictinia_isura_342561146_623849679.jpg,already_exists
342554114,lophoictinia_isura,Lophoictinia isura,Square-tailed Kite,623835488,https://static.inaturalist.org/photos/623835488/medium.jpg,,2026-03-11,-36.9490033333,144.7127383333,research,3,iNaturalist,C:\Projects\raptor_australia\dataset\raw\lophoictinia_isura\lophoictinia_isura_342554114_623835488.jpg,already_exists
342542677,lophoictinia_isura,Lophoictinia isura,Square-tailed Kite,623812068,https://inaturalist-open-data.s3.amazonaws.com/photos/623812068/medium.jpg,cc-by-nc,2026-03-12,-34.9620266678,138.7617776803,research,3,iNaturalist,C:\Projects\raptor_australia\dataset\raw\lophoictinia_isura\lophoictinia_isura_342542677_623812068.jpg,already_exists
342512931,lophoictinia_isura,Lophoictinia isura,Square-tailed Kite,623751811,https://inaturalist-open-data.s3.amazonaws.com/photos/623751811/medium.jpg,cc-by-nc,2026-03-12,-35.039935191,138.5730665344,research,3,iNaturalist,C:\Projects\raptor_australia\dataset\raw\lophoictinia_isura\lophoictinia_isura_342512931_623751811.jpg,already_exists
342339444,lophoictinia_isura,Lophoictinia isura,Square-tailed Kite,623395356,https://static.inaturalist.org/photos/623395356/medium.jpg,,2026-03-11,-28.1785169962,151.9767542928,research,2,iNaturalist,C:\Projects\raptor_australia\dataset\raw\lophoictinia_isura\lophoictinia_isura_342339444_623395356.jpg,already_exists
342229169,lophoictinia_isura,Lophoictinia isura,Square-tailed Kite,623174204,https://inaturalist-open-data.s3.amazonaws.com/photos/623174204/medium.jpg,cc-by-nc,2026-03-07,-34.0725830412,150.8290312027,research,4,iNaturalist,C:\Projects\raptor_australia\dataset\raw\lophoictinia_isura\lophoictinia_isura_342229169_623174204.jpg,already_exists
342212829,lophoictinia_isura,Lophoictinia isura,Square-tailed Kite,623141529,https://inaturalist-open-data.s3.amazonaws.com/photos/623141529/medium.jpg,cc-by-nc,2026-03-10,-36.292680932,146.236890974,research,5,iNaturalist,C:\Projects\raptor_australia\dataset\raw\lophoictinia_isura\lophoictinia_isura_342212829_623141529.jpg,already_exists
342037712,lophoictinia_isura,Lophoictinia isura,Square-tailed Kite,622790637,https://static.inaturalist.org/photos/622790637/medium.jpg,,2026-03-09,-31.9329475703,152.6309322913,research,1,iNaturalist,C:\Projects\raptor_australia\dataset\raw\lophoictinia_isura\lophoictinia_isura_342037712_622790637.jpg,already_exists
341639185,lophoictinia_isura,Lophoictinia isura,Square-tailed Kite,621982779,https://inaturalist-open-data.s3.amazonaws.com/photos/621982779/medium.jpg,cc-by-nc,2026-03-07,-34.9610073053,138.617676459,research,1,iNaturalist,C:\Projects\raptor_australia\dataset\raw\lophoictinia_isura\lophoictinia_isura_341639185_621982779.jpg,already_exists
341593571,lophoictinia_isura,Lophoictinia isura,Square-tailed Kite,621886475,https://inaturalist-open-data.s3.amazonaws.com/photos/621886475/medium.jpg,cc-by-nc,2026-03-04,-33.9878220214,151.1435337703,research,1,iNaturalist,C:\Projects\raptor_australia\dataset\raw\lophoictinia_isura\lophoictinia_isura_341593571_621886475.jpg,already_exists
341216887,lophoictinia_isura,Lophoictinia isura,Square-tailed Kite,621115056,https://inaturalist-open-data.s3.amazonaws.com/photos/621115056/medium.jpg,cc-by-nc,2026-01-18,-37.0645902997,144.1975760997,research,2,iNaturalist,C:\Projects\raptor_australia\dataset\raw\lophoictinia_isura\lophoictinia_isura_341216887_621115056.jpg,already_exists
340943646,lophoictinia_isura,Lophoictinia isura,Square-tailed Kite,620549958,https://inaturalist-open-data.s3.amazonaws.com/photos/620549958/medium.jpg,cc-by-nc,2021-12-06,-36.8000672486,144.3994099767,research,2,iNaturalist,C:\Projects\raptor_australia\dataset\raw\lophoictinia_isura\lophoictinia_isura_340943646_620549958.jpg,already_exists
340911970,lophoictinia_isura,Lophoictinia isura,Square-tailed Kite,620486915,https://inaturalist-open-data.s3.amazonaws.com/photos/620486915/medium.jpg,cc-by-nc,2025-09-23,-35.0534661533,138.8336236937,research,3,iNaturalist,C:\Projects\raptor_australia\dataset\raw\lophoictinia_isura\lophoictinia_isura_340911970_620486915.jpg,already_exists
340729209,lophoictinia_isura,Lophoictinia isura,Square-tailed Kite,623054623,https://inaturalist-open-data.s3.amazonaws.com/photos/623054623/medium.jpg,cc-by-nc,2026-03-01,-33.7767135268,150.6533859784,research,2,iNaturalist,C:\Projects\raptor_australia\dataset\raw\lophoictinia_isura\lophoictinia_isura_340729209_623054623.jpg,already_exists
340708178,lophoictinia_isura,Lophoictinia isura,Square-tailed Kite,620070128,https://inaturalist-open-data.s3.amazonaws.com/photos/620070128/medium.jpg,cc-by-nc,2026-03-01,-35.0825516899,138.5147492677,research,3,iNaturalist,C:\Projects\raptor_australia\dataset\raw\lophoictinia_isura\lophoictinia_isura_340708178_620070128.jpg,already_exists
340270997,lophoictinia_isura,Lophoictinia isura,Square-tailed Kite,619189694,https://inaturalist-open-data.s3.amazonaws.com/photos/619189694/medium.jpg,cc-by-nc,2026-02-26,-34.5558326972,138.7386912668,research,3,iNaturalist,C:\Projects\raptor_australia\dataset\raw\lophoictinia_isura\lophoictinia_isura_340270997_619189694.jpg,already_exists
340263410,lophoictinia_isura,Lophoictinia isura,Square-tailed Kite,619175562,https://inaturalist-open-data.s3.amazonaws.com/photos/619175562/medium.jpg,cc-by-nc,2026-02-26,-32.109375,116.0758666667,research,1,iNaturalist,C:\Projects\raptor_australia\dataset\raw\lophoictinia_isura\lophoictinia_isura_340263410_619175562.jpg,already_exists
340194613,lophoictinia_isura,Lophoictinia isura,Square-tailed Kite,619034197,https://inaturalist-open-data.s3.amazonaws.com/photos/619034197/medium.jpg,cc-by-nc,2026-02-12,-33.6601932728,150.3049556616,research,1,iNaturalist,C:\Projects\raptor_australia\dataset\raw\lophoictinia_isura\lophoictinia_isura_340194613_619034197.jpg,already_exists
340122707,lophoictinia_isura,Lophoictinia isura,Square-tailed Kite,618888328,https://inaturalist-open-data.s3.amazonaws.com/photos/618888328/medium.jpg,cc-by-nc,2025-10-17,-34.5472817448,117.6783622326,research,2,iNaturalist,C:\Projects\raptor_australia\dataset\raw\lophoictinia_isura\lophoictinia_isura_340122707_618888328.jpg,already_exists
340004425,lophoictinia_isura,Lophoictinia isura,Square-tailed Kite,618639240,https://inaturalist-open-data.s3.amazonaws.com/photos/618639240/medium.jpg,cc-by-nc-nd,2026-02-24,-35.0789754017,138.5114128912,research,2,iNaturalist,C:\Projects\raptor_australia\dataset\raw\lophoictinia_isura\lophoictinia_isura_340004425_618639240.jpg,already_exists
339995204,lophoictinia_isura,Lophoictinia isura,Square-tailed Kite,618626602,https://static.inaturalist.org/photos/618626602/medium.jpg,,2026-02-24,-33.6683546963,151.0806892746,research,2,iNaturalist,C:\Projects\raptor_australia\dataset\raw\lophoictinia_isura\lophoictinia_isura_339995204_618626602.jpg,already_exists
339694427,lophoictinia_isura,Lophoictinia isura,Square-tailed Kite,618005941,https://inaturalist-open-data.s3.amazonaws.com/photos/618005941/medium.jpg,cc-by-nc,2026-02-22,-34.6195517049,149.7553462437,research,2,iNaturalist,C:\Projects\raptor_australia\dataset\raw\lophoictinia_isura\lophoictinia_isura_339694427_618005941.jpg,already_exists
339672268,lophoictinia_isura,Lophoictinia isura,Square-tailed Kite,617960577,https://inaturalist-open-data.s3.amazonaws.com/photos/617960577/medium.jpg,cc-by-nc,2026-02-22,-32.8623546507,151.7918370804,research,2,iNaturalist,C:\Projects\raptor_australia\dataset\raw\lophoictinia_isura\lophoictinia_isura_339672268_617960577.jpg,already_exists
339652123,lophoictinia_isura,Lophoictinia isura,Square-tailed Kite,617919362,https://inaturalist-open-data.s3.amazonaws.com/photos/617919362/medium.jpg,cc-by,2026-02-22,-30.5079445215,151.7789163564,research,2,iNaturalist,C:\Projects\raptor_australia\dataset\raw\lophoictinia_isura\lophoictinia_isura_339652123_617919362.jpg,already_exists
339576860,lophoictinia_isura,Lophoictinia isura,Square-tailed Kite,617769664,https://inaturalist-open-data.s3.amazonaws.com/photos/617769664/medium.jpg,cc-by-nc,2026-02-11,-32.77548,116.9243577783,research,2,iNaturalist,C:\Projects\raptor_australia\dataset\raw\lophoictinia_isura\lophoictinia_isura_339576860_617769664.jpg,already_exists
339397590,lophoictinia_isura,Lophoictinia isura,Square-tailed Kite,617407604,https://inaturalist-open-data.s3.amazonaws.com/photos/617407604/medium.jpg,cc-by-nc,2026-02-20,-32.6901855951,151.4460727476,research,2,iNaturalist,C:\Projects\raptor_australia\dataset\raw\lophoictinia_isura\lophoictinia_isura_339397590_617407604.jpg,already_exists
339268888,lophoictinia_isura,Lophoictinia isura,Square-tailed Kite,617143965,https://inaturalist-open-data.s3.amazonaws.com/photos/617143965/medium.jpg,cc-by-nc,2026-02-19,-35.151170882,138.4010573625,research,1,iNaturalist,C:\Projects\raptor_australia\dataset\raw\lophoictinia_isura\lophoictinia_isura_339268888_617143965.jpg,already_exists
339111802,lophoictinia_isura,Lophoictinia isura,Square-tailed Kite,616815314,https://inaturalist-open-data.s3.amazonaws.com/photos/616815314/medium.jpg,cc-by-nc,2026-02-18,-33.2605337498,151.4105846282,research,1,iNaturalist,C:\Projects\raptor_australia\dataset\raw\lophoictinia_isura\lophoictinia_isura_339111802_616815314.jpg,already_exists
339004957,lophoictinia_isura,Lophoictinia isura,Square-tailed Kite,616599915,https://inaturalist-open-data.s3.amazonaws.com/photos/616599915/medium.jpg,cc-by-nc,2026-02-11,-30.9373067016,153.0409995182,research,1,iNaturalist,C:\Projects\raptor_australia\dataset\raw\lophoictinia_isura\lophoictinia_isura_339004957_616599915.jpg,already_exists
338944445,lophoictinia_isura,Lophoictinia isura,Square-tailed Kite,616480212,https://inaturalist-open-data.s3.amazonaws.com/photos/616480212/medium.jpg,cc-by-nc,2026-02-16,-31.6564809078,152.7056470879,research,2,iNaturalist,C:\Projects\raptor_australia\dataset\raw\lophoictinia_isura\lophoictinia_isura_338944445_616480212.jpg,already_exists
338872955,lophoictinia_isura,Lophoictinia isura,Square-tailed Kite,616342905,https://inaturalist-open-data.s3.amazonaws.com/photos/616342905/medium.jpg,cc-by-nc,2026-01-02,-34.222755055,150.4834566549,research,1,iNaturalist,C:\Projects\raptor_australia\dataset\raw\lophoictinia_isura\lophoictinia_isura_338872955_616342905.jpg,already_exists
338696660,lophoictinia_isura,Lophoictinia isura,Square-tailed Kite,615993679,https://inaturalist-open-data.s3.amazonaws.com/photos/615993679/medium.jpg,cc-by-nc,2026-02-14,-34.6484701325,138.9367112278,research,2,iNaturalist,C:\Projects\raptor_australia\dataset\raw\lophoictinia_isura\lophoictinia_isura_338696660_615993679.jpg,already_exists
338533906,lophoictinia_isura,Lophoictinia isura,Square-tailed Kite,615676827,https://inaturalist-open-data.s3.amazonaws.com/photos/615676827/medium.jpg,cc-by-nc,2026-02-14,-33.9831452041,115.7642460629,research,2,iNaturalist,C:\Projects\raptor_australia\dataset\raw\lophoictinia_isura\lophoictinia_isura_338533906_615676827.jpg,already_exists
338531257,lophoictinia_isura,Lophoictinia isura,Square-tailed Kite,615671199,https://inaturalist-open-data.s3.amazonaws.com/photos/615671199/medium.jpg,cc-by-nc,2026-02-14,-35.1492789541,138.5602674063,research,3,iNaturalist,C:\Projects\raptor_australia\dataset\raw\lophoictinia_isura\lophoictinia_isura_338531257_615671199.jpg,already_exists
338507636,lophoictinia_isura,Lophoictinia isura,Square-tailed Kite,615619626,https://inaturalist-open-data.s3.amazonaws.com/photos/615619626/medium.jpg,cc-by-nc,2026-02-14,-35.3583728772,150.4681097183,research,1,iNaturalist,C:\Projects\raptor_australia\dataset\raw\lophoictinia_isura\lophoictinia_isura_338507636_615619626.jpg,already_exists
338298720,lophoictinia_isura,Lophoictinia isura,Square-tailed Kite,615184359,https://inaturalist-open-data.s3.amazonaws.com/photos/615184359/medium.jpg,cc-by-nc,2025-08-12,-27.4717710282,153.0865166214,research,2,iNaturalist,C:\Projects\raptor_australia\dataset\raw\lophoictinia_isura\lophoictinia_isura_338298720_615184359.jpg,already_exists
338290882,lophoictinia_isura,Lophoictinia isura,Square-tailed Kite,615167796,https://inaturalist-open-data.s3.amazonaws.com/photos/615167796/medium.jpg,cc-by-nc,2026-02-12,-37.8381663709,145.3024611742,research,2,iNaturalist,C:\Projects\raptor_australia\dataset\raw\lophoictinia_isura\lophoictinia_isura_338290882_615167796.jpg,already_exists
338275979,lophoictinia_isura,Lophoictinia isura,Square-tailed Kite,615136006,https://inaturalist-open-data.s3.amazonaws.com/photos/615136006/medium.jpg,cc-by-nc,2026-02-12,-31.5199505698,152.736601089,research,2,iNaturalist,C:\Projects\raptor_australia\dataset\raw\lophoictinia_isura\lophoictinia_isura_338275979_615136006.jpg,already_exists
338054728,lophoictinia_isura,Lophoictinia isura,Square-tailed Kite,614685984,https://inaturalist-open-data.s3.amazonaws.com/photos/614685984/medium.jpg,cc-by-nc,2026-02-10,-34.8843198754,150.633374109,research,2,iNaturalist,C:\Projects\raptor_australia\dataset\raw\lophoictinia_isura\lophoictinia_isura_338054728_614685984.jpg,already_exists
338001232,lophoictinia_isura,Lophoictinia isura,Square-tailed Kite,614574004,https://inaturalist-open-data.s3.amazonaws.com/photos/614574004/medium.jpg,cc-by-nc,2026-02-10,-33.8219787026,150.8157015758,research,1,iNaturalist,C:\Projects\raptor_australia\dataset\raw\lophoictinia_isura\lophoictinia_isura_338001232_614574004.jpg,already_exists
337993980,lophoictinia_isura,Lophoictinia isura,Square-tailed Kite,614559371,https://inaturalist-open-data.s3.amazonaws.com/photos/614559371/medium.jpg,cc-by-nc,2026-02-09,-32.468045,116.0514305,research,3,iNaturalist,C:\Projects\raptor_australia\dataset\raw\lophoictinia_isura\lophoictinia_isura_337993980_614559371.jpg,already_exists
337927040,lophoictinia_isura,Lophoictinia isura,Square-tailed Kite,614423711,https://inaturalist-open-data.s3.amazonaws.com/photos/614423711/medium.jpg,cc-by-nc,2026-02-09,-33.5085893383,151.148929456,research,1,iNaturalist,C:\Projects\raptor_australia\dataset\raw\lophoictinia_isura\lophoictinia_isura_337927040_614423711.jpg,already_exists
337926186,lophoictinia_isura,Lophoictinia isura,Square-tailed Kite,614421751,https://inaturalist-open-data.s3.amazonaws.com/photos/614421751/medium.jpg,cc-by-nc,2026-02-05,-33.7791253207,151.0738954472,research,1,iNaturalist,C:\Projects\raptor_australia\dataset\raw\lophoictinia_isura\lophoictinia_isura_337926186_614421751.jpg,already_exists
337642901,lophoictinia_isura,Lophoictinia isura,Square-tailed Kite,613842046,https://inaturalist-open-data.s3.amazonaws.com/photos/613842046/medium.jpg,cc-by-nc,2026-02-07,-29.6697328158,152.9647996097,research,1,iNaturalist,C:\Projects\raptor_australia\dataset\raw\lophoictinia_isura\lophoictinia_isura_337642901_613842046.jpg,already_exists
337637475,lophoictinia_isura,Lophoictinia isura,Square-tailed Kite,613831586,https://inaturalist-open-data.s3.amazonaws.com/photos/613831586/medium.jpg,cc-by-nc,2026-02-07,-30.4239407919,151.7443851862,research,2,iNaturalist,C:\Projects\raptor_australia\dataset\raw\lophoictinia_isura\lophoictinia_isura_337637475_613831586.jpg,already_exists
337629005,lophoictinia_isura,Lophoictinia isura,Square-tailed Kite,613814737,https://inaturalist-open-data.s3.amazonaws.com/photos/613814737/medium.jpg,cc-by-nc,2026-02-07,-29.7063287356,152.9633997979,research,1,iNaturalist,C:\Projects\raptor_australia\dataset\raw\lophoictinia_isura\lophoictinia_isura_337629005_613814737.jpg,already_exists
337429249,lophoictinia_isura,Lophoictinia isura,Square-tailed Kite,613403471,https://inaturalist-open-data.s3.amazonaws.com/photos/613403471/medium.jpg,cc-by-nc,2026-02-05,-32.1476596299,115.8362012519,research,2,iNaturalist,C:\Projects\raptor_australia\dataset\raw\lophoictinia_isura\lophoictinia_isura_337429249_613403471.jpg,already_exists
337307528,lophoictinia_isura,Lophoictinia isura,Square-tailed Kite,613149966,https://inaturalist-open-data.s3.amazonaws.com/photos/613149966/medium.jpg,cc-by-nc,2025-12-12,-35.458064334,144.80651213,research,3,iNaturalist,C:\Projects\raptor_australia\dataset\raw\lophoictinia_isura\lophoictinia_isura_337307528_613149966.jpg,already_exists
337299619,lophoictinia_isura,Lophoictinia isura,Square-tailed Kite,613134102,https://inaturalist-open-data.s3.amazonaws.com/photos/613134102/medium.jpg,cc-by-nc,2026-02-04,-32.8688884729,151.7903248248,research,3,iNaturalist,C:\Projects\raptor_australia\dataset\raw\lophoictinia_isura\lophoictinia_isura_337299619_613134102.jpg,already_exists
337298599,lophoictinia_isura,Lophoictinia isura,Square-tailed Kite,613132206,https://inaturalist-open-data.s3.amazonaws.com/photos/613132206/medium.jpg,cc-by-nc,2026-02-04,-36.3343900769,143.6108696278,research,2,iNaturalist,C:\Projects\raptor_australia\dataset\raw\lophoictinia_isura\lophoictinia_isura_337298599_613132206.jpg,already_exists
337270965,lophoictinia_isura,Lophoictinia isura,Square-tailed Kite,613074263,https://inaturalist-open-data.s3.amazonaws.com/photos/613074263/medium.jpg,cc-by-nc,2022-04-05,-33.2967874883,151.513465628,research,2,iNaturalist,C:\Projects\raptor_australia\dataset\raw\lophoictinia_isura\lophoictinia_isura_337270965_613074263.jpg,already_exists
337186583,lophoictinia_isura,Lophoictinia isura,Square-tailed Kite,612903740,https://static.inaturalist.org/photos/612903740/medium.jpg,,2026-02-03,-37.8047333333,145.4717716667,research,1,iNaturalist,C:\Projects\raptor_australia\dataset\raw\lophoictinia_isura\lophoictinia_isura_337186583_612903740.jpg,already_exists
337164825,lophoictinia_isura,Lophoictinia isura,Square-tailed Kite,612857959,https://static.inaturalist.org/photos/612857959/medium.jpg,,2026-02-03,-34.9668673549,138.7679653584,research,3,iNaturalist,C:\Projects\raptor_australia\dataset\raw\lophoictinia_isura\lophoictinia_isura_337164825_612857959.jpg,already_exists
337155241,lophoictinia_isura,Lophoictinia isura,Square-tailed Kite,612837030,https://inaturalist-open-data.s3.amazonaws.com/photos/612837030/medium.jpg,cc-by-nc,2026-02-02,-33.7825265334,150.7178244259,research,4,iNaturalist,C:\Projects\raptor_australia\dataset\raw\lophoictinia_isura\lophoictinia_isura_337155241_612837030.jpg,already_exists
337135937,lophoictinia_isura,Lophoictinia isura,Square-tailed Kite,612798796,https://inaturalist-open-data.s3.amazonaws.com/photos/612798796/medium.jpg,cc-by-nc,2026-02-02,-35.2434432583,150.5207687782,research,3,iNaturalist,C:\Projects\raptor_australia\dataset\raw\lophoictinia_isura\lophoictinia_isura_337135937_612798796.jpg,already_exists
337064513,lophoictinia_isura,Lophoictinia isura,Square-tailed Kite,612655968,https://static.inaturalist.org/photos/612655968/medium.jpg,,2026-02-02,-33.7899903144,150.9994012094,research,2,iNaturalist,C:\Projects\raptor_australia\dataset\raw\lophoictinia_isura\lophoictinia_isura_337064513_612655968.jpg,already_exists
337061553,lophoictinia_isura,Lophoictinia isura,Square-tailed Kite,612649951,https://inaturalist-open-data.s3.amazonaws.com/photos/612649951/medium.jpg,cc-by-nc,2020-02-06,-36.7851003083,144.3917099252,research,3,iNaturalist,C:\Projects\raptor_australia\dataset\raw\lophoictinia_isura\lophoictinia_isura_337061553_612649951.jpg,already_exists
337038382,lophoictinia_isura,Lophoictinia isura,Square-tailed Kite,612599939,https://inaturalist-open-data.s3.amazonaws.com/photos/612599939/medium.jpg,cc-by-nc,2026-02-02,-35.3026658561,150.5232674202,research,2,iNaturalist,C:\Projects\raptor_australia\dataset\raw\lophoictinia_isura\lophoictinia_isura_337038382_612599939.jpg,already_exists
336923255,lophoictinia_isura,Lophoictinia isura,Square-tailed Kite,612367435,https://inaturalist-open-data.s3.amazonaws.com/photos/612367435/medium.jpg,cc-by-nc,2026-02-01,-33.6884522767,150.4443962926,research,1,iNaturalist,C:\Projects\raptor_australia\dataset\raw\lophoictinia_isura\lophoictinia_isura_336923255_612367435.jpg,already_exists
336663347,lophoictinia_isura,Lophoictinia isura,Square-tailed Kite,611839438,https://inaturalist-open-data.s3.amazonaws.com/photos/611839438/medium.jpg,cc-by-nc,2026-01-30,-34.010882271,115.7498184031,research,2,iNaturalist,C:\Projects\raptor_australia\dataset\raw\lophoictinia_isura\lophoictinia_isura_336663347_611839438.jpg,already_exists
336646662,lophoictinia_isura,Lophoictinia isura,Square-tailed Kite,611804780,https://inaturalist-open-data.s3.amazonaws.com/photos/611804780/medium.jpg,cc-by-nc,2026-01-29,-36.2292876519,150.0486123891,research,2,iNaturalist,C:\Projects\raptor_australia\dataset\raw\lophoictinia_isura\lophoictinia_isura_336646662_611804780.jpg,already_exists
336568311,lophoictinia_isura,Lophoictinia isura,Square-tailed Kite,611642703,https://inaturalist-open-data.s3.amazonaws.com/photos/611642703/medium.jpg,cc-by-nc,2026-01-29,-33.3666850043,115.6434104964,research,2,iNaturalist,C:\Projects\raptor_australia\dataset\raw\lophoictinia_isura\lophoictinia_isura_336568311_611642703.jpg,already_exists
336536413,lophoictinia_isura,Lophoictinia isura,Square-tailed Kite,611575902,https://inaturalist-open-data.s3.amazonaws.com/photos/611575902/medium.jpg,cc-by-nc,2026-01-26,-35.9879765461,150.0751541721,research,1,iNaturalist,C:\Projects\raptor_australia\dataset\raw\lophoictinia_isura\lophoictinia_isura_336536413_611575902.jpg,already_exists
336440274,lophoictinia_isura,Lophoictinia isura,Square-tailed Kite,611383277,https://inaturalist-open-data.s3.amazonaws.com/photos/611383277/medium.jpg,cc-by-nc,2019-01-29,-32.0918113,115.8603325,research,3,iNaturalist,C:\Projects\raptor_australia\dataset\raw\lophoictinia_isura\lophoictinia_isura_336440274_611383277.jpg,already_exists
336427146,lophoictinia_isura,Lophoictinia isura,Square-tailed Kite,611356986,https://inaturalist-open-data.s3.amazonaws.com/photos/611356986/medium.jpg,cc-by-nc-sa,2026-01-24,-32.7904683333,116.9466733333,research,3,iNaturalist,C:\Projects\raptor_australia\dataset\raw\lophoictinia_isura\lophoictinia_isura_336427146_611356986.jpg,already_exists
336427071,lophoictinia_isura,Lophoictinia isura,Square-tailed Kite,611356853,https://inaturalist-open-data.s3.amazonaws.com/photos/611356853/medium.jpg,cc-by-nc-sa,2026-01-24,-32.7907583333,116.9467866667,research,3,iNaturalist,C:\Projects\raptor_australia\dataset\raw\lophoictinia_isura\lophoictinia_isura_336427071_611356853.jpg,already_exists
336223476,lophoictinia_isura,Lophoictinia isura,Square-tailed Kite,610945008,https://inaturalist-open-data.s3.amazonaws.com/photos/610945008/medium.jpg,cc-by-nc-sa,2026-01-23,-34.899487,117.992784,research,3,iNaturalist,C:\Projects\raptor_australia\dataset\raw\lophoictinia_isura\lophoictinia_isura_336223476_610945008.jpg,already_exists
336133979,lophoictinia_isura,Lophoictinia isura,Square-tailed Kite,610768140,https://inaturalist-open-data.s3.amazonaws.com/photos/610768140/medium.jpg,cc-by-nc,2025-12-05,-32.0932215983,116.0500152782,research,2,iNaturalist,C:\Projects\raptor_australia\dataset\raw\lophoictinia_isura\lophoictinia_isura_336133979_610768140.jpg,already_exists
336133719,lophoictinia_isura,Lophoictinia isura,Square-tailed Kite,610767642,https://inaturalist-open-data.s3.amazonaws.com/photos/610767642/medium.jpg,cc-by-nc,2025-12-04,-32.0210524374,116.0388368368,research,3,iNaturalist,C:\Projects\raptor_australia\dataset\raw\lophoictinia_isura\lophoictinia_isura_336133719_610767642.jpg,already_exists
336066182,lophoictinia_isura,Lophoictinia isura,Square-tailed Kite,610632714,https://static.inaturalist.org/photos/610632714/medium.jpg,,2026-01-25,-33.5874777184,151.2473756013,research,4,iNaturalist,C:\Projects\raptor_australia\dataset\raw\lophoictinia_isura\lophoictinia_isura_336066182_610632714.jpg,already_exists
336025383,lophoictinia_isura,Lophoictinia isura,Square-tailed Kite,610551371,https://inaturalist-open-data.s3.amazonaws.com/photos/610551371/medium.jpg,cc-by-nc,2026-01-25,-31.892818591,152.5198864363,research,3,iNaturalist,C:\Projects\raptor_australia\dataset\raw\lophoictinia_isura\lophoictinia_isura_336025383_610551371.jpg,already_exists
335921866,lophoictinia_isura,Lophoictinia isura,Square-tailed Kite,610349207,https://inaturalist-open-data.s3.amazonaws.com/photos/610349207/medium.jpg,cc-by-nc,2026-01-24,-27.2685056167,152.8589142667,research,1,iNaturalist,C:\Projects\raptor_australia\dataset\raw\lophoictinia_isura\lophoictinia_isura_335921866_610349207.jpg,already_exists
335797784,lophoictinia_isura,Lophoictinia isura,Square-tailed Kite,610097882,https://inaturalist-open-data.s3.amazonaws.com/photos/610097882/medium.jpg,cc-by-nc,2021-12-11,-34.9560527778,117.3537,research,2,iNaturalist,C:\Projects\raptor_australia\dataset\raw\lophoictinia_isura\lophoictinia_isura_335797784_610097882.jpg,already_exists
335793982,lophoictinia_isura,Lophoictinia isura,Square-tailed Kite,610089923,https://inaturalist-open-data.s3.amazonaws.com/photos/610089923/medium.jpg,cc-by-nc,2026-01-23,-33.7694259164,150.6373351956,research,3,iNaturalist,C:\Projects\raptor_australia\dataset\raw\lophoictinia_isura\lophoictinia_isura_335793982_610089923.jpg,already_exists
335784832,lophoictinia_isura,Lophoictinia isura,Square-tailed Kite,610071574,https://inaturalist-open-data.s3.amazonaws.com/photos/610071574/medium.jpg,cc-by-nc,2026-01-23,-36.6985943116,144.2494797798,research,4,iNaturalist,C:\Projects\raptor_australia\dataset\raw\lophoictinia_isura\lophoictinia_isura_335784832_610071574.jpg,already_exists
335702792,lophoictinia_isura,Lophoictinia isura,Square-tailed Kite,609904888,https://inaturalist-open-data.s3.amazonaws.com/photos/609904888/medium.jpg,cc-by-nc,2022-03-01,-34.9443388889,117.9513888889,research,3,iNaturalist,C:\Projects\raptor_australia\dataset\raw\lophoictinia_isura\lophoictinia_isura_335702792_609904888.jpg,already_exists
335665534,lophoictinia_isura,Lophoictinia isura,Square-tailed Kite,609828854,https://inaturalist-open-data.s3.amazonaws.com/photos/609828854/medium.jpg,cc-by-nc,2026-01-22,-37.0924990723,144.1990591093,research,1,iNaturalist,C:\Projects\raptor_australia\dataset\raw\lophoictinia_isura\lophoictinia_isura_335665534_609828854.jpg,already_exists
335657390,lophoictinia_isura,Lophoictinia isura,Square-tailed Kite,609810606,https://inaturalist-open-data.s3.amazonaws.com/photos/609810606/medium.jpg,cc-by-nc,2026-01-21,-37.0474209877,144.2133297465,research,2,iNaturalist,C:\Projects\raptor_australia\dataset\raw\lophoictinia_isura\lophoictinia_isura_335657390_609810606.jpg,already_exists
335641834,lophoictinia_isura,Lophoictinia isura,Square-tailed Kite,609779006,https://inaturalist-open-data.s3.amazonaws.com/photos/609779006/medium.jpg,cc-by-nc,2026-01-21,-37.903158,145.308802,research,4,iNaturalist,C:\Projects\raptor_australia\dataset\raw\lophoictinia_isura\lophoictinia_isura_335641834_609779006.jpg,already_exists
335589283,lophoictinia_isura,Lophoictinia isura,Square-tailed Kite,609675141,https://inaturalist-open-data.s3.amazonaws.com/photos/609675141/medium.jpg,cc-by-nc,2026-01-11,-27.5451319649,152.7954570344,research,2,iNaturalist,C:\Projects\raptor_australia\dataset\raw\lophoictinia_isura\lophoictinia_isura_335589283_609675141.jpg,already_exists
335585415,lophoictinia_isura,Lophoictinia isura,Square-tailed Kite,609665756,https://inaturalist-open-data.s3.amazonaws.com/photos/609665756/medium.jpg,cc-by-nc,2021-12-07,-35.0221805556,117.2745527778,research,3,iNaturalist,C:\Projects\raptor_australia\dataset\raw\lophoictinia_isura\lophoictinia_isura_335585415_609665756.jpg,already_exists
335572259,lophoictinia_isura,Lophoictinia isura,Square-tailed Kite,609642117,https://inaturalist-open-data.s3.amazonaws.com/photos/609642117/medium.jpg,cc-by-nc,2026-01-12,-33.7656200876,151.0946322517,research,3,iNaturalist,C:\Projects\raptor_australia\dataset\raw\lophoictinia_isura\lophoictinia_isura_335572259_609642117.jpg,already_exists
335570985,lophoictinia_isura,Lophoictinia isura,Square-tailed Kite,609637388,https://inaturalist-open-data.s3.amazonaws.com/photos/609637388/medium.jpg,cc-by-nc,2021-10-13,-34.9611404,117.3530319,research,2,iNaturalist,C:\Projects\raptor_australia\dataset\raw\lophoictinia_isura\lophoictinia_isura_335570985_609637388.jpg,already_exists
335566681,lophoictinia_isura,Lophoictinia isura,Square-tailed Kite,609631931,https://inaturalist-open-data.s3.amazonaws.com/photos/609631931/medium.jpg,cc-by-nc,2021-09-22,-34.9611404,117.3530319,research,2,iNaturalist,C:\Projects\raptor_australia\dataset\raw\lophoictinia_isura\lophoictinia_isura_335566681_609631931.jpg,already_exists
335566676,lophoictinia_isura,Lophoictinia isura,Square-tailed Kite,609631913,https://inaturalist-open-data.s3.amazonaws.com/photos/609631913/medium.jpg,cc-by-nc,2021-09-21,-35.030325,117.3234722222,research,3,iNaturalist,C:\Projects\raptor_australia\dataset\raw\lophoictinia_isura\lophoictinia_isura_335566676_609631913.jpg,already_exists
335566644,lophoictinia_isura,Lophoictinia isura,Square-tailed Kite,609631810,https://inaturalist-open-data.s3.amazonaws.com/photos/609631810/medium.jpg,cc-by-nc,2021-09-07,-34.9611404,117.3530319,research,2,iNaturalist,C:\Projects\raptor_australia\dataset\raw\lophoictinia_isura\lophoictinia_isura_335566644_609631810.jpg,already_exists
335546809,lophoictinia_isura,Lophoictinia isura,Square-tailed Kite,609590447,https://inaturalist-open-data.s3.amazonaws.com/photos/609590447/medium.jpg,cc-by-nc,2026-01-21,-36.615816929,149.9104800189,research,2,iNaturalist,C:\Projects\raptor_australia\dataset\raw\lophoictinia_isura\lophoictinia_isura_335546809_609590447.jpg,already_exists
335490657,lophoictinia_isura,Lophoictinia isura,Square-tailed Kite,609474954,https://inaturalist-open-data.s3.amazonaws.com/photos/609474954/medium.jpg,cc-by-nc,2026-01-20,-34.29203,116.2478066667,research,2,iNaturalist,C:\Projects\raptor_australia\dataset\raw\lophoictinia_isura\lophoictinia_isura_335490657_609474954.jpg,already_exists
335470856,lophoictinia_isura,Lophoictinia isura,Square-tailed Kite,609438088,https://inaturalist-open-data.s3.amazonaws.com/photos/609438088/medium.jpg,cc-by,2025-06-28,-33.9756740501,151.2837049137,research,2,iNaturalist,C:\Projects\raptor_australia\dataset\raw\lophoictinia_isura\lophoictinia_isura_335470856_609438088.jpg,already_exists
335464130,lophoictinia_isura,Lophoictinia isura,Square-tailed Kite,609423789,https://inaturalist-open-data.s3.amazonaws.com/photos/609423789/medium.jpg,cc-by-nc,2025-12-26,-36.1235833333,144.9923966667,research,2,iNaturalist,C:\Projects\raptor_australia\dataset\raw\lophoictinia_isura\lophoictinia_isura_335464130_609423789.jpg,already_exists
335438268,lophoictinia_isura,Lophoictinia isura,Square-tailed Kite,609372112,https://inaturalist-open-data.s3.amazonaws.com/photos/609372112/medium.jpg,cc-by-nc,2026-01-20,-34.7022226292,139.3553984202,research,1,iNaturalist,C:\Projects\raptor_australia\dataset\raw\lophoictinia_isura\lophoictinia_isura_335438268_609372112.jpg,already_exists
335434769,lophoictinia_isura,Lophoictinia isura,Square-tailed Kite,609364828,https://inaturalist-open-data.s3.amazonaws.com/photos/609364828/medium.jpg,cc-by-nc,2026-01-20,-36.6099175742,149.9566455962,research,1,iNaturalist,C:\Projects\raptor_australia\dataset\raw\lophoictinia_isura\lophoictinia_isura_335434769_609364828.jpg,already_exists
335422345,lophoictinia_isura,Lophoictinia isura,Square-tailed Kite,609337589,https://static.inaturalist.org/photos/609337589/medium.jpg,,2026-01-09,-35.672490162,150.1825185522,research,2,iNaturalist,C:\Projects\raptor_australia\dataset\raw\lophoictinia_isura\lophoictinia_isura_335422345_609337589.jpg,already_exists
335408455,lophoictinia_isura,Lophoictinia isura,Square-tailed Kite,609309806,https://static.inaturalist.org/photos/609309806/medium.jpg,,2026-01-19,-35.8956147277,150.0493364444,research,2,iNaturalist,C:\Projects\raptor_australia\dataset\raw\lophoictinia_isura\lophoictinia_isura_335408455_609309806.jpg,already_exists
335278159,lophoictinia_isura,Lophoictinia isura,Square-tailed Kite,609047137,https://inaturalist-open-data.s3.amazonaws.com/photos/609047137/medium.jpg,cc-by-nc,2025-12-06,-31.5463740347,115.6772524604,research,3,iNaturalist,C:\Projects\raptor_australia\dataset\raw\lophoictinia_isura\lophoictinia_isura_335278159_609047137.jpg,already_exists
335194432,lophoictinia_isura,Lophoictinia isura,Square-tailed Kite,608882180,https://inaturalist-open-data.s3.amazonaws.com/photos/608882180/medium.jpg,cc-by-nc,2026-01-02,-32.3074679584,115.8668518905,research,2,iNaturalist,C:\Projects\raptor_australia\dataset\raw\lophoictinia_isura\lophoictinia_isura_335194432_608882180.jpg,already_exists
335194163,lophoictinia_isura,Lophoictinia isura,Square-tailed Kite,609161887,https://inaturalist-open-data.s3.amazonaws.com/photos/609161887/medium.jpg,cc-by-nc,2026-01-18,-35.6311297566,150.3817524854,research,3,iNaturalist,C:\Projects\raptor_australia\dataset\raw\lophoictinia_isura\lophoictinia_isura_335194163_609161887.jpg,already_exists
335140451,lophoictinia_isura,Lophoictinia isura,Square-tailed Kite,608774697,https://inaturalist-open-data.s3.amazonaws.com/photos/608774697/medium.jpg,cc-by-nc,2026-01-18,-35.309539541,138.472708801,research,2,iNaturalist,C:\Projects\raptor_australia\dataset\raw\lophoictinia_isura\lophoictinia_isura_335140451_608774697.jpg,already_exists
335052472,lophoictinia_isura,Lophoictinia isura,Square-tailed Kite,608596103,https://inaturalist-open-data.s3.amazonaws.com/photos/608596103/medium.jpg,cc-by-nc,2026-01-16,-35.007078273,117.3316118482,research,3,iNaturalist,C:\Projects\raptor_australia\dataset\raw\lophoictinia_isura\lophoictinia_isura_335052472_608596103.jpg,already_exists
335043801,lophoictinia_isura,Lophoictinia isura,Square-tailed Kite,608578170,https://inaturalist-open-data.s3.amazonaws.com/photos/608578170/medium.jpg,cc-by-nc,2026-01-17,-35.6602574835,150.2238943418,research,2,iNaturalist,C:\Projects\raptor_australia\dataset\raw\lophoictinia_isura\lophoictinia_isura_335043801_608578170.jpg,already_exists
335031699,lophoictinia_isura,Lophoictinia isura,Square-tailed Kite,608553213,https://inaturalist-open-data.s3.amazonaws.com/photos/608553213/medium.jpg,cc-by-nc,2024-06-27,-13.4081730936,142.9722064135,research,2,iNaturalist,C:\Projects\raptor_australia\dataset\raw\lophoictinia_isura\lophoictinia_isura_335031699_608553213.jpg,already_exists
334931678,lophoictinia_isura,Lophoictinia isura,Square-tailed Kite,608344317,https://inaturalist-open-data.s3.amazonaws.com/photos/608344317/medium.jpg,cc-by-nc,2025-12-30,-37.6852321,145.5079792,research,2,iNaturalist,C:\Projects\raptor_australia\dataset\raw\lophoictinia_isura\lophoictinia_isura_334931678_608344317.jpg,already_exists
334884472,lophoictinia_isura,Lophoictinia isura,Square-tailed Kite,608246514,https://inaturalist-open-data.s3.amazonaws.com/photos/608246514/medium.jpg,cc-by-nc,2026-01-15,-36.3786866667,143.6256866667,research,2,iNaturalist,C:\Projects\raptor_australia\dataset\raw\lophoictinia_isura\lophoictinia_isura_334884472_608246514.jpg,already_exists
334874697,lophoictinia_isura,Lophoictinia isura,Square-tailed Kite,608227883,https://inaturalist-open-data.s3.amazonaws.com/photos/608227883/medium.jpg,cc-by,2026-01-16,-27.5471487333,152.7963025278,research,4,iNaturalist,C:\Projects\raptor_australia\dataset\raw\lophoictinia_isura\lophoictinia_isura_334874697_608227883.jpg,already_exists
334823401,lophoictinia_isura,Lophoictinia isura,Square-tailed Kite,608120877,https://inaturalist-open-data.s3.amazonaws.com/photos/608120877/medium.jpg,cc-by-nc,2026-01-15,-31.725221,115.756283,research,3,iNaturalist,C:\Projects\raptor_australia\dataset\raw\lophoictinia_isura\lophoictinia_isura_334823401_608120877.jpg,already_exists
334792771,lophoictinia_isura,Lophoictinia isura,Square-tailed Kite,608057163,https://inaturalist-open-data.s3.amazonaws.com/photos/608057163/medium.jpg,cc-by-nc,2026-01-06,-38.0870114511,144.0547355675,research,2,iNaturalist,C:\Projects\raptor_australia\dataset\raw\lophoictinia_isura\lophoictinia_isura_334792771_608057163.jpg,already_exists
334778201,lophoictinia_isura,Lophoictinia isura,Square-tailed Kite,608027027,https://static.inaturalist.org/photos/608027027/medium.jpg,,2026-01-14,-35.632879008,150.0268832678,research,2,iNaturalist,C:\Projects\raptor_australia\dataset\raw\lophoictinia_isura\lophoictinia_isura_334778201_608027027.jpg,already_exists
334721543,lophoictinia_isura,Lophoictinia isura,Square-tailed Kite,607914648,https://static.inaturalist.org/photos/607914648/medium.jpg,,2025-12-19,-33.5360397847,115.0170304273,research,2,iNaturalist,C:\Projects\raptor_australia\dataset\raw\lophoictinia_isura\lophoictinia_isura_334721543_607914648.jpg,already_exists
334688229,lophoictinia_isura,Lophoictinia isura,Square-tailed Kite,607844156,https://inaturalist-open-data.s3.amazonaws.com/photos/607844156/medium.jpg,cc-by-nc,2025-08-06,-32.0133490662,116.0328054874,research,2,iNaturalist,C:\Projects\raptor_australia\dataset\raw\lophoictinia_isura\lophoictinia_isura_334688229_607844156.jpg,already_exists
334687299,lophoictinia_isura,Lophoictinia isura,Square-tailed Kite,607843830,https://inaturalist-open-data.s3.amazonaws.com/photos/607843830/medium.jpg,cc-by-nc,2026-01-13,-32.9868779668,151.7427558151,research,1,iNaturalist,C:\Projects\raptor_australia\dataset\raw\lophoictinia_isura\lophoictinia_isura_334687299_607843830.jpg,already_exists
334592670,lophoictinia_isura,Lophoictinia isura,Square-tailed Kite,607654846,https://inaturalist-open-data.s3.amazonaws.com/photos/607654846/medium.jpg,cc-by-nc,2026-01-06,-25.1144012229,152.5681587693,research,2,iNaturalist,C:\Projects\raptor_australia\dataset\raw\lophoictinia_isura\lophoictinia_isura_334592670_607654846.jpg,already_exists
334470467,lophoictinia_isura,Lophoictinia isura,Square-tailed Kite,607406352,https://inaturalist-open-data.s3.amazonaws.com/photos/607406352/medium.jpg,cc-by-nc,2026-01-12,-32.0364805,116.1309195,research,2,iNaturalist,C:\Projects\raptor_australia\dataset\raw\lophoictinia_isura\lophoictinia_isura_334470467_607406352.jpg,already_exists
334466933,lophoictinia_isura,Lophoictinia isura,Square-tailed Kite,607399643,https://inaturalist-open-data.s3.amazonaws.com/photos/607399643/medium.jpg,cc-by-nc,2025-10-20,-33.0997267749,151.4697415914,research,2,iNaturalist,C:\Projects\raptor_australia\dataset\raw\lophoictinia_isura\lophoictinia_isura_334466933_607399643.jpg,already_exists
334463812,lophoictinia_isura,Lophoictinia isura,Square-tailed Kite,607393187,https://inaturalist-open-data.s3.amazonaws.com/photos/607393187/medium.jpg,cc-by-nc,2026-01-12,-35.1402929979,138.5015894719,research,2,iNaturalist,C:\Projects\raptor_australia\dataset\raw\lophoictinia_isura\lophoictinia_isura_334463812_607393187.jpg,already_exists
334458708,lophoictinia_isura,Lophoictinia isura,Square-tailed Kite,607382784,https://static.inaturalist.org/photos/607382784/medium.jpg,,2026-01-12,-37.5781111111,143.8846,research,1,iNaturalist,C:\Projects\raptor_australia\dataset\raw\lophoictinia_isura\lophoictinia_isura_334458708_607382784.jpg,already_exists
334165048,lophoictinia_isura,Lophoictinia isura,Square-tailed Kite,606784394,https://inaturalist-open-data.s3.amazonaws.com/photos/606784394/medium.jpg,cc-by-nc,2026-01-10,-31.4476357968,115.516907205,research,2,iNaturalist,C:\Projects\raptor_australia\dataset\raw\lophoictinia_isura\lophoictinia_isura_334165048_606784394.jpg,already_exists
334157306,lophoictinia_isura,Lophoictinia isura,Square-tailed Kite,606766790,https://inaturalist-open-data.s3.amazonaws.com/photos/606766790/medium.jpg,cc-by-nc,2026-01-09,-32.4719009399,115.7733764648,research,2,iNaturalist,C:\Projects\raptor_australia\dataset\raw\lophoictinia_isura\lophoictinia_isura_334157306_606766790.jpg,already_exists
334060432,lophoictinia_isura,Lophoictinia isura,Square-tailed Kite,606571321,https://inaturalist-open-data.s3.amazonaws.com/photos/606571321/medium.jpg,cc-by-nc,2026-01-09,-32.4718383333,115.7734916667,research,2,iNaturalist,C:\Projects\raptor_australia\dataset\raw\lophoictinia_isura\lophoictinia_isura_334060432_606571321.jpg,already_exists
334032414,lophoictinia_isura,Lophoictinia isura,Square-tailed Kite,606513242,https://inaturalist-open-data.s3.amazonaws.com/photos/606513242/medium.jpg,cc-by-nc,2026-01-07,-33.6635391023,150.5924197254,research,2,iNaturalist,C:\Projects\raptor_australia\dataset\raw\lophoictinia_isura\lophoictinia_isura_334032414_606513242.jpg,already_exists
334032291,lophoictinia_isura,Lophoictinia isura,Square-tailed Kite,606512999,https://inaturalist-open-data.s3.amazonaws.com/photos/606512999/medium.jpg,cc-by-nc,2026-01-07,-33.6639674839,150.5624722029,research,2,iNaturalist,C:\Projects\raptor_australia\dataset\raw\lophoictinia_isura\lophoictinia_isura_334032291_606512999.jpg,already_exists
333845836,lophoictinia_isura,Lophoictinia isura,Square-tailed Kite,606261254,https://inaturalist-open-data.s3.amazonaws.com/photos/606261254/medium.jpg,cc-by-nc,2026-01-04,-34.2932733333,116.249615,research,3,iNaturalist,C:\Projects\raptor_australia\dataset\raw\lophoictinia_isura\lophoictinia_isura_333845836_606261254.jpg,already_exists
333783683,lophoictinia_isura,Lophoictinia isura,Square-tailed Kite,606003638,https://inaturalist-open-data.s3.amazonaws.com/photos/606003638/medium.jpg,cc-by-nc,2026-01-07,-33.406341718,151.3110555741,research,2,iNaturalist,C:\Projects\raptor_australia\dataset\raw\lophoictinia_isura\lophoictinia_isura_333783683_606003638.jpg,already_exists
333717473,lophoictinia_isura,Lophoictinia isura,Square-tailed Kite,605870127,https://inaturalist-open-data.s3.amazonaws.com/photos/605870127/medium.jpg,cc-by,2025-11-06,-33.7559951258,151.0783192581,research,3,iNaturalist,C:\Projects\raptor_australia\dataset\raw\lophoictinia_isura\lophoictinia_isura_333717473_605870127.jpg,already_exists
333713143,lophoictinia_isura,Lophoictinia isura,Square-tailed Kite,605861350,https://static.inaturalist.org/photos/605861350/medium.jpg,,2026-01-06,-34.9205656812,150.7520626546,research,3,iNaturalist,C:\Projects\raptor_australia\dataset\raw\lophoictinia_isura\lophoictinia_isura_333713143_605861350.jpg,already_exists
333669429,lophoictinia_isura,Lophoictinia isura,Square-tailed Kite,605771456,https://inaturalist-open-data.s3.amazonaws.com/photos/605771456/medium.jpg,cc-by-nc,2026-01-05,-37.1573221768,144.3322331093,research,2,iNaturalist,C:\Projects\raptor_australia\dataset\raw\lophoictinia_isura\lophoictinia_isura_333669429_605771456.jpg,already_exists
333293746,lophoictinia_isura,Lophoictinia isura,Square-tailed Kite,605063180,https://inaturalist-open-data.s3.amazonaws.com/photos/605063180/medium.jpg,cc-by-nc,2026-01-03,-37.6629280278,144.5069380745,research,2,iNaturalist,C:\Projects\raptor_australia\dataset\raw\lophoictinia_isura\lophoictinia_isura_333293746_605063180.jpg,already_exists
333282288,lophoictinia_isura,Lophoictinia isura,Square-tailed Kite,605039670,https://inaturalist-open-data.s3.amazonaws.com/photos/605039670/medium.jpg,cc-by-nc,2025-12-06,-27.5496549829,153.0509338196,research,3,iNaturalist,C:\Projects\raptor_australia\dataset\raw\lophoictinia_isura\lophoictinia_isura_333282288_605039670.jpg,already_exists
333282109,lophoictinia_isura,Lophoictinia isura,Square-tailed Kite,605036362,https://inaturalist-open-data.s3.amazonaws.com/photos/605036362/medium.jpg,cc-by-nc,2019-07-06,-12.5707027778,131.301175,research,2,iNaturalist,C:\Projects\raptor_australia\dataset\raw\lophoictinia_isura\lophoictinia_isura_333282109_605036362.jpg,already_exists
333222766,lophoictinia_isura,Lophoictinia isura,Square-tailed Kite,604918030,https://inaturalist-open-data.s3.amazonaws.com/photos/604918030/medium.jpg,cc-by-nc,2026-01-03,-34.9494004439,138.8954009711,research,1,iNaturalist,C:\Projects\raptor_australia\dataset\raw\lophoictinia_isura\lophoictinia_isura_333222766_604918030.jpg,already_exists
333131003,lophoictinia_isura,Lophoictinia isura,Square-tailed Kite,604733807,https://inaturalist-open-data.s3.amazonaws.com/photos/604733807/medium.jpg,cc-by-nc-sa,2026-01-02,-31.731145,115.771479,research,1,iNaturalist,C:\Projects\raptor_australia\dataset\raw\lophoictinia_isura\lophoictinia_isura_333131003_604733807.jpg,already_exists
333121600,lophoictinia_isura,Lophoictinia isura,Square-tailed Kite,604711409,https://inaturalist-open-data.s3.amazonaws.com/photos/604711409/medium.jpg,cc-by-nc,2020-10-29,-34.9523083333,117.3502888889,research,3,iNaturalist,C:\Projects\raptor_australia\dataset\raw\lophoictinia_isura\lophoictinia_isura_333121600_604711409.jpg,already_exists
333121589,lophoictinia_isura,Lophoictinia isura,Square-tailed Kite,604711376,https://inaturalist-open-data.s3.amazonaws.com/photos/604711376/medium.jpg,cc-by-nc,2020-10-18,-34.9525222222,117.3502527778,research,2,iNaturalist,C:\Projects\raptor_australia\dataset\raw\lophoictinia_isura\lophoictinia_isura_333121589_604711376.jpg,already_exists
333109917,lophoictinia_isura,Lophoictinia isura,Square-tailed Kite,604690405,https://inaturalist-open-data.s3.amazonaws.com/photos/604690405/medium.jpg,cc-by-nc,2020-03-12,-34.1186138889,115.0890194444,research,3,iNaturalist,C:\Projects\raptor_australia\dataset\raw\lophoictinia_isura\lophoictinia_isura_333109917_604690405.jpg,already_exists
333079149,lophoictinia_isura,Lophoictinia isura,Square-tailed Kite,604627249,https://static.inaturalist.org/photos/604627249/medium.jpg,,2026-01-02,-35.0768065593,138.5604553099,research,2,iNaturalist,,failed: Muy pequeña: 386x178px
332969949,lophoictinia_isura,Lophoictinia isura,Square-tailed Kite,604404866,https://inaturalist-open-data.s3.amazonaws.com/photos/604404866/medium.jpg,cc-by-nc,2019-12-29,-31.9957777778,116.0338916667,research,1,iNaturalist,C:\Projects\raptor_australia\dataset\raw\lophoictinia_isura\lophoictinia_isura_332969949_604404866.jpg,already_exists
332846695,lophoictinia_isura,Lophoictinia isura,Square-tailed Kite,604146330,https://inaturalist-open-data.s3.amazonaws.com/photos/604146330/medium.jpg,cc-by,2025-10-19,-33.6895204032,151.0905198289,research,1,iNaturalist,C:\Projects\raptor_australia\dataset\raw\lophoictinia_isura\lophoictinia_isura_332846695_604146330.jpg,already_exists
332833227,lophoictinia_isura,Lophoictinia isura,Square-tailed Kite,604119645,https://inaturalist-open-data.s3.amazonaws.com/photos/604119645/medium.jpg,cc-by-nc,2025-12-31,-34.0410740688,150.6942902263,research,1,iNaturalist,C:\Projects\raptor_australia\dataset\raw\lophoictinia_isura\lophoictinia_isura_332833227_604119645.jpg,already_exists
332830939,lophoictinia_isura,Lophoictinia isura,Square-tailed Kite,604114197,https://inaturalist-open-data.s3.amazonaws.com/photos/604114197/medium.jpg,cc-by-nc,2025-12-30,-33.6346053117,150.476647507,research,2,iNaturalist,C:\Projects\raptor_australia\dataset\raw\lophoictinia_isura\lophoictinia_isura_332830939_604114197.jpg,already_exists
332787054,lophoictinia_isura,Lophoictinia isura,Square-tailed Kite,604024403,https://inaturalist-open-data.s3.amazonaws.com/photos/604024403/medium.jpg,cc-by-nc,2025-12-31,-37.9198416667,145.3684533333,research,2,iNaturalist,C:\Projects\raptor_australia\dataset\raw\lophoictinia_isura\lophoictinia_isura_332787054_604024403.jpg,already_exists
332724824,lophoictinia_isura,Lophoictinia isura,Square-tailed Kite,603897713,https://inaturalist-open-data.s3.amazonaws.com/photos/603897713/medium.jpg,cc-by-nc,2025-12-30,-33.5056088562,150.8785712503,research,2,iNaturalist,C:\Projects\raptor_australia\dataset\raw\lophoictinia_isura\lophoictinia_isura_332724824_603897713.jpg,already_exists
332707353,lophoictinia_isura,Lophoictinia isura,Square-tailed Kite,603863361,https://inaturalist-open-data.s3.amazonaws.com/photos/603863361/medium.jpg,cc-by-nc,2025-12-30,-33.6953655954,150.6051994143,research,2,iNaturalist,C:\Projects\raptor_australia\dataset\raw\lophoictinia_isura\lophoictinia_isura_332707353_603863361.jpg,already_exists
332697668,lophoictinia_isura,Lophoictinia isura,Square-tailed Kite,603844965,https://static.inaturalist.org/photos/603844965/medium.jpg,,2025-12-30,-32.9919267166,151.7079784633,research,4,iNaturalist,C:\Projects\raptor_australia\dataset\raw\lophoictinia_isura\lophoictinia_isura_332697668_603844965.jpg,already_exists
332680005,lophoictinia_isura,Lophoictinia isura,Square-tailed Kite,603808633,https://inaturalist-open-data.s3.amazonaws.com/photos/603808633/medium.jpg,cc-by-nc,2025-12-30,-35.9381299955,150.3213663749,research,2,iNaturalist,C:\Projects\raptor_australia\dataset\raw\lophoictinia_isura\lophoictinia_isura_332680005_603808633.jpg,already_exists
332660828,lophoictinia_isura,Lophoictinia isura,Square-tailed Kite,603767380,https://inaturalist-open-data.s3.amazonaws.com/photos/603767380/medium.jpg,cc-by-nc,2025-12-20,-33.6595431824,150.8534870255,research,2,iNaturalist,C:\Projects\raptor_australia\dataset\raw\lophoictinia_isura\lophoictinia_isura_332660828_603767380.jpg,already_exists
332520741,lophoictinia_isura,Lophoictinia isura,Square-tailed Kite,603480901,https://inaturalist-open-data.s3.amazonaws.com/photos/603480901/medium.jpg,cc-by-nc,2025-12-20,-34.8568289287,138.7376296763,research,1,iNaturalist,C:\Projects\raptor_australia\dataset\raw\lophoictinia_isura\lophoictinia_isura_332520741_603480901.jpg,already_exists
332499798,lophoictinia_isura,Lophoictinia isura,Square-tailed Kite,603436176,https://inaturalist-open-data.s3.amazonaws.com/photos/603436176/medium.jpg,cc-by-nc,2025-12-28,-35.6032382632,150.2744046374,research,2,iNaturalist,C:\Projects\raptor_australia\dataset\raw\lophoictinia_isura\lophoictinia_isura_332499798_603436176.jpg,already_exists
332439170,lophoictinia_isura,Lophoictinia isura,Square-tailed Kite,603312984,https://inaturalist-open-data.s3.amazonaws.com/photos/603312984/medium.jpg,cc-by-nc,2025-02-05,-36.6214712442,144.2617326169,research,2,iNaturalist,C:\Projects\raptor_australia\dataset\raw\lophoictinia_isura\lophoictinia_isura_332439170_603312984.jpg,already_exists
332412379,lophoictinia_isura,Lophoictinia isura,Square-tailed Kite,603261098,https://inaturalist-open-data.s3.amazonaws.com/photos/603261098/medium.jpg,cc-by-nc,2025-12-28,-33.715162522,151.0346403436,research,1,iNaturalist,C:\Projects\raptor_australia\dataset\raw\lophoictinia_isura\lophoictinia_isura_332412379_603261098.jpg,already_exists
332406233,lophoictinia_isura,Lophoictinia isura,Square-tailed Kite,603247881,https://inaturalist-open-data.s3.amazonaws.com/photos/603247881/medium.jpg,cc-by-nc,2019-09-20,-17.9609583333,122.2028027778,research,2,iNaturalist,C:\Projects\raptor_australia\dataset\raw\lophoictinia_isura\lophoictinia_isura_332406233_603247881.jpg,already_exists
332406220,lophoictinia_isura,Lophoictinia isura,Square-tailed Kite,603247574,https://inaturalist-open-data.s3.amazonaws.com/photos/603247574/medium.jpg,cc-by-nc,2019-09-19,-17.9611833333,122.2036916667,research,2,iNaturalist,C:\Projects\raptor_australia\dataset\raw\lophoictinia_isura\lophoictinia_isura_332406220_603247574.jpg,already_exists
332367797,lophoictinia_isura,Lophoictinia isura,Square-tailed Kite,603167117,https://inaturalist-open-data.s3.amazonaws.com/photos/603167117/medium.jpg,cc-by-nc,2025-12-28,-31.5978705377,115.6546040252,research,2,iNaturalist,C:\Projects\raptor_australia\dataset\raw\lophoictinia_isura\lophoictinia_isura_332367797_603167117.jpg,already_exists
332245244,lophoictinia_isura,Lophoictinia isura,Square-tailed Kite,602916585,https://inaturalist-open-data.s3.amazonaws.com/photos/602916585/medium.jpg,cc-by-nc,2019-08-05,-16.1110861111,128.7349277778,research,1,iNaturalist,C:\Projects\raptor_australia\dataset\raw\lophoictinia_isura\lophoictinia_isura_332245244_602916585.jpg,already_exists
332237601,lophoictinia_isura,Lophoictinia isura,Square-tailed Kite,602901087,https://inaturalist-open-data.s3.amazonaws.com/photos/602901087/medium.jpg,cc-by-nc,2023-09-25,-34.7095586639,138.8452680017,research,2,iNaturalist,C:\Projects\raptor_australia\dataset\raw\lophoictinia_isura\lophoictinia_isura_332237601_602901087.jpg,already_exists
332217667,lophoictinia_isura,Lophoictinia isura,Square-tailed Kite,602857001,https://inaturalist-open-data.s3.amazonaws.com/photos/602857001/medium.jpg,cc-by-nc,2025-12-27,-35.6711350179,150.3285398034,research,3,iNaturalist,C:\Projects\raptor_australia\dataset\raw\lophoictinia_isura\lophoictinia_isura_332217667_602857001.jpg,already_exists
332089232,lophoictinia_isura,Lophoictinia isura,Square-tailed Kite,602593301,https://static.inaturalist.org/photos/602593301/medium.jpg,,2025-12-25,-32.5318941785,152.3690660852,research,2,iNaturalist,C:\Projects\raptor_australia\dataset\raw\lophoictinia_isura\lophoictinia_isura_332089232_602593301.jpg,already_exists
331906372,lophoictinia_isura,Lophoictinia isura,Square-tailed Kite,602218710,https://inaturalist-open-data.s3.amazonaws.com/photos/602218710/medium.jpg,cc-by-nc,2025-12-24,-31.5944672607,152.6015411664,research,2,iNaturalist,C:\Projects\raptor_australia\dataset\raw\lophoictinia_isura\lophoictinia_isura_331906372_602218710.jpg,already_exists
331772283,lophoictinia_isura,Lophoictinia isura,Square-tailed Kite,601941628,https://static.inaturalist.org/photos/601941628/medium.jpg,,2025-12-20,-31.9599073,115.8221449,research,1,iNaturalist,C:\Projects\raptor_australia\dataset\raw\lophoictinia_isura\lophoictinia_isura_331772283_601941628.jpg,already_exists
331660913,lophoictinia_isura,Lophoictinia isura,Square-tailed Kite,601713899,https://inaturalist-open-data.s3.amazonaws.com/photos/601713899/medium.jpg,cc0,2025-12-22,-31.7312112286,115.7723442453,research,2,iNaturalist,C:\Projects\raptor_australia\dataset\raw\lophoictinia_isura\lophoictinia_isura_331660913_601713899.jpg,already_exists
331650989,lophoictinia_isura,Lophoictinia isura,Square-tailed Kite,601694558,https://inaturalist-open-data.s3.amazonaws.com/photos/601694558/medium.jpg,cc-by-nc,2025-12-22,-33.6250413845,150.5825589367,research,2,iNaturalist,C:\Projects\raptor_australia\dataset\raw\lophoictinia_isura\lophoictinia_isura_331650989_601694558.jpg,already_exists
331627868,lophoictinia_isura,Lophoictinia isura,Square-tailed Kite,601647309,https://static.inaturalist.org/photos/601647309/medium.jpg,,2025-12-22,-26.3207394018,152.8729078174,research,1,iNaturalist,C:\Projects\raptor_australia\dataset\raw\lophoictinia_isura\lophoictinia_isura_331627868_601647309.jpg,already_exists
331627741,lophoictinia_isura,Lophoictinia isura,Square-tailed Kite,601647121,https://static.inaturalist.org/photos/601647121/medium.jpg,,2025-12-22,-26.3207394018,152.8729078174,research,1,iNaturalist,C:\Projects\raptor_australia\dataset\raw\lophoictinia_isura\lophoictinia_isura_331627741_601647121.jpg,already_exists
331519734,lophoictinia_isura,Lophoictinia isura,Square-tailed Kite,601429882,https://inaturalist-open-data.s3.amazonaws.com/photos/601429882/medium.jpg,cc-by-nc,2025-12-21,-31.9562950249,115.8374601983,research,2,iNaturalist,C:\Projects\raptor_australia\dataset\raw\lophoictinia_isura\lophoictinia_isura_331519734_601429882.jpg,already_exists
331404256,lophoictinia_isura,Lophoictinia isura,Square-tailed Kite,601190920,https://inaturalist-open-data.s3.amazonaws.com/photos/601190920/medium.jpg,cc-by-nc,2025-12-19,-34.8920130608,138.6473371926,research,3,iNaturalist,C:\Projects\raptor_australia\dataset\raw\lophoictinia_isura\lophoictinia_isura_331404256_601190920.jpg,already_exists
331401710,lophoictinia_isura,Lophoictinia isura,Square-tailed Kite,601186036,https://inaturalist-open-data.s3.amazonaws.com/photos/601186036/medium.jpg,cc-by-nc,2025-12-20,-34.9492128392,138.7231460668,research,2,iNaturalist,C:\Projects\raptor_australia\dataset\raw\lophoictinia_isura\lophoictinia_isura_331401710_601186036.jpg,already_exists
331362410,lophoictinia_isura,Lophoictinia isura,Square-tailed Kite,601106881,https://inaturalist-open-data.s3.amazonaws.com/photos/601106881/medium.jpg,cc-by-nc,2025-12-18,-31.7349897908,152.7588248784,research,3,iNaturalist,C:\Projects\raptor_australia\dataset\raw\lophoictinia_isura\lophoictinia_isura_331362410_601106881.jpg,already_exists
331159014,lophoictinia_isura,Lophoictinia isura,Square-tailed Kite,600684395,https://inaturalist-open-data.s3.amazonaws.com/photos/600684395/medium.jpg,cc-by-nc,2025-12-18,-35.9240418804,150.1878481589,research,1,iNaturalist,C:\Projects\raptor_australia\dataset\raw\lophoictinia_isura\lophoictinia_isura_331159014_600684395.jpg,already_exists
331076278,lophoictinia_isura,Lophoictinia isura,Square-tailed Kite,600516312,https://static.inaturalist.org/photos/600516312/medium.jpg,,2025-12-17,-37.1284390099,144.3742286414,research,2,iNaturalist,C:\Projects\raptor_australia\dataset\raw\lophoictinia_isura\lophoictinia_isura_331076278_600516312.jpg,already_exists
331074838,lophoictinia_isura,Lophoictinia isura,Square-tailed Kite,600512815,https://static.inaturalist.org/photos/600512815/medium.jpg,,2025-12-16,-37.1286844005,144.3703575432,research,2,iNaturalist,C:\Projects\raptor_australia\dataset\raw\lophoictinia_isura\lophoictinia_isura_331074838_600512815.jpg,already_exists
331036437,lophoictinia_isura,Lophoictinia isura,Square-tailed Kite,600433691,https://inaturalist-open-data.s3.amazonaws.com/photos/600433691/medium.jpg,cc-by-nc,2025-12-14,-34.4953928774,138.667999653,research,2,iNaturalist,C:\Projects\raptor_australia\dataset\raw\lophoictinia_isura\lophoictinia_isura_331036437_600433691.jpg,already_exists
330939329,lophoictinia_isura,Lophoictinia isura,Square-tailed Kite,600230099,https://inaturalist-open-data.s3.amazonaws.com/photos/600230099/medium.jpg,cc-by-nd,2025-06-21,-33.9919149225,151.36561134,research,1,iNaturalist,C:\Projects\raptor_australia\dataset\raw\lophoictinia_isura\lophoictinia_isura_330939329_600230099.jpg,already_exists
330896637,lophoictinia_isura,Lophoictinia isura,Square-tailed Kite,600140778,https://inaturalist-open-data.s3.amazonaws.com/photos/600140778/medium.jpg,cc-by-nc,2025-12-15,-36.5632692147,145.9765671194,research,2,iNaturalist,C:\Projects\raptor_australia\dataset\raw\lophoictinia_isura\lophoictinia_isura_330896637_600140778.jpg,already_exists
330686440,lophoictinia_isura,Lophoictinia isura,Square-tailed Kite,599714300,https://inaturalist-open-data.s3.amazonaws.com/photos/599714300/medium.jpg,cc-by-nc,2025-11-23,-33.4732711874,151.2648851434,research,3,iNaturalist,C:\Projects\raptor_australia\dataset\raw\lophoictinia_isura\lophoictinia_isura_330686440_599714300.jpg,already_exists
330666657,lophoictinia_isura,Lophoictinia isura,Square-tailed Kite,599671055,https://inaturalist-open-data.s3.amazonaws.com/photos/599671055/medium.jpg,cc-by-nc,2025-12-14,-34.03230955,150.8861951275,research,2,iNaturalist,C:\Projects\raptor_australia\dataset\raw\lophoictinia_isura\lophoictinia_isura_330666657_599671055.jpg,already_exists
330536362,lophoictinia_isura,Lophoictinia isura,Square-tailed Kite,599399221,https://inaturalist-open-data.s3.amazonaws.com/photos/599399221/medium.jpg,cc-by-nc,2025-12-13,-35.1892456012,138.5222434789,research,2,iNaturalist,C:\Projects\raptor_australia\dataset\raw\lophoictinia_isura\lophoictinia_isura_330536362_599399221.jpg,already_exists
330515618,lophoictinia_isura,Lophoictinia isura,Square-tailed Kite,599357334,https://inaturalist-open-data.s3.amazonaws.com/photos/599357334/medium.jpg,cc-by-nc,2025-12-13,-33.7043736781,151.0305982489,research,2,iNaturalist,C:\Projects\raptor_australia\dataset\raw\lophoictinia_isura\lophoictinia_isura_330515618_599357334.jpg,already_exists
330506854,lophoictinia_isura,Lophoictinia isura,Square-tailed Kite,599339734,https://inaturalist-open-data.s3.amazonaws.com/photos/599339734/medium.jpg,cc-by-nc,2024-09-23,-34.5507976225,145.6659874375,research,5,iNaturalist,C:\Projects\raptor_australia\dataset\raw\lophoictinia_isura\lophoictinia_isura_330506854_599339734.jpg,already_exists
330434543,lophoictinia_isura,Lophoictinia isura,Square-tailed Kite,599187352,https://inaturalist-open-data.s3.amazonaws.com/photos/599187352/medium.jpg,cc-by-nc,2025-11-28,-33.9734538167,151.199791218,research,2,iNaturalist,C:\Projects\raptor_australia\dataset\raw\lophoictinia_isura\lophoictinia_isura_330434543_599187352.jpg,already_exists
330432675,lophoictinia_isura,Lophoictinia isura,Square-tailed Kite,599184902,https://inaturalist-open-data.s3.amazonaws.com/photos/599184902/medium.jpg,cc-by-nc,2025-12-12,-34.2815267217,150.9775523688,research,1,iNaturalist,C:\Projects\raptor_australia\dataset\raw\lophoictinia_isura\lophoictinia_isura_330432675_599184902.jpg,already_exists
330407397,lophoictinia_isura,Lophoictinia isura,Square-tailed Kite,599134855,https://inaturalist-open-data.s3.amazonaws.com/photos/599134855/medium.jpg,cc-by-nc,2025-12-12,-37.5432832319,143.8718482107,research,2,iNaturalist,C:\Projects\raptor_australia\dataset\raw\lophoictinia_isura\lophoictinia_isura_330407397_599134855.jpg,already_exists
330074072,lophoictinia_isura,Lophoictinia isura,Square-tailed Kite,598451819,https://inaturalist-open-data.s3.amazonaws.com/photos/598451819/medium.jpg,cc-by-nc,2022-10-09,-33.4363626149,150.6588076741,research,3,iNaturalist,C:\Projects\raptor_australia\dataset\raw\lophoictinia_isura\lophoictinia_isura_330074072_598451819.jpg,already_exists
330065197,lophoictinia_isura,Lophoictinia isura,Square-tailed Kite,598433920,https://static.inaturalist.org/photos/598433920/medium.jpg,,2025-12-09,-35.1126402474,138.6694042872,research,3,iNaturalist,C:\Projects\raptor_australia\dataset\raw\lophoictinia_isura\lophoictinia_isura_330065197_598433920.jpg,already_exists
330040195,lophoictinia_isura,Lophoictinia isura,Square-tailed Kite,598381876,https://inaturalist-open-data.s3.amazonaws.com/photos/598381876/medium.jpg,cc-by,2025-12-09,-32.8824772225,151.6774570758,research,2,iNaturalist,C:\Projects\raptor_australia\dataset\raw\lophoictinia_isura\lophoictinia_isura_330040195_598381876.jpg,already_exists
330039119,lophoictinia_isura,Lophoictinia isura,Square-tailed Kite,598379805,https://inaturalist-open-data.s3.amazonaws.com/photos/598379805/medium.jpg,cc-by,2025-12-09,-32.8567804995,151.7455885726,research,2,iNaturalist,C:\Projects\raptor_australia\dataset\raw\lophoictinia_isura\lophoictinia_isura_330039119_598379805.jpg,already_exists
330033668,lophoictinia_isura,Lophoictinia isura,Square-tailed Kite,598368313,https://static.inaturalist.org/photos/598368313/medium.jpg,,2025-12-09,-27.545925,153.0731805,research,4,iNaturalist,C:\Projects\raptor_australia\dataset\raw\lophoictinia_isura\lophoictinia_isura_330033668_598368313.jpg,already_exists
329955894,lophoictinia_isura,Lophoictinia isura,Square-tailed Kite,598213442,https://inaturalist-open-data.s3.amazonaws.com/photos/598213442/medium.jpg,cc-by-nc,2025-12-07,-34.7833495047,138.8145525157,research,1,iNaturalist,C:\Projects\raptor_australia\dataset\raw\lophoictinia_isura\lophoictinia_isura_329955894_598213442.jpg,already_exists
329834219,lophoictinia_isura,Lophoictinia isura,Square-tailed Kite,597966248,https://inaturalist-open-data.s3.amazonaws.com/photos/597966248/medium.jpg,cc-by-nc,2025-12-07,-25.7109931527,152.4267152709,research,2,iNaturalist,C:\Projects\raptor_australia\dataset\raw\lophoictinia_isura\lophoictinia_isura_329834219_597966248.jpg,already_exists
329822631,lophoictinia_isura,Lophoictinia isura,Square-tailed Kite,597941086,https://inaturalist-open-data.s3.amazonaws.com/photos/597941086/medium.jpg,cc-by-nc,2025-12-07,-35.9238752962,150.0276596868,research,2,iNaturalist,C:\Projects\raptor_australia\dataset\raw\lophoictinia_isura\lophoictinia_isura_329822631_597941086.jpg,already_exists
329801486,lophoictinia_isura,Lophoictinia isura,Square-tailed Kite,597894870,https://inaturalist-open-data.s3.amazonaws.com/photos/597894870/medium.jpg,cc-by-nc,2025-12-07,-31.9537887365,115.7716582527,research,1,iNaturalist,C:\Projects\raptor_australia\dataset\raw\lophoictinia_isura\lophoictinia_isura_329801486_597894870.jpg,already_exists
329657921,lophoictinia_isura,Lophoictinia isura,Square-tailed Kite,597607553,https://static.inaturalist.org/photos/597607553/medium.jpg,,2024-04-11,-17.298677,145.476272,research,3,iNaturalist,C:\Projects\raptor_australia\dataset\raw\lophoictinia_isura\lophoictinia_isura_329657921_597607553.jpg,already_exists
329434786,lophoictinia_isura,Lophoictinia isura,Square-tailed Kite,597160254,https://inaturalist-open-data.s3.amazonaws.com/photos/597160254/medium.jpg,cc-by-nc,2025-12-03,-33.6169052678,150.715848163,research,2,iNaturalist,C:\Projects\raptor_australia\dataset\raw\lophoictinia_isura\lophoictinia_isura_329434786_597160254.jpg,already_exists
329397553,lophoictinia_isura,Lophoictinia isura,Square-tailed Kite,597083572,https://inaturalist-open-data.s3.amazonaws.com/photos/597083572/medium.jpg,cc-by-nc,2025-12-04,-33.3670552673,115.6228331411,research,2,iNaturalist,C:\Projects\raptor_australia\dataset\raw\lophoictinia_isura\lophoictinia_isura_329397553_597083572.jpg,already_exists
329308935,lophoictinia_isura,Lophoictinia isura,Square-tailed Kite,596903446,https://inaturalist-open-data.s3.amazonaws.com/photos/596903446/medium.jpg,cc-by-nc,2025-12-03,-33.625530419,151.3708581378,research,2,iNaturalist,,failed: Muy pequeña: 216x234px
329261720,lophoictinia_isura,Lophoictinia isura,Square-tailed Kite,596806475,https://inaturalist-open-data.s3.amazonaws.com/photos/596806475/medium.jpg,cc-by-nc,2025-11-17,-32.1577818467,116.1236868826,research,3,iNaturalist,C:\Projects\raptor_australia\dataset\raw\lophoictinia_isura\lophoictinia_isura_329261720_596806475.jpg,already_exists
329231787,lophoictinia_isura,Lophoictinia isura,Square-tailed Kite,596747089,https://inaturalist-open-data.s3.amazonaws.com/photos/596747089/medium.jpg,cc-by-nc,2025-12-02,-35.9959007019,150.1898845014,research,2,iNaturalist,C:\Projects\raptor_australia\dataset\raw\lophoictinia_isura\lophoictinia_isura_329231787_596747089.jpg,already_exists
329171902,lophoictinia_isura,Lophoictinia isura,Square-tailed Kite,596629554,https://inaturalist-open-data.s3.amazonaws.com/photos/596629554/medium.jpg,cc-by-nc,2025-11-07,-34.3160446999,115.1304400182,research,2,iNaturalist,C:\Projects\raptor_australia\dataset\raw\lophoictinia_isura\lophoictinia_isura_329171902_596629554.jpg,already_exists
329163405,lophoictinia_isura,Lophoictinia isura,Square-tailed Kite,596612506,https://inaturalist-open-data.s3.amazonaws.com/photos/596612506/medium.jpg,cc-by-nc,2025-12-02,-33.6238075378,151.027783114,research,2,iNaturalist,C:\Projects\raptor_australia\dataset\raw\lophoictinia_isura\lophoictinia_isura_329163405_596612506.jpg,already_exists
329155156,lophoictinia_isura,Lophoictinia isura,Square-tailed Kite,596595322,https://inaturalist-open-data.s3.amazonaws.com/photos/596595322/medium.jpg,cc-by-nc,2025-12-02,-31.8466007596,152.7927337919,research,1,iNaturalist,C:\Projects\raptor_australia\dataset\raw\lophoictinia_isura\lophoictinia_isura_329155156_596595322.jpg,already_exists
329049053,lophoictinia_isura,Lophoictinia isura,Square-tailed Kite,596385114,https://inaturalist-open-data.s3.amazonaws.com/photos/596385114/medium.jpg,cc-by-nc,2025-11-03,-33.5351894101,115.0123635779,research,2,iNaturalist,C:\Projects\raptor_australia\dataset\raw\lophoictinia_isura\lophoictinia_isura_329049053_596385114.jpg,already_exists
328984212,lophoictinia_isura,Lophoictinia isura,Square-tailed Kite,596254714,https://inaturalist-open-data.s3.amazonaws.com/photos/596254714/medium.jpg,cc-by-nc,2025-12-01,-34.4512240792,150.9625291628,research,3,iNaturalist,C:\Projects\raptor_australia\dataset\raw\lophoictinia_isura\lophoictinia_isura_328984212_596254714.jpg,already_exists
328963724,lophoictinia_isura,Lophoictinia isura,Square-tailed Kite,596213873,https://inaturalist-open-data.s3.amazonaws.com/photos/596213873/medium.jpg,cc-by-nc,2025-11-30,-33.7674975486,151.0655610285,research,1,iNaturalist,C:\Projects\raptor_australia\dataset\raw\lophoictinia_isura\lophoictinia_isura_328963724_596213873.jpg,already_exists
328913516,lophoictinia_isura,Lophoictinia isura,Square-tailed Kite,596115314,https://inaturalist-open-data.s3.amazonaws.com/photos/596115314/medium.jpg,cc-by-nc,2025-11-30,-34.2922483333,116.2475533333,research,3,iNaturalist,C:\Projects\raptor_australia\dataset\raw\lophoictinia_isura\lophoictinia_isura_328913516_596115314.jpg,already_exists
328904133,lophoictinia_isura,Lophoictinia isura,Square-tailed Kite,596096852,https://inaturalist-open-data.s3.amazonaws.com/photos/596096852/medium.jpg,cc-by-nc,2025-11-15,-27.5456215434,153.0726830028,research,1,iNaturalist,C:\Projects\raptor_australia\dataset\raw\lophoictinia_isura\lophoictinia_isura_328904133_596096852.jpg,already_exists
328883367,lophoictinia_isura,Lophoictinia isura,Square-tailed Kite,596040867,https://inaturalist-open-data.s3.amazonaws.com/photos/596040867/medium.jpg,cc-by-nc,2025-11-22,-32.9126272143,115.6925365334,research,3,iNaturalist,C:\Projects\raptor_australia\dataset\raw\lophoictinia_isura\lophoictinia_isura_328883367_596040867.jpg,already_exists
328877444,lophoictinia_isura,Lophoictinia isura,Square-tailed Kite,596042425,https://static.inaturalist.org/photos/596042425/medium.jpg,,2025-11-30,-34.9258975235,138.7312706299,research,3,iNaturalist,C:\Projects\raptor_australia\dataset\raw\lophoictinia_isura\lophoictinia_isura_328877444_596042425.jpg,already_exists
328729609,lophoictinia_isura,Lophoictinia isura,Square-tailed Kite,595746329,https://static.inaturalist.org/photos/595746329/medium.jpg,,2025-11-29,-33.724239222,150.7358775685,research,2,iNaturalist,C:\Projects\raptor_australia\dataset\raw\lophoictinia_isura\lophoictinia_isura_328729609_595746329.jpg,already_exists
328713632,lophoictinia_isura,Lophoictinia isura,Square-tailed Kite,595712761,https://inaturalist-open-data.s3.amazonaws.com/photos/595712761/medium.jpg,cc-by-nc,2025-08-17,-33.7465959572,151.326423824,research,3,iNaturalist,C:\Projects\raptor_australia\dataset\raw\lophoictinia_isura\lophoictinia_isura_328713632_595712761.jpg,already_exists
328708106,lophoictinia_isura,Lophoictinia isura,Square-tailed Kite,595707577,https://inaturalist-open-data.s3.amazonaws.com/photos/595707577/medium.jpg,cc-by-nc,2025-11-17,-32.1575936722,116.1237521376,research,2,iNaturalist,C:\Projects\raptor_australia\dataset\raw\lophoictinia_isura\lophoictinia_isura_328708106_595707577.jpg,already_exists
328564991,lophoictinia_isura,Lophoictinia isura,Square-tailed Kite,595411733,https://inaturalist-open-data.s3.amazonaws.com/photos/595411733/medium.jpg,cc-by-nc,2025-11-28,-33.7619585632,151.1556003068,research,2,iNaturalist,C:\Projects\raptor_australia\dataset\raw\lophoictinia_isura\lophoictinia_isura_328564991_595411733.jpg,already_exists
328464835,lophoictinia_isura,Lophoictinia isura,Square-tailed Kite,595207216,https://inaturalist-open-data.s3.amazonaws.com/photos/595207216/medium.jpg,cc-by-nc,2025-10-25,-33.5351894101,115.0123635779,research,3,iNaturalist,C:\Projects\raptor_australia\dataset\raw\lophoictinia_isura\lophoictinia_isura_328464835_595207216.jpg,already_exists
328455165,lophoictinia_isura,Lophoictinia isura,Square-tailed Kite,595189615,https://inaturalist-open-data.s3.amazonaws.com/photos/595189615/medium.jpg,cc-by-nc,2025-11-27,-35.1190371405,138.6149829922,research,2,iNaturalist,C:\Projects\raptor_australia\dataset\raw\lophoictinia_isura\lophoictinia_isura_328455165_595189615.jpg,already_exists
328363949,lophoictinia_isura,Lophoictinia isura,Square-tailed Kite,595000502,https://inaturalist-open-data.s3.amazonaws.com/photos/595000502/medium.jpg,cc-by-nc,2025-05-04,-31.9961,116.031525,research,2,iNaturalist,C:\Projects\raptor_australia\dataset\raw\lophoictinia_isura\lophoictinia_isura_328363949_595000502.jpg,already_exists
328322178,lophoictinia_isura,Lophoictinia isura,Square-tailed Kite,594919958,https://inaturalist-open-data.s3.amazonaws.com/photos/594919958/medium.jpg,cc-by-nc,2025-11-26,-35.0427247275,138.4488411744,research,2,iNaturalist,C:\Projects\raptor_australia\dataset\raw\lophoictinia_isura\lophoictinia_isura_328322178_594919958.jpg,already_exists
328256331,lophoictinia_isura,Lophoictinia isura,Square-tailed Kite,594784942,https://inaturalist-open-data.s3.amazonaws.com/photos/594784942/medium.jpg,cc-by-nc,2025-11-26,-33.4941442667,151.2993233107,research,3,iNaturalist,C:\Projects\raptor_australia\dataset\raw\lophoictinia_isura\lophoictinia_isura_328256331_594784942.jpg,already_exists
328161959,lophoictinia_isura,Lophoictinia isura,Square-tailed Kite,594596130,https://inaturalist-open-data.s3.amazonaws.com/photos/594596130/medium.jpg,cc-by-nc,2024-02-02,-34.4342294653,150.8689483121,research,2,iNaturalist,C:\Projects\raptor_australia\dataset\raw\lophoictinia_isura\lophoictinia_isura_328161959_594596130.jpg,already_exists
328040546,lophoictinia_isura,Lophoictinia isura,Square-tailed Kite,594355349,https://inaturalist-open-data.s3.amazonaws.com/photos/594355349/medium.jpg,cc-by-nc,2025-11-24,-37.2436318956,145.8019021218,research,1,iNaturalist,C:\Projects\raptor_australia\dataset\raw\lophoictinia_isura\lophoictinia_isura_328040546_594355349.jpg,already_exists
328010854,lophoictinia_isura,Lophoictinia isura,Square-tailed Kite,594295841,https://static.inaturalist.org/photos/594295841/medium.jpg,,2025-11-24,-37.8118466996,145.5057421272,research,4,iNaturalist,C:\Projects\raptor_australia\dataset\raw\lophoictinia_isura\lophoictinia_isura_328010854_594295841.jpg,already_exists
327802469,lophoictinia_isura,Lophoictinia isura,Square-tailed Kite,593915644,https://inaturalist-open-data.s3.amazonaws.com/photos/593915644/medium.jpg,cc-by,2025-11-23,-33.6308376122,150.6809787359,research,1,iNaturalist,C:\Projects\raptor_australia\dataset\raw\lophoictinia_isura\lophoictinia_isura_327802469_593915644.jpg,already_exists
327655271,lophoictinia_isura,Lophoictinia isura,Square-tailed Kite,593640939,https://inaturalist-open-data.s3.amazonaws.com/photos/593640939/medium.jpg,cc-by-nc,2025-11-21,-32.0419474949,116.0699263361,research,2,iNaturalist,C:\Projects\raptor_australia\dataset\raw\lophoictinia_isura\lophoictinia_isura_327655271_593640939.jpg,already_exists
327626760,lophoictinia_isura,Lophoictinia isura,Square-tailed Kite,593584356,https://inaturalist-open-data.s3.amazonaws.com/photos/593584356/medium.jpg,cc-by-nc-sa,2025-11-22,-33.6892762093,114.995084703,research,2,iNaturalist,C:\Projects\raptor_australia\dataset\raw\lophoictinia_isura\lophoictinia_isura_327626760_593584356.jpg,already_exists
327612675,lophoictinia_isura,Lophoictinia isura,Square-tailed Kite,593554872,https://static.inaturalist.org/photos/593554872/medium.jpg,,2025-11-18,-29.9009681747,153.2851087051,research,2,iNaturalist,C:\Projects\raptor_australia\dataset\raw\lophoictinia_isura\lophoictinia_isura_327612675_593554872.jpg,already_exists
327505178,lophoictinia_isura,Lophoictinia isura,Square-tailed Kite,593347633,https://inaturalist-open-data.s3.amazonaws.com/photos/593347633/medium.jpg,cc-by-nc,2025-11-21,-32.0359722222,116.0689027778,research,2,iNaturalist,C:\Projects\raptor_australia\dataset\raw\lophoictinia_isura\lophoictinia_isura_327505178_593347633.jpg,already_exists
327498081,lophoictinia_isura,Lophoictinia isura,Square-tailed Kite,593309285,https://inaturalist-open-data.s3.amazonaws.com/photos/593309285/medium.jpg,cc-by-nc,2025-10-10,-34.6923774706,142.2722163374,research,3,iNaturalist,C:\Projects\raptor_australia\dataset\raw\lophoictinia_isura\lophoictinia_isura_327498081_593309285.jpg,already_exists
327318818,lophoictinia_isura,Lophoictinia isura,Square-tailed Kite,592975914,https://inaturalist-open-data.s3.amazonaws.com/photos/592975914/medium.jpg,cc-by-nc,2025-11-20,-27.3219526511,152.8381168842,research,3,iNaturalist,C:\Projects\raptor_australia\dataset\raw\lophoictinia_isura\lophoictinia_isura_327318818_592975914.jpg,already_exists
327237603,lophoictinia_isura,Lophoictinia isura,Square-tailed Kite,592810716,https://inaturalist-open-data.s3.amazonaws.com/photos/592810716/medium.jpg,cc-by-nc,2025-01-09,-34.7441361497,150.3445395136,research,2,iNaturalist,C:\Projects\raptor_australia\dataset\raw\lophoictinia_isura\lophoictinia_isura_327237603_592810716.jpg,already_exists
327215114,lophoictinia_isura,Lophoictinia isura,Square-tailed Kite,592764211,https://inaturalist-open-data.s3.amazonaws.com/photos/592764211/medium.jpg,cc-by-nc,2024-06-19,-16.6756069,145.3300746,research,3,iNaturalist,C:\Projects\raptor_australia\dataset\raw\lophoictinia_isura\lophoictinia_isura_327215114_592764211.jpg,already_exists
326935644,lophoictinia_isura,Lophoictinia isura,Square-tailed Kite,592212070,https://inaturalist-open-data.s3.amazonaws.com/photos/592212070/medium.jpg,cc-by-nc,2025-11-17,-35.1882253278,138.7817933154,research,2,iNaturalist,C:\Projects\raptor_australia\dataset\raw\lophoictinia_isura\lophoictinia_isura_326935644_592212070.jpg,already_exists
326919495,lophoictinia_isura,Lophoictinia isura,Square-tailed Kite,592180566,https://inaturalist-open-data.s3.amazonaws.com/photos/592180566/medium.jpg,cc-by-nc,2025-11-16,-36.5216207861,144.3468872176,research,2,iNaturalist,C:\Projects\raptor_australia\dataset\raw\lophoictinia_isura\lophoictinia_isura_326919495_592180566.jpg,already_exists
326745835,lophoictinia_isura,Lophoictinia isura,Square-tailed Kite,591834597,https://static.inaturalist.org/photos/591834597/medium.jpg,,2025-11-16,-33.5361724997,115.0167691,research,2,iNaturalist,C:\Projects\raptor_australia\dataset\raw\lophoictinia_isura\lophoictinia_isura_326745835_591834597.jpg,already_exists
326745797,lophoictinia_isura,Lophoictinia isura,Square-tailed Kite,596608889,https://inaturalist-open-data.s3.amazonaws.com/photos/596608889/medium.jpg,cc-by-nc,2025-11-16,-33.5361133333,115.0168166667,research,1,iNaturalist,C:\Projects\raptor_australia\dataset\raw\lophoictinia_isura\lophoictinia_isura_326745797_596608889.jpg,already_exists
326717087,lophoictinia_isura,Lophoictinia isura,Square-tailed Kite,591774628,https://inaturalist-open-data.s3.amazonaws.com/photos/591774628/medium.jpg,cc-by-nc,2025-11-16,-33.7752205521,150.8211749152,research,2,iNaturalist,C:\Projects\raptor_australia\dataset\raw\lophoictinia_isura\lophoictinia_isura_326717087_591774628.jpg,already_exists
326712195,lophoictinia_isura,Lophoictinia isura,Square-tailed Kite,591765647,https://inaturalist-open-data.s3.amazonaws.com/photos/591765647/medium.jpg,cc-by,2025-11-16,-33.6764799931,150.6319239289,research,2,iNaturalist,C:\Projects\raptor_australia\dataset\raw\lophoictinia_isura\lophoictinia_isura_326712195_591765647.jpg,already_exists
326589045,lophoictinia_isura,Lophoictinia isura,Square-tailed Kite,591521491,https://static.inaturalist.org/photos/591521491/medium.jpg,,2025-11-15,-34.7350822325,138.9498946793,research,3,iNaturalist,C:\Projects\raptor_australia\dataset\raw\lophoictinia_isura\lophoictinia_isura_326589045_591521491.jpg,already_exists
326574784,lophoictinia_isura,Lophoictinia isura,Square-tailed Kite,591489488,https://inaturalist-open-data.s3.amazonaws.com/photos/591489488/medium.jpg,cc-by-nc,2025-11-14,-32.1707116,115.8946814,research,3,iNaturalist,C:\Projects\raptor_australia\dataset\raw\lophoictinia_isura\lophoictinia_isura_326574784_591489488.jpg,already_exists
326321661,lophoictinia_isura,Lophoictinia isura,Square-tailed Kite,590985380,https://inaturalist-open-data.s3.amazonaws.com/photos/590985380/medium.jpg,cc-by-nc,2025-11-13,-31.883605,116.3392866667,research,4,iNaturalist,C:\Projects\raptor_australia\dataset\raw\lophoictinia_isura\lophoictinia_isura_326321661_590985380.jpg,already_exists
326308774,lophoictinia_isura,Lophoictinia isura,Square-tailed Kite,590959684,https://inaturalist-open-data.s3.amazonaws.com/photos/590959684/medium.jpg,cc-by-nc,2025-11-13,-34.0857899198,150.739326138,research,4,iNaturalist,C:\Projects\raptor_australia\dataset\raw\lophoictinia_isura\lophoictinia_isura_326308774_590959684.jpg,already_exists
326302748,lophoictinia_isura,Lophoictinia isura,Square-tailed Kite,590948902,https://inaturalist-open-data.s3.amazonaws.com/photos/590948902/medium.jpg,cc-by-nc,2025-06-01,-33.9513338979,150.9421073091,research,2,iNaturalist,C:\Projects\raptor_australia\dataset\raw\lophoictinia_isura\lophoictinia_isura_326302748_590948902.jpg,already_exists
326294664,lophoictinia_isura,Lophoictinia isura,Square-tailed Kite,590932390,https://static.inaturalist.org/photos/590932390/medium.jpg,,2025-11-13,-32.0130466,116.0340853,research,2,iNaturalist,C:\Projects\raptor_australia\dataset\raw\lophoictinia_isura\lophoictinia_isura_326294664_590932390.jpg,already_exists
326292229,lophoictinia_isura,Lophoictinia isura,Square-tailed Kite,597128473,https://inaturalist-open-data.s3.amazonaws.com/photos/597128473/medium.jpg,cc-by-nc,2025-11-13,-32.0131216667,116.0340483333,research,1,iNaturalist,C:\Projects\raptor_australia\dataset\raw\lophoictinia_isura\lophoictinia_isura_326292229_597128473.jpg,already_exists
326271748,lophoictinia_isura,Lophoictinia isura,Square-tailed Kite,590885966,https://static.inaturalist.org/photos/590885966/medium.jpg,,2025-11-11,-34.4298008814,150.8320563601,research,2,iNaturalist,C:\Projects\raptor_australia\dataset\raw\lophoictinia_isura\lophoictinia_isura_326271748_590885966.jpg,already_exists
