species_key,common_name,original_path,split,filename
aquila_audax,Wedge-tailed Eagle,C:\Projects\raptor_australia\dataset\raw\aquila_audax\aquila_audax_347206575_633033903.jpg,train,aquila_audax_347206575_633033903.jpg
aquila_audax,Wedge-tailed Eagle,C:\Projects\raptor_australia\dataset\raw\aquila_audax\aquila_audax_347993384_634595180.jpg,train,aquila_audax_347993384_634595180.jpg
aquila_audax,Wedge-tailed Eagle,C:\Projects\raptor_australia\dataset\raw\aquila_audax\aquila_audax_345820606_630285937.jpg,train,aquila_audax_345820606_630285937.jpg
aquila_audax,Wedge-tailed Eagle,C:\Projects\raptor_australia\dataset\raw\aquila_audax\aquila_audax_348251126_635104069.jpg,train,aquila_audax_348251126_635104069.jpg
aquila_audax,Wedge-tailed Eagle,C:\Projects\raptor_australia\dataset\raw\aquila_audax\aquila_audax_352589170_643498791.jpg,train,aquila_audax_352589170_643498791.jpg
aquila_audax,Wedge-tailed Eagle,C:\Projects\raptor_australia\dataset\raw\aquila_audax\aquila_audax_351014768_640505111.jpg,train,aquila_audax_351014768_640505111.jpg
aquila_audax,Wedge-tailed Eagle,C:\Projects\raptor_australia\dataset\raw\aquila_audax\aquila_audax_349491502_637548618.jpg,train,aquila_audax_349491502_637548618.jpg
aquila_audax,Wedge-tailed Eagle,C:\Projects\raptor_australia\dataset\raw\aquila_audax\aquila_audax_345360626_629378525.jpg,train,aquila_audax_345360626_629378525.jpg
aquila_audax,Wedge-tailed Eagle,C:\Projects\raptor_australia\dataset\raw\aquila_audax\aquila_audax_345600425_629854231.jpg,train,aquila_audax_345600425_629854231.jpg
aquila_audax,Wedge-tailed Eagle,C:\Projects\raptor_australia\dataset\raw\aquila_audax\aquila_audax_347785405_634182618.jpg,train,aquila_audax_347785405_634182618.jpg
aquila_audax,Wedge-tailed Eagle,C:\Projects\raptor_australia\dataset\raw\aquila_audax\aquila_audax_351935504_642305664.jpg,train,aquila_audax_351935504_642305664.jpg
aquila_audax,Wedge-tailed Eagle,C:\Projects\raptor_australia\dataset\raw\aquila_audax\aquila_audax_348685919_635965491.jpg,train,aquila_audax_348685919_635965491.jpg
aquila_audax,Wedge-tailed Eagle,C:\Projects\raptor_australia\dataset\raw\aquila_audax\aquila_audax_346114382_630864537.jpg,train,aquila_audax_346114382_630864537.jpg
aquila_audax,Wedge-tailed Eagle,C:\Projects\raptor_australia\dataset\raw\aquila_audax\aquila_audax_349987608_638517357.jpg,train,aquila_audax_349987608_638517357.jpg
aquila_audax,Wedge-tailed Eagle,C:\Projects\raptor_australia\dataset\raw\aquila_audax\aquila_audax_349390031_637321240.jpg,train,aquila_audax_349390031_637321240.jpg
aquila_audax,Wedge-tailed Eagle,C:\Projects\raptor_australia\dataset\raw\aquila_audax\aquila_audax_350511337_639534407.jpg,train,aquila_audax_350511337_639534407.jpg
aquila_audax,Wedge-tailed Eagle,C:\Projects\raptor_australia\dataset\raw\aquila_audax\aquila_audax_348816554_636226598.jpg,train,aquila_audax_348816554_636226598.jpg
aquila_audax,Wedge-tailed Eagle,C:\Projects\raptor_australia\dataset\raw\aquila_audax\aquila_audax_349381605_637314317.jpg,train,aquila_audax_349381605_637314317.jpg
aquila_audax,Wedge-tailed Eagle,C:\Projects\raptor_australia\dataset\raw\aquila_audax\aquila_audax_348621128_635834614.jpg,train,aquila_audax_348621128_635834614.jpg
aquila_audax,Wedge-tailed Eagle,C:\Projects\raptor_australia\dataset\raw\aquila_audax\aquila_audax_352452561_643293030.jpg,train,aquila_audax_352452561_643293030.jpg
aquila_audax,Wedge-tailed Eagle,C:\Projects\raptor_australia\dataset\raw\aquila_audax\aquila_audax_351694520_641835113.jpg,train,aquila_audax_351694520_641835113.jpg
aquila_audax,Wedge-tailed Eagle,C:\Projects\raptor_australia\dataset\raw\aquila_audax\aquila_audax_348025151_634658072.jpg,train,aquila_audax_348025151_634658072.jpg
aquila_audax,Wedge-tailed Eagle,C:\Projects\raptor_australia\dataset\raw\aquila_audax\aquila_audax_351321341_641089477.jpg,train,aquila_audax_351321341_641089477.jpg
aquila_audax,Wedge-tailed Eagle,C:\Projects\raptor_australia\dataset\raw\aquila_audax\aquila_audax_352129986_642675900.jpg,train,aquila_audax_352129986_642675900.jpg
aquila_audax,Wedge-tailed Eagle,C:\Projects\raptor_australia\dataset\raw\aquila_audax\aquila_audax_345063528_628796686.jpg,train,aquila_audax_345063528_628796686.jpg
aquila_audax,Wedge-tailed Eagle,C:\Projects\raptor_australia\dataset\raw\aquila_audax\aquila_audax_347786044_634183751.jpg,train,aquila_audax_347786044_634183751.jpg
aquila_audax,Wedge-tailed Eagle,C:\Projects\raptor_australia\dataset\raw\aquila_audax\aquila_audax_350166284_638867037.jpg,train,aquila_audax_350166284_638867037.jpg
aquila_audax,Wedge-tailed Eagle,C:\Projects\raptor_australia\dataset\raw\aquila_audax\aquila_audax_346111513_630857950.jpg,train,aquila_audax_346111513_630857950.jpg
aquila_audax,Wedge-tailed Eagle,C:\Projects\raptor_australia\dataset\raw\aquila_audax\aquila_audax_346946673_632511551.jpg,train,aquila_audax_346946673_632511551.jpg
aquila_audax,Wedge-tailed Eagle,C:\Projects\raptor_australia\dataset\raw\aquila_audax\aquila_audax_352279659_642955661.jpg,train,aquila_audax_352279659_642955661.jpg
aquila_audax,Wedge-tailed Eagle,C:\Projects\raptor_australia\dataset\raw\aquila_audax\aquila_audax_351013587_640502903.jpg,train,aquila_audax_351013587_640502903.jpg
aquila_audax,Wedge-tailed Eagle,C:\Projects\raptor_australia\dataset\raw\aquila_audax\aquila_audax_351671181_641792764.jpg,train,aquila_audax_351671181_641792764.jpg
aquila_audax,Wedge-tailed Eagle,C:\Projects\raptor_australia\dataset\raw\aquila_audax\aquila_audax_345222361_629111541.jpg,train,aquila_audax_345222361_629111541.jpg
aquila_audax,Wedge-tailed Eagle,C:\Projects\raptor_australia\dataset\raw\aquila_audax\aquila_audax_350404921_639336108.jpg,train,aquila_audax_350404921_639336108.jpg
aquila_audax,Wedge-tailed Eagle,C:\Projects\raptor_australia\dataset\raw\aquila_audax\aquila_audax_349162460_636902881.jpg,train,aquila_audax_349162460_636902881.jpg
aquila_audax,Wedge-tailed Eagle,C:\Projects\raptor_australia\dataset\raw\aquila_audax\aquila_audax_351434902_641326750.jpg,train,aquila_audax_351434902_641326750.jpg
aquila_audax,Wedge-tailed Eagle,C:\Projects\raptor_australia\dataset\raw\aquila_audax\aquila_audax_347409178_633430489.jpg,train,aquila_audax_347409178_633430489.jpg
aquila_audax,Wedge-tailed Eagle,C:\Projects\raptor_australia\dataset\raw\aquila_audax\aquila_audax_350753483_640020646.jpg,train,aquila_audax_350753483_640020646.jpg
aquila_audax,Wedge-tailed Eagle,C:\Projects\raptor_australia\dataset\raw\aquila_audax\aquila_audax_349786395_638125979.jpg,train,aquila_audax_349786395_638125979.jpg
aquila_audax,Wedge-tailed Eagle,C:\Projects\raptor_australia\dataset\raw\aquila_audax\aquila_audax_351895366_642229521.jpg,train,aquila_audax_351895366_642229521.jpg
aquila_audax,Wedge-tailed Eagle,C:\Projects\raptor_australia\dataset\raw\aquila_audax\aquila_audax_351947637_642328532.jpg,train,aquila_audax_351947637_642328532.jpg
aquila_audax,Wedge-tailed Eagle,C:\Projects\raptor_australia\dataset\raw\aquila_audax\aquila_audax_350957275_640398827.jpg,train,aquila_audax_350957275_640398827.jpg
aquila_audax,Wedge-tailed Eagle,C:\Projects\raptor_australia\dataset\raw\aquila_audax\aquila_audax_345447409_629557011.jpg,train,aquila_audax_345447409_629557011.jpg
aquila_audax,Wedge-tailed Eagle,C:\Projects\raptor_australia\dataset\raw\aquila_audax\aquila_audax_351018021_640511734.jpg,train,aquila_audax_351018021_640511734.jpg
aquila_audax,Wedge-tailed Eagle,C:\Projects\raptor_australia\dataset\raw\aquila_audax\aquila_audax_347218958_633058245.jpg,train,aquila_audax_347218958_633058245.jpg
aquila_audax,Wedge-tailed Eagle,C:\Projects\raptor_australia\dataset\raw\aquila_audax\aquila_audax_347969945_634546316.jpg,train,aquila_audax_347969945_634546316.jpg
aquila_audax,Wedge-tailed Eagle,C:\Projects\raptor_australia\dataset\raw\aquila_audax\aquila_audax_346101729_630814042.jpg,train,aquila_audax_346101729_630814042.jpg
aquila_audax,Wedge-tailed Eagle,C:\Projects\raptor_australia\dataset\raw\aquila_audax\aquila_audax_346491170_631609588.jpg,train,aquila_audax_346491170_631609588.jpg
aquila_audax,Wedge-tailed Eagle,C:\Projects\raptor_australia\dataset\raw\aquila_audax\aquila_audax_348017572_634641451.jpg,train,aquila_audax_348017572_634641451.jpg
aquila_audax,Wedge-tailed Eagle,C:\Projects\raptor_australia\dataset\raw\aquila_audax\aquila_audax_347770160_634150879.jpg,train,aquila_audax_347770160_634150879.jpg
aquila_audax,Wedge-tailed Eagle,C:\Projects\raptor_australia\dataset\raw\aquila_audax\aquila_audax_348300743_635197622.jpg,train,aquila_audax_348300743_635197622.jpg
aquila_audax,Wedge-tailed Eagle,C:\Projects\raptor_australia\dataset\raw\aquila_audax\aquila_audax_348223164_635048515.jpg,train,aquila_audax_348223164_635048515.jpg
aquila_audax,Wedge-tailed Eagle,C:\Projects\raptor_australia\dataset\raw\aquila_audax\aquila_audax_352511328_643395755.jpg,train,aquila_audax_352511328_643395755.jpg
aquila_audax,Wedge-tailed Eagle,C:\Projects\raptor_australia\dataset\raw\aquila_audax\aquila_audax_347830623_634268485.jpg,train,aquila_audax_347830623_634268485.jpg
aquila_audax,Wedge-tailed Eagle,C:\Projects\raptor_australia\dataset\raw\aquila_audax\aquila_audax_346592155_631799322.jpg,train,aquila_audax_346592155_631799322.jpg
aquila_audax,Wedge-tailed Eagle,C:\Projects\raptor_australia\dataset\raw\aquila_audax\aquila_audax_345240187_629147768.jpg,train,aquila_audax_345240187_629147768.jpg
aquila_audax,Wedge-tailed Eagle,C:\Projects\raptor_australia\dataset\raw\aquila_audax\aquila_audax_347772673_634157430.jpg,train,aquila_audax_347772673_634157430.jpg
aquila_audax,Wedge-tailed Eagle,C:\Projects\raptor_australia\dataset\raw\aquila_audax\aquila_audax_348657270_635910389.jpg,train,aquila_audax_348657270_635910389.jpg
aquila_audax,Wedge-tailed Eagle,C:\Projects\raptor_australia\dataset\raw\aquila_audax\aquila_audax_347485177_633585459.jpg,train,aquila_audax_347485177_633585459.jpg
aquila_audax,Wedge-tailed Eagle,C:\Projects\raptor_australia\dataset\raw\aquila_audax\aquila_audax_352223062_642861341.jpg,train,aquila_audax_352223062_642861341.jpg
aquila_audax,Wedge-tailed Eagle,C:\Projects\raptor_australia\dataset\raw\aquila_audax\aquila_audax_346425862_631479254.jpg,train,aquila_audax_346425862_631479254.jpg
aquila_audax,Wedge-tailed Eagle,C:\Projects\raptor_australia\dataset\raw\aquila_audax\aquila_audax_347780380_634172021.jpg,train,aquila_audax_347780380_634172021.jpg
aquila_audax,Wedge-tailed Eagle,C:\Projects\raptor_australia\dataset\raw\aquila_audax\aquila_audax_350753486_640020665.jpg,train,aquila_audax_350753486_640020665.jpg
aquila_audax,Wedge-tailed Eagle,C:\Projects\raptor_australia\dataset\raw\aquila_audax\aquila_audax_348701297_636000143.jpg,train,aquila_audax_348701297_636000143.jpg
aquila_audax,Wedge-tailed Eagle,C:\Projects\raptor_australia\dataset\raw\aquila_audax\aquila_audax_351075574_640624995.jpg,train,aquila_audax_351075574_640624995.jpg
aquila_audax,Wedge-tailed Eagle,C:\Projects\raptor_australia\dataset\raw\aquila_audax\aquila_audax_348695218_635983514.jpg,train,aquila_audax_348695218_635983514.jpg
aquila_audax,Wedge-tailed Eagle,C:\Projects\raptor_australia\dataset\raw\aquila_audax\aquila_audax_346553957_631737527.jpg,train,aquila_audax_346553957_631737527.jpg
aquila_audax,Wedge-tailed Eagle,C:\Projects\raptor_australia\dataset\raw\aquila_audax\aquila_audax_350182153_638899099.jpg,train,aquila_audax_350182153_638899099.jpg
aquila_audax,Wedge-tailed Eagle,C:\Projects\raptor_australia\dataset\raw\aquila_audax\aquila_audax_350499969_639523186.jpg,train,aquila_audax_350499969_639523186.jpg
aquila_audax,Wedge-tailed Eagle,C:\Projects\raptor_australia\dataset\raw\aquila_audax\aquila_audax_345755011_630155475.jpg,train,aquila_audax_345755011_630155475.jpg
aquila_audax,Wedge-tailed Eagle,C:\Projects\raptor_australia\dataset\raw\aquila_audax\aquila_audax_352186595_642796019.jpg,train,aquila_audax_352186595_642796019.jpg
aquila_audax,Wedge-tailed Eagle,C:\Projects\raptor_australia\dataset\raw\aquila_audax\aquila_audax_346948537_632515364.jpg,train,aquila_audax_346948537_632515364.jpg
aquila_audax,Wedge-tailed Eagle,C:\Projects\raptor_australia\dataset\raw\aquila_audax\aquila_audax_350707743_639930821.jpg,train,aquila_audax_350707743_639930821.jpg
aquila_audax,Wedge-tailed Eagle,C:\Projects\raptor_australia\dataset\raw\aquila_audax\aquila_audax_346688650_632108234.jpg,train,aquila_audax_346688650_632108234.jpg
aquila_audax,Wedge-tailed Eagle,C:\Projects\raptor_australia\dataset\raw\aquila_audax\aquila_audax_351363162_641185737.jpg,train,aquila_audax_351363162_641185737.jpg
aquila_audax,Wedge-tailed Eagle,C:\Projects\raptor_australia\dataset\raw\aquila_audax\aquila_audax_346948535_632515362.jpg,train,aquila_audax_346948535_632515362.jpg
aquila_audax,Wedge-tailed Eagle,C:\Projects\raptor_australia\dataset\raw\aquila_audax\aquila_audax_350731421_639978590.jpg,train,aquila_audax_350731421_639978590.jpg
aquila_audax,Wedge-tailed Eagle,C:\Projects\raptor_australia\dataset\raw\aquila_audax\aquila_audax_350177059_638888850.jpg,train,aquila_audax_350177059_638888850.jpg
aquila_audax,Wedge-tailed Eagle,C:\Projects\raptor_australia\dataset\raw\aquila_audax\aquila_audax_350759975_640032511.jpg,train,aquila_audax_350759975_640032511.jpg
aquila_audax,Wedge-tailed Eagle,C:\Projects\raptor_australia\dataset\raw\aquila_audax\aquila_audax_351694500_641834904.jpg,train,aquila_audax_351694500_641834904.jpg
aquila_audax,Wedge-tailed Eagle,C:\Projects\raptor_australia\dataset\raw\aquila_audax\aquila_audax_349683535_637927517.jpg,train,aquila_audax_349683535_637927517.jpg
aquila_audax,Wedge-tailed Eagle,C:\Projects\raptor_australia\dataset\raw\aquila_audax\aquila_audax_345865123_630369036.jpg,train,aquila_audax_345865123_630369036.jpg
aquila_audax,Wedge-tailed Eagle,C:\Projects\raptor_australia\dataset\raw\aquila_audax\aquila_audax_346777706_632177084.jpg,train,aquila_audax_346777706_632177084.jpg
aquila_audax,Wedge-tailed Eagle,C:\Projects\raptor_australia\dataset\raw\aquila_audax\aquila_audax_352172434_642766502.jpg,train,aquila_audax_352172434_642766502.jpg
aquila_audax,Wedge-tailed Eagle,C:\Projects\raptor_australia\dataset\raw\aquila_audax\aquila_audax_346233449_631098837.jpg,train,aquila_audax_346233449_631098837.jpg
aquila_audax,Wedge-tailed Eagle,C:\Projects\raptor_australia\dataset\raw\aquila_audax\aquila_audax_352668229_643612823.jpg,train,aquila_audax_352668229_643612823.jpg
aquila_audax,Wedge-tailed Eagle,C:\Projects\raptor_australia\dataset\raw\aquila_audax\aquila_audax_347521762_633651818.jpg,train,aquila_audax_347521762_633651818.jpg
aquila_audax,Wedge-tailed Eagle,C:\Projects\raptor_australia\dataset\raw\aquila_audax\aquila_audax_348661470_637003962.jpg,train,aquila_audax_348661470_637003962.jpg
aquila_audax,Wedge-tailed Eagle,C:\Projects\raptor_australia\dataset\raw\aquila_audax\aquila_audax_345240531_629148169.jpg,train,aquila_audax_345240531_629148169.jpg
aquila_audax,Wedge-tailed Eagle,C:\Projects\raptor_australia\dataset\raw\aquila_audax\aquila_audax_350230578_638997336.jpg,train,aquila_audax_350230578_638997336.jpg
aquila_audax,Wedge-tailed Eagle,C:\Projects\raptor_australia\dataset\raw\aquila_audax\aquila_audax_351330266_641115034.jpg,train,aquila_audax_351330266_641115034.jpg
aquila_audax,Wedge-tailed Eagle,C:\Projects\raptor_australia\dataset\raw\aquila_audax\aquila_audax_345358436_629374234.jpg,train,aquila_audax_345358436_629374234.jpg
aquila_audax,Wedge-tailed Eagle,C:\Projects\raptor_australia\dataset\raw\aquila_audax\aquila_audax_349945895_638437174.jpg,train,aquila_audax_349945895_638437174.jpg
aquila_audax,Wedge-tailed Eagle,C:\Projects\raptor_australia\dataset\raw\aquila_audax\aquila_audax_350201888_638939922.jpg,train,aquila_audax_350201888_638939922.jpg
aquila_audax,Wedge-tailed Eagle,C:\Projects\raptor_australia\dataset\raw\aquila_audax\aquila_audax_349191638_636961613.jpg,train,aquila_audax_349191638_636961613.jpg
aquila_audax,Wedge-tailed Eagle,C:\Projects\raptor_australia\dataset\raw\aquila_audax\aquila_audax_349144232_636865031.jpg,train,aquila_audax_349144232_636865031.jpg
aquila_audax,Wedge-tailed Eagle,C:\Projects\raptor_australia\dataset\raw\aquila_audax\aquila_audax_349158213_636895133.jpg,train,aquila_audax_349158213_636895133.jpg
aquila_audax,Wedge-tailed Eagle,C:\Projects\raptor_australia\dataset\raw\aquila_audax\aquila_audax_348898116_636390592.jpg,train,aquila_audax_348898116_636390592.jpg
aquila_audax,Wedge-tailed Eagle,C:\Projects\raptor_australia\dataset\raw\aquila_audax\aquila_audax_350219170_638971695.jpg,train,aquila_audax_350219170_638971695.jpg
aquila_audax,Wedge-tailed Eagle,C:\Projects\raptor_australia\dataset\raw\aquila_audax\aquila_audax_351008933_640493880.jpg,train,aquila_audax_351008933_640493880.jpg
aquila_audax,Wedge-tailed Eagle,C:\Projects\raptor_australia\dataset\raw\aquila_audax\aquila_audax_350489107_639493463.jpg,train,aquila_audax_350489107_639493463.jpg
aquila_audax,Wedge-tailed Eagle,C:\Projects\raptor_australia\dataset\raw\aquila_audax\aquila_audax_348405211_635406870.jpg,train,aquila_audax_348405211_635406870.jpg
aquila_audax,Wedge-tailed Eagle,C:\Projects\raptor_australia\dataset\raw\aquila_audax\aquila_audax_345869987_630386937.jpg,train,aquila_audax_345869987_630386937.jpg
aquila_audax,Wedge-tailed Eagle,C:\Projects\raptor_australia\dataset\raw\aquila_audax\aquila_audax_352431018_643251997.jpg,train,aquila_audax_352431018_643251997.jpg
aquila_audax,Wedge-tailed Eagle,C:\Projects\raptor_australia\dataset\raw\aquila_audax\aquila_audax_353043843_644224038.jpg,train,aquila_audax_353043843_644224038.jpg
aquila_audax,Wedge-tailed Eagle,C:\Projects\raptor_australia\dataset\raw\aquila_audax\aquila_audax_346870685_632357327.jpg,train,aquila_audax_346870685_632357327.jpg
aquila_audax,Wedge-tailed Eagle,C:\Projects\raptor_australia\dataset\raw\aquila_audax\aquila_audax_349701089_637963796.jpg,train,aquila_audax_349701089_637963796.jpg
aquila_audax,Wedge-tailed Eagle,C:\Projects\raptor_australia\dataset\raw\aquila_audax\aquila_audax_351934313_642303902.jpg,train,aquila_audax_351934313_642303902.jpg
aquila_audax,Wedge-tailed Eagle,C:\Projects\raptor_australia\dataset\raw\aquila_audax\aquila_audax_350731155_639977983.jpg,train,aquila_audax_350731155_639977983.jpg
aquila_audax,Wedge-tailed Eagle,C:\Projects\raptor_australia\dataset\raw\aquila_audax\aquila_audax_347212153_633046019.jpg,train,aquila_audax_347212153_633046019.jpg
aquila_audax,Wedge-tailed Eagle,C:\Projects\raptor_australia\dataset\raw\aquila_audax\aquila_audax_352279661_642955704.jpg,train,aquila_audax_352279661_642955704.jpg
aquila_audax,Wedge-tailed Eagle,C:\Projects\raptor_australia\dataset\raw\aquila_audax\aquila_audax_351618473_641687189.jpg,train,aquila_audax_351618473_641687189.jpg
aquila_audax,Wedge-tailed Eagle,C:\Projects\raptor_australia\dataset\raw\aquila_audax\aquila_audax_347437079_633487923.jpg,train,aquila_audax_347437079_633487923.jpg
aquila_audax,Wedge-tailed Eagle,C:\Projects\raptor_australia\dataset\raw\aquila_audax\aquila_audax_345778909_630203182.jpg,train,aquila_audax_345778909_630203182.jpg
aquila_audax,Wedge-tailed Eagle,C:\Projects\raptor_australia\dataset\raw\aquila_audax\aquila_audax_347323207_633254186.jpg,train,aquila_audax_347323207_633254186.jpg
aquila_audax,Wedge-tailed Eagle,C:\Projects\raptor_australia\dataset\raw\aquila_audax\aquila_audax_351387939_641238366.jpg,train,aquila_audax_351387939_641238366.jpg
aquila_audax,Wedge-tailed Eagle,C:\Projects\raptor_australia\dataset\raw\aquila_audax\aquila_audax_347483249_633585664.jpg,train,aquila_audax_347483249_633585664.jpg
aquila_audax,Wedge-tailed Eagle,C:\Projects\raptor_australia\dataset\raw\aquila_audax\aquila_audax_350758499_640029779.jpg,train,aquila_audax_350758499_640029779.jpg
aquila_audax,Wedge-tailed Eagle,C:\Projects\raptor_australia\dataset\raw\aquila_audax\aquila_audax_351935502_642305666.jpg,train,aquila_audax_351935502_642305666.jpg
aquila_audax,Wedge-tailed Eagle,C:\Projects\raptor_australia\dataset\raw\aquila_audax\aquila_audax_350229114_638969815.jpg,train,aquila_audax_350229114_638969815.jpg
aquila_audax,Wedge-tailed Eagle,C:\Projects\raptor_australia\dataset\raw\aquila_audax\aquila_audax_346971516_632563710.jpg,train,aquila_audax_346971516_632563710.jpg
aquila_audax,Wedge-tailed Eagle,C:\Projects\raptor_australia\dataset\raw\aquila_audax\aquila_audax_349442857_637442275.jpg,train,aquila_audax_349442857_637442275.jpg
aquila_audax,Wedge-tailed Eagle,C:\Projects\raptor_australia\dataset\raw\aquila_audax\aquila_audax_348698587_635993664.jpg,train,aquila_audax_348698587_635993664.jpg
aquila_audax,Wedge-tailed Eagle,C:\Projects\raptor_australia\dataset\raw\aquila_audax\aquila_audax_346094299_630832262.jpg,train,aquila_audax_346094299_630832262.jpg
aquila_audax,Wedge-tailed Eagle,C:\Projects\raptor_australia\dataset\raw\aquila_audax\aquila_audax_348248666_635100895.jpg,train,aquila_audax_348248666_635100895.jpg
aquila_audax,Wedge-tailed Eagle,C:\Projects\raptor_australia\dataset\raw\aquila_audax\aquila_audax_346939511_632496676.jpg,train,aquila_audax_346939511_632496676.jpg
aquila_audax,Wedge-tailed Eagle,C:\Projects\raptor_australia\dataset\raw\aquila_audax\aquila_audax_350469642_639467019.jpg,train,aquila_audax_350469642_639467019.jpg
aquila_audax,Wedge-tailed Eagle,C:\Projects\raptor_australia\dataset\raw\aquila_audax\aquila_audax_348004392_634615914.jpg,train,aquila_audax_348004392_634615914.jpg
aquila_audax,Wedge-tailed Eagle,C:\Projects\raptor_australia\dataset\raw\aquila_audax\aquila_audax_351671925_641794822.jpg,train,aquila_audax_351671925_641794822.jpg
aquila_audax,Wedge-tailed Eagle,C:\Projects\raptor_australia\dataset\raw\aquila_audax\aquila_audax_346061934_630758657.jpg,train,aquila_audax_346061934_630758657.jpg
aquila_audax,Wedge-tailed Eagle,C:\Projects\raptor_australia\dataset\raw\aquila_audax\aquila_audax_345568492_629788703.jpg,train,aquila_audax_345568492_629788703.jpg
aquila_audax,Wedge-tailed Eagle,C:\Projects\raptor_australia\dataset\raw\aquila_audax\aquila_audax_348043960_634695847.jpg,train,aquila_audax_348043960_634695847.jpg
aquila_audax,Wedge-tailed Eagle,C:\Projects\raptor_australia\dataset\raw\aquila_audax\aquila_audax_345631157_629919556.jpg,train,aquila_audax_345631157_629919556.jpg
aquila_audax,Wedge-tailed Eagle,C:\Projects\raptor_australia\dataset\raw\aquila_audax\aquila_audax_345610324_629875901.jpg,train,aquila_audax_345610324_629875901.jpg
aquila_audax,Wedge-tailed Eagle,C:\Projects\raptor_australia\dataset\raw\aquila_audax\aquila_audax_351008673_640493523.jpg,train,aquila_audax_351008673_640493523.jpg
aquila_audax,Wedge-tailed Eagle,C:\Projects\raptor_australia\dataset\raw\aquila_audax\aquila_audax_350586286_639680794.jpg,train,aquila_audax_350586286_639680794.jpg
aquila_audax,Wedge-tailed Eagle,C:\Projects\raptor_australia\dataset\raw\aquila_audax\aquila_audax_346705820_632033970.jpg,train,aquila_audax_346705820_632033970.jpg
aquila_audax,Wedge-tailed Eagle,C:\Projects\raptor_australia\dataset\raw\aquila_audax\aquila_audax_347089128_632795656.jpg,train,aquila_audax_347089128_632795656.jpg
aquila_audax,Wedge-tailed Eagle,C:\Projects\raptor_australia\dataset\raw\aquila_audax\aquila_audax_349714529_637991000.jpg,train,aquila_audax_349714529_637991000.jpg
aquila_audax,Wedge-tailed Eagle,C:\Projects\raptor_australia\dataset\raw\aquila_audax\aquila_audax_351055813_640588435.jpg,train,aquila_audax_351055813_640588435.jpg
aquila_audax,Wedge-tailed Eagle,C:\Projects\raptor_australia\dataset\raw\aquila_audax\aquila_audax_345222293_629111385.jpg,train,aquila_audax_345222293_629111385.jpg
aquila_audax,Wedge-tailed Eagle,C:\Projects\raptor_australia\dataset\raw\aquila_audax\aquila_audax_352634106_643563568.jpg,train,aquila_audax_352634106_643563568.jpg
aquila_audax,Wedge-tailed Eagle,C:\Projects\raptor_australia\dataset\raw\aquila_audax\aquila_audax_347175587_632974250.jpg,train,aquila_audax_347175587_632974250.jpg
aquila_audax,Wedge-tailed Eagle,C:\Projects\raptor_australia\dataset\raw\aquila_audax\aquila_audax_348700848_635998986.jpg,train,aquila_audax_348700848_635998986.jpg
aquila_audax,Wedge-tailed Eagle,C:\Projects\raptor_australia\dataset\raw\aquila_audax\aquila_audax_349162461_636903115.jpg,train,aquila_audax_349162461_636903115.jpg
aquila_audax,Wedge-tailed Eagle,C:\Projects\raptor_australia\dataset\raw\aquila_audax\aquila_audax_348398841_635393351.jpg,train,aquila_audax_348398841_635393351.jpg
aquila_audax,Wedge-tailed Eagle,C:\Projects\raptor_australia\dataset\raw\aquila_audax\aquila_audax_350770675_640052926.jpg,train,aquila_audax_350770675_640052926.jpg
aquila_audax,Wedge-tailed Eagle,C:\Projects\raptor_australia\dataset\raw\aquila_audax\aquila_audax_347476060_633568343.jpg,train,aquila_audax_347476060_633568343.jpg
aquila_audax,Wedge-tailed Eagle,C:\Projects\raptor_australia\dataset\raw\aquila_audax\aquila_audax_349442866_637442481.jpg,train,aquila_audax_349442866_637442481.jpg
aquila_audax,Wedge-tailed Eagle,C:\Projects\raptor_australia\dataset\raw\aquila_audax\aquila_audax_346504274_631637600.jpg,train,aquila_audax_346504274_631637600.jpg
aquila_audax,Wedge-tailed Eagle,C:\Projects\raptor_australia\dataset\raw\aquila_audax\aquila_audax_348694972_635986232.jpg,train,aquila_audax_348694972_635986232.jpg
aquila_audax,Wedge-tailed Eagle,C:\Projects\raptor_australia\dataset\raw\aquila_audax\aquila_audax_346955421_632530878.jpg,train,aquila_audax_346955421_632530878.jpg
aquila_audax,Wedge-tailed Eagle,C:\Projects\raptor_australia\dataset\raw\aquila_audax\aquila_audax_345831556_630308359.jpg,train,aquila_audax_345831556_630308359.jpg
aquila_audax,Wedge-tailed Eagle,C:\Projects\raptor_australia\dataset\raw\aquila_audax\aquila_audax_348220057_635041792.jpg,train,aquila_audax_348220057_635041792.jpg
aquila_audax,Wedge-tailed Eagle,C:\Projects\raptor_australia\dataset\raw\aquila_audax\aquila_audax_346345473_631326311.jpg,train,aquila_audax_346345473_631326311.jpg
aquila_audax,Wedge-tailed Eagle,C:\Projects\raptor_australia\dataset\raw\aquila_audax\aquila_audax_348183738_634963292.jpg,train,aquila_audax_348183738_634963292.jpg
aquila_audax,Wedge-tailed Eagle,C:\Projects\raptor_australia\dataset\raw\aquila_audax\aquila_audax_349930318_638406124.jpg,train,aquila_audax_349930318_638406124.jpg
aquila_audax,Wedge-tailed Eagle,C:\Projects\raptor_australia\dataset\raw\aquila_audax\aquila_audax_345050527_628771361.jpg,train,aquila_audax_345050527_628771361.jpg
aquila_audax,Wedge-tailed Eagle,C:\Projects\raptor_australia\dataset\raw\aquila_audax\aquila_audax_351635806_641718686.jpg,train,aquila_audax_351635806_641718686.jpg
aquila_audax,Wedge-tailed Eagle,C:\Projects\raptor_australia\dataset\raw\aquila_audax\aquila_audax_351059807_640595205.jpg,train,aquila_audax_351059807_640595205.jpg
aquila_audax,Wedge-tailed Eagle,C:\Projects\raptor_australia\dataset\raw\aquila_audax\aquila_audax_352409514_643212184.jpg,train,aquila_audax_352409514_643212184.jpg
aquila_audax,Wedge-tailed Eagle,C:\Projects\raptor_australia\dataset\raw\aquila_audax\aquila_audax_346955420_632530870.jpg,train,aquila_audax_346955420_632530870.jpg
aquila_audax,Wedge-tailed Eagle,C:\Projects\raptor_australia\dataset\raw\aquila_audax\aquila_audax_349457111_637485462.jpg,train,aquila_audax_349457111_637485462.jpg
aquila_audax,Wedge-tailed Eagle,C:\Projects\raptor_australia\dataset\raw\aquila_audax\aquila_audax_347223321_633018230.jpg,train,aquila_audax_347223321_633018230.jpg
aquila_audax,Wedge-tailed Eagle,C:\Projects\raptor_australia\dataset\raw\aquila_audax\aquila_audax_352186314_642794955.jpg,train,aquila_audax_352186314_642794955.jpg
aquila_audax,Wedge-tailed Eagle,C:\Projects\raptor_australia\dataset\raw\aquila_audax\aquila_audax_350729687_639975323.jpg,train,aquila_audax_350729687_639975323.jpg
aquila_audax,Wedge-tailed Eagle,C:\Projects\raptor_australia\dataset\raw\aquila_audax\aquila_audax_345863694_630375233.jpg,train,aquila_audax_345863694_630375233.jpg
aquila_audax,Wedge-tailed Eagle,C:\Projects\raptor_australia\dataset\raw\aquila_audax\aquila_audax_345157953_628976977.jpg,train,aquila_audax_345157953_628976977.jpg
aquila_audax,Wedge-tailed Eagle,C:\Projects\raptor_australia\dataset\raw\aquila_audax\aquila_audax_348425539_635448239.jpg,train,aquila_audax_348425539_635448239.jpg
aquila_audax,Wedge-tailed Eagle,C:\Projects\raptor_australia\dataset\raw\aquila_audax\aquila_audax_346729097_632080695.jpg,train,aquila_audax_346729097_632080695.jpg
aquila_audax,Wedge-tailed Eagle,C:\Projects\raptor_australia\dataset\raw\aquila_audax\aquila_audax_351845423_642125714.jpg,train,aquila_audax_351845423_642125714.jpg
aquila_audax,Wedge-tailed Eagle,C:\Projects\raptor_australia\dataset\raw\aquila_audax\aquila_audax_351435320_641333290.jpg,train,aquila_audax_351435320_641333290.jpg
aquila_audax,Wedge-tailed Eagle,C:\Projects\raptor_australia\dataset\raw\aquila_audax\aquila_audax_352170935_642763509.jpg,train,aquila_audax_352170935_642763509.jpg
aquila_audax,Wedge-tailed Eagle,C:\Projects\raptor_australia\dataset\raw\aquila_audax\aquila_audax_351388396_641239580.jpg,train,aquila_audax_351388396_641239580.jpg
aquila_audax,Wedge-tailed Eagle,C:\Projects\raptor_australia\dataset\raw\aquila_audax\aquila_audax_351642206_641794803.jpg,train,aquila_audax_351642206_641794803.jpg
aquila_audax,Wedge-tailed Eagle,C:\Projects\raptor_australia\dataset\raw\aquila_audax\aquila_audax_351387986_641238497.jpg,train,aquila_audax_351387986_641238497.jpg
aquila_audax,Wedge-tailed Eagle,C:\Projects\raptor_australia\dataset\raw\aquila_audax\aquila_audax_348692843_635981690.jpg,train,aquila_audax_348692843_635981690.jpg
aquila_audax,Wedge-tailed Eagle,C:\Projects\raptor_australia\dataset\raw\aquila_audax\aquila_audax_347787365_634185748.jpg,train,aquila_audax_347787365_634185748.jpg
aquila_audax,Wedge-tailed Eagle,C:\Projects\raptor_australia\dataset\raw\aquila_audax\aquila_audax_351048922_640573451.jpg,train,aquila_audax_351048922_640573451.jpg
aquila_audax,Wedge-tailed Eagle,C:\Projects\raptor_australia\dataset\raw\aquila_audax\aquila_audax_351584896_641616535.jpg,train,aquila_audax_351584896_641616535.jpg
aquila_audax,Wedge-tailed Eagle,C:\Projects\raptor_australia\dataset\raw\aquila_audax\aquila_audax_348883565_636360049.jpg,train,aquila_audax_348883565_636360049.jpg
aquila_audax,Wedge-tailed Eagle,C:\Projects\raptor_australia\dataset\raw\aquila_audax\aquila_audax_346122925_630880810.jpg,train,aquila_audax_346122925_630880810.jpg
aquila_audax,Wedge-tailed Eagle,C:\Projects\raptor_australia\dataset\raw\aquila_audax\aquila_audax_345847253_630340793.jpg,train,aquila_audax_345847253_630340793.jpg
aquila_audax,Wedge-tailed Eagle,C:\Projects\raptor_australia\dataset\raw\aquila_audax\aquila_audax_352679386_643619711.jpg,train,aquila_audax_352679386_643619711.jpg
aquila_audax,Wedge-tailed Eagle,C:\Projects\raptor_australia\dataset\raw\aquila_audax\aquila_audax_351637935_641723690.jpg,train,aquila_audax_351637935_641723690.jpg
aquila_audax,Wedge-tailed Eagle,C:\Projects\raptor_australia\dataset\raw\aquila_audax\aquila_audax_348123735_634848246.jpg,train,aquila_audax_348123735_634848246.jpg
aquila_audax,Wedge-tailed Eagle,C:\Projects\raptor_australia\dataset\raw\aquila_audax\aquila_audax_348220616_635043584.jpg,train,aquila_audax_348220616_635043584.jpg
aquila_audax,Wedge-tailed Eagle,C:\Projects\raptor_australia\dataset\raw\aquila_audax\aquila_audax_349990765_638522202.jpg,train,aquila_audax_349990765_638522202.jpg
aquila_audax,Wedge-tailed Eagle,C:\Projects\raptor_australia\dataset\raw\aquila_audax\aquila_audax_350753482_640020649.jpg,train,aquila_audax_350753482_640020649.jpg
aquila_audax,Wedge-tailed Eagle,C:\Projects\raptor_australia\dataset\raw\aquila_audax\aquila_audax_347439179_633491710.jpg,train,aquila_audax_347439179_633491710.jpg
aquila_audax,Wedge-tailed Eagle,C:\Projects\raptor_australia\dataset\raw\aquila_audax\aquila_audax_350730895_639977442.jpg,train,aquila_audax_350730895_639977442.jpg
aquila_audax,Wedge-tailed Eagle,C:\Projects\raptor_australia\dataset\raw\aquila_audax\aquila_audax_351672132_641795257.jpg,train,aquila_audax_351672132_641795257.jpg
aquila_audax,Wedge-tailed Eagle,C:\Projects\raptor_australia\dataset\raw\aquila_audax\aquila_audax_347792802_634196234.jpg,train,aquila_audax_347792802_634196234.jpg
aquila_audax,Wedge-tailed Eagle,C:\Projects\raptor_australia\dataset\raw\aquila_audax\aquila_audax_348662428_637001997.jpg,train,aquila_audax_348662428_637001997.jpg
aquila_audax,Wedge-tailed Eagle,C:\Projects\raptor_australia\dataset\raw\aquila_audax\aquila_audax_349749996_638057658.jpg,train,aquila_audax_349749996_638057658.jpg
aquila_audax,Wedge-tailed Eagle,C:\Projects\raptor_australia\dataset\raw\aquila_audax\aquila_audax_350147621_638827448.jpg,train,aquila_audax_350147621_638827448.jpg
aquila_audax,Wedge-tailed Eagle,C:\Projects\raptor_australia\dataset\raw\aquila_audax\aquila_audax_348398215_635392376.jpg,train,aquila_audax_348398215_635392376.jpg
aquila_audax,Wedge-tailed Eagle,C:\Projects\raptor_australia\dataset\raw\aquila_audax\aquila_audax_348618300_635829325.jpg,train,aquila_audax_348618300_635829325.jpg
aquila_audax,Wedge-tailed Eagle,C:\Projects\raptor_australia\dataset\raw\aquila_audax\aquila_audax_349715099_637992575.jpg,train,aquila_audax_349715099_637992575.jpg
aquila_audax,Wedge-tailed Eagle,C:\Projects\raptor_australia\dataset\raw\aquila_audax\aquila_audax_351690859_641829698.jpg,train,aquila_audax_351690859_641829698.jpg
aquila_audax,Wedge-tailed Eagle,C:\Projects\raptor_australia\dataset\raw\aquila_audax\aquila_audax_351638025_641723821.jpg,train,aquila_audax_351638025_641723821.jpg
aquila_audax,Wedge-tailed Eagle,C:\Projects\raptor_australia\dataset\raw\aquila_audax\aquila_audax_346916595_632450192.jpg,train,aquila_audax_346916595_632450192.jpg
aquila_audax,Wedge-tailed Eagle,C:\Projects\raptor_australia\dataset\raw\aquila_audax\aquila_audax_346106804_630848793.jpg,train,aquila_audax_346106804_630848793.jpg
aquila_audax,Wedge-tailed Eagle,C:\Projects\raptor_australia\dataset\raw\aquila_audax\aquila_audax_347972885_634538777.jpg,train,aquila_audax_347972885_634538777.jpg
aquila_audax,Wedge-tailed Eagle,C:\Projects\raptor_australia\dataset\raw\aquila_audax\aquila_audax_348944057_636460341.jpg,train,aquila_audax_348944057_636460341.jpg
aquila_audax,Wedge-tailed Eagle,C:\Projects\raptor_australia\dataset\raw\aquila_audax\aquila_audax_352215782_642849817.jpg,train,aquila_audax_352215782_642849817.jpg
aquila_audax,Wedge-tailed Eagle,C:\Projects\raptor_australia\dataset\raw\aquila_audax\aquila_audax_348123960_634848577.jpg,train,aquila_audax_348123960_634848577.jpg
aquila_audax,Wedge-tailed Eagle,C:\Projects\raptor_australia\dataset\raw\aquila_audax\aquila_audax_349149659_636873959.jpg,train,aquila_audax_349149659_636873959.jpg
aquila_audax,Wedge-tailed Eagle,C:\Projects\raptor_australia\dataset\raw\aquila_audax\aquila_audax_350406830_639338970.jpg,train,aquila_audax_350406830_639338970.jpg
aquila_audax,Wedge-tailed Eagle,C:\Projects\raptor_australia\dataset\raw\aquila_audax\aquila_audax_352113424_642636689.jpg,train,aquila_audax_352113424_642636689.jpg
aquila_audax,Wedge-tailed Eagle,C:\Projects\raptor_australia\dataset\raw\aquila_audax\aquila_audax_351892513_642222951.jpg,train,aquila_audax_351892513_642222951.jpg
aquila_audax,Wedge-tailed Eagle,C:\Projects\raptor_australia\dataset\raw\aquila_audax\aquila_audax_348655588_635906449.jpg,train,aquila_audax_348655588_635906449.jpg
aquila_audax,Wedge-tailed Eagle,C:\Projects\raptor_australia\dataset\raw\aquila_audax\aquila_audax_346549137_631728455.jpg,train,aquila_audax_346549137_631728455.jpg
aquila_audax,Wedge-tailed Eagle,C:\Projects\raptor_australia\dataset\raw\aquila_audax\aquila_audax_352444711_643278170.jpg,train,aquila_audax_352444711_643278170.jpg
aquila_audax,Wedge-tailed Eagle,C:\Projects\raptor_australia\dataset\raw\aquila_audax\aquila_audax_351075558_640623732.jpg,train,aquila_audax_351075558_640623732.jpg
aquila_audax,Wedge-tailed Eagle,C:\Projects\raptor_australia\dataset\raw\aquila_audax\aquila_audax_347766810_634458876.jpg,train,aquila_audax_347766810_634458876.jpg
aquila_audax,Wedge-tailed Eagle,C:\Projects\raptor_australia\dataset\raw\aquila_audax\aquila_audax_347154585_632931649.jpg,train,aquila_audax_347154585_632931649.jpg
aquila_audax,Wedge-tailed Eagle,C:\Projects\raptor_australia\dataset\raw\aquila_audax\aquila_audax_350219169_638971673.jpg,train,aquila_audax_350219169_638971673.jpg
aquila_audax,Wedge-tailed Eagle,C:\Projects\raptor_australia\dataset\raw\aquila_audax\aquila_audax_345334548_629327869.jpg,train,aquila_audax_345334548_629327869.jpg
aquila_audax,Wedge-tailed Eagle,C:\Projects\raptor_australia\dataset\raw\aquila_audax\aquila_audax_350247646_639028189.jpg,train,aquila_audax_350247646_639028189.jpg
aquila_audax,Wedge-tailed Eagle,C:\Projects\raptor_australia\dataset\raw\aquila_audax\aquila_audax_346592153_631799303.jpg,train,aquila_audax_346592153_631799303.jpg
aquila_audax,Wedge-tailed Eagle,C:\Projects\raptor_australia\dataset\raw\aquila_audax\aquila_audax_345469773_629598777.jpg,train,aquila_audax_345469773_629598777.jpg
aquila_audax,Wedge-tailed Eagle,C:\Projects\raptor_australia\dataset\raw\aquila_audax\aquila_audax_349953213_638451982.jpg,train,aquila_audax_349953213_638451982.jpg
aquila_audax,Wedge-tailed Eagle,C:\Projects\raptor_australia\dataset\raw\aquila_audax\aquila_audax_349930429_638406531.jpg,train,aquila_audax_349930429_638406531.jpg
aquila_audax,Wedge-tailed Eagle,C:\Projects\raptor_australia\dataset\raw\aquila_audax\aquila_audax_350463741_639455180.jpg,train,aquila_audax_350463741_639455180.jpg
aquila_audax,Wedge-tailed Eagle,C:\Projects\raptor_australia\dataset\raw\aquila_audax\aquila_audax_347187403_632998286.jpg,train,aquila_audax_347187403_632998286.jpg
aquila_audax,Wedge-tailed Eagle,C:\Projects\raptor_australia\dataset\raw\aquila_audax\aquila_audax_349201264_636980166.jpg,train,aquila_audax_349201264_636980166.jpg
aquila_audax,Wedge-tailed Eagle,C:\Projects\raptor_australia\dataset\raw\aquila_audax\aquila_audax_346555702_631733908.jpg,train,aquila_audax_346555702_631733908.jpg
aquila_audax,Wedge-tailed Eagle,C:\Projects\raptor_australia\dataset\raw\aquila_audax\aquila_audax_351411661_641286320.jpg,train,aquila_audax_351411661_641286320.jpg
aquila_audax,Wedge-tailed Eagle,C:\Projects\raptor_australia\dataset\raw\aquila_audax\aquila_audax_351860363_642154896.jpg,train,aquila_audax_351860363_642154896.jpg
aquila_audax,Wedge-tailed Eagle,C:\Projects\raptor_australia\dataset\raw\aquila_audax\aquila_audax_348923871_636439415.jpg,train,aquila_audax_348923871_636439415.jpg
aquila_audax,Wedge-tailed Eagle,C:\Projects\raptor_australia\dataset\raw\aquila_audax\aquila_audax_346928230_632473864.jpg,train,aquila_audax_346928230_632473864.jpg
aquila_audax,Wedge-tailed Eagle,C:\Projects\raptor_australia\dataset\raw\aquila_audax\aquila_audax_347485173_633585437.jpg,train,aquila_audax_347485173_633585437.jpg
aquila_audax,Wedge-tailed Eagle,C:\Projects\raptor_australia\dataset\raw\aquila_audax\aquila_audax_347972887_634538822.jpg,train,aquila_audax_347972887_634538822.jpg
aquila_audax,Wedge-tailed Eagle,C:\Projects\raptor_australia\dataset\raw\aquila_audax\aquila_audax_351374130_641206513.jpg,train,aquila_audax_351374130_641206513.jpg
aquila_audax,Wedge-tailed Eagle,C:\Projects\raptor_australia\dataset\raw\aquila_audax\aquila_audax_346713922_632050993.jpg,train,aquila_audax_346713922_632050993.jpg
aquila_audax,Wedge-tailed Eagle,C:\Projects\raptor_australia\dataset\raw\aquila_audax\aquila_audax_349676384_637913629.jpg,train,aquila_audax_349676384_637913629.jpg
aquila_audax,Wedge-tailed Eagle,C:\Projects\raptor_australia\dataset\raw\aquila_audax\aquila_audax_348384310_635363702.jpg,train,aquila_audax_348384310_635363702.jpg
aquila_audax,Wedge-tailed Eagle,C:\Projects\raptor_australia\dataset\raw\aquila_audax\aquila_audax_346321698_631279126.jpg,train,aquila_audax_346321698_631279126.jpg
aquila_audax,Wedge-tailed Eagle,C:\Projects\raptor_australia\dataset\raw\aquila_audax\aquila_audax_351388043_641238617.jpg,train,aquila_audax_351388043_641238617.jpg
aquila_audax,Wedge-tailed Eagle,C:\Projects\raptor_australia\dataset\raw\aquila_audax\aquila_audax_348698317_635993694.jpg,train,aquila_audax_348698317_635993694.jpg
aquila_audax,Wedge-tailed Eagle,C:\Projects\raptor_australia\dataset\raw\aquila_audax\aquila_audax_345591990_629833586.jpg,train,aquila_audax_345591990_629833586.jpg
aquila_audax,Wedge-tailed Eagle,C:\Projects\raptor_australia\dataset\raw\aquila_audax\aquila_audax_348944065_636460319.jpg,train,aquila_audax_348944065_636460319.jpg
aquila_audax,Wedge-tailed Eagle,C:\Projects\raptor_australia\dataset\raw\aquila_audax\aquila_audax_352086790_642594183.jpg,train,aquila_audax_352086790_642594183.jpg
aquila_audax,Wedge-tailed Eagle,C:\Projects\raptor_australia\dataset\raw\aquila_audax\aquila_audax_351011111_640498563.jpg,train,aquila_audax_351011111_640498563.jpg
aquila_audax,Wedge-tailed Eagle,C:\Projects\raptor_australia\dataset\raw\aquila_audax\aquila_audax_349412128_637389404.jpg,train,aquila_audax_349412128_637389404.jpg
aquila_audax,Wedge-tailed Eagle,C:\Projects\raptor_australia\dataset\raw\aquila_audax\aquila_audax_346918289_632446893.jpg,train,aquila_audax_346918289_632446893.jpg
aquila_audax,Wedge-tailed Eagle,C:\Projects\raptor_australia\dataset\raw\aquila_audax\aquila_audax_349164921_636981880.jpg,train,aquila_audax_349164921_636981880.jpg
aquila_audax,Wedge-tailed Eagle,C:\Projects\raptor_australia\dataset\raw\aquila_audax\aquila_audax_346545442_631721052.jpg,train,aquila_audax_346545442_631721052.jpg
aquila_audax,Wedge-tailed Eagle,C:\Projects\raptor_australia\dataset\raw\aquila_audax\aquila_audax_347429410_633471937.jpg,train,aquila_audax_347429410_633471937.jpg
aquila_audax,Wedge-tailed Eagle,C:\Projects\raptor_australia\dataset\raw\aquila_audax\aquila_audax_347469308_633554202.jpg,val,aquila_audax_347469308_633554202.jpg
aquila_audax,Wedge-tailed Eagle,C:\Projects\raptor_australia\dataset\raw\aquila_audax\aquila_audax_346128527_630891395.jpg,val,aquila_audax_346128527_630891395.jpg
aquila_audax,Wedge-tailed Eagle,C:\Projects\raptor_australia\dataset\raw\aquila_audax\aquila_audax_347466093_633547912.jpg,val,aquila_audax_347466093_633547912.jpg
aquila_audax,Wedge-tailed Eagle,C:\Projects\raptor_australia\dataset\raw\aquila_audax\aquila_audax_350441677_639410349.jpg,val,aquila_audax_350441677_639410349.jpg
aquila_audax,Wedge-tailed Eagle,C:\Projects\raptor_australia\dataset\raw\aquila_audax\aquila_audax_348907149_636408077.jpg,val,aquila_audax_348907149_636408077.jpg
aquila_audax,Wedge-tailed Eagle,C:\Projects\raptor_australia\dataset\raw\aquila_audax\aquila_audax_350759375_640031457.jpg,val,aquila_audax_350759375_640031457.jpg
aquila_audax,Wedge-tailed Eagle,C:\Projects\raptor_australia\dataset\raw\aquila_audax\aquila_audax_351956942_642346099.jpg,val,aquila_audax_351956942_642346099.jpg
aquila_audax,Wedge-tailed Eagle,C:\Projects\raptor_australia\dataset\raw\aquila_audax\aquila_audax_351924550_642285974.jpg,val,aquila_audax_351924550_642285974.jpg
aquila_audax,Wedge-tailed Eagle,C:\Projects\raptor_australia\dataset\raw\aquila_audax\aquila_audax_346526680_631682781.jpg,val,aquila_audax_346526680_631682781.jpg
aquila_audax,Wedge-tailed Eagle,C:\Projects\raptor_australia\dataset\raw\aquila_audax\aquila_audax_352279666_642955734.jpg,val,aquila_audax_352279666_642955734.jpg
aquila_audax,Wedge-tailed Eagle,C:\Projects\raptor_australia\dataset\raw\aquila_audax\aquila_audax_351672089_641795190.jpg,val,aquila_audax_351672089_641795190.jpg
aquila_audax,Wedge-tailed Eagle,C:\Projects\raptor_australia\dataset\raw\aquila_audax\aquila_audax_348661860_637003144.jpg,val,aquila_audax_348661860_637003144.jpg
aquila_audax,Wedge-tailed Eagle,C:\Projects\raptor_australia\dataset\raw\aquila_audax\aquila_audax_347970669_634859834.jpg,val,aquila_audax_347970669_634859834.jpg
aquila_audax,Wedge-tailed Eagle,C:\Projects\raptor_australia\dataset\raw\aquila_audax\aquila_audax_345657878_629970298.jpg,val,aquila_audax_345657878_629970298.jpg
aquila_audax,Wedge-tailed Eagle,C:\Projects\raptor_australia\dataset\raw\aquila_audax\aquila_audax_346101751_630814146.jpg,val,aquila_audax_346101751_630814146.jpg
aquila_audax,Wedge-tailed Eagle,C:\Projects\raptor_australia\dataset\raw\aquila_audax\aquila_audax_347485175_633585454.jpg,val,aquila_audax_347485175_633585454.jpg
aquila_audax,Wedge-tailed Eagle,C:\Projects\raptor_australia\dataset\raw\aquila_audax\aquila_audax_349667157_637895678.jpg,val,aquila_audax_349667157_637895678.jpg
aquila_audax,Wedge-tailed Eagle,C:\Projects\raptor_australia\dataset\raw\aquila_audax\aquila_audax_348662750_637001441.jpg,val,aquila_audax_348662750_637001441.jpg
aquila_audax,Wedge-tailed Eagle,C:\Projects\raptor_australia\dataset\raw\aquila_audax\aquila_audax_346123915_630881326.jpg,val,aquila_audax_346123915_630881326.jpg
aquila_audax,Wedge-tailed Eagle,C:\Projects\raptor_australia\dataset\raw\aquila_audax\aquila_audax_349909243_638344673.jpg,val,aquila_audax_349909243_638344673.jpg
aquila_audax,Wedge-tailed Eagle,C:\Projects\raptor_australia\dataset\raw\aquila_audax\aquila_audax_346722897_632062836.jpg,val,aquila_audax_346722897_632062836.jpg
aquila_audax,Wedge-tailed Eagle,C:\Projects\raptor_australia\dataset\raw\aquila_audax\aquila_audax_350946786_640379651.jpg,val,aquila_audax_350946786_640379651.jpg
aquila_audax,Wedge-tailed Eagle,C:\Projects\raptor_australia\dataset\raw\aquila_audax\aquila_audax_345631182_629914852.jpg,val,aquila_audax_345631182_629914852.jpg
aquila_audax,Wedge-tailed Eagle,C:\Projects\raptor_australia\dataset\raw\aquila_audax\aquila_audax_348306198_635185092.jpg,val,aquila_audax_348306198_635185092.jpg
aquila_audax,Wedge-tailed Eagle,C:\Projects\raptor_australia\dataset\raw\aquila_audax\aquila_audax_349203729_636984807.jpg,val,aquila_audax_349203729_636984807.jpg
aquila_audax,Wedge-tailed Eagle,C:\Projects\raptor_australia\dataset\raw\aquila_audax\aquila_audax_349470115_637511412.jpg,val,aquila_audax_349470115_637511412.jpg
aquila_audax,Wedge-tailed Eagle,C:\Projects\raptor_australia\dataset\raw\aquila_audax\aquila_audax_346492293_631611784.jpg,val,aquila_audax_346492293_631611784.jpg
aquila_audax,Wedge-tailed Eagle,C:\Projects\raptor_australia\dataset\raw\aquila_audax\aquila_audax_349925974_638444260.jpg,val,aquila_audax_349925974_638444260.jpg
aquila_audax,Wedge-tailed Eagle,C:\Projects\raptor_australia\dataset\raw\aquila_audax\aquila_audax_352423644_643237725.jpg,val,aquila_audax_352423644_643237725.jpg
aquila_audax,Wedge-tailed Eagle,C:\Projects\raptor_australia\dataset\raw\aquila_audax\aquila_audax_352468615_643321004.jpg,val,aquila_audax_352468615_643321004.jpg
aquila_audax,Wedge-tailed Eagle,C:\Projects\raptor_australia\dataset\raw\aquila_audax\aquila_audax_349175404_636929700.jpg,val,aquila_audax_349175404_636929700.jpg
aquila_audax,Wedge-tailed Eagle,C:\Projects\raptor_australia\dataset\raw\aquila_audax\aquila_audax_347808382_634213981.jpg,test,aquila_audax_347808382_634213981.jpg
aquila_audax,Wedge-tailed Eagle,C:\Projects\raptor_australia\dataset\raw\aquila_audax\aquila_audax_347152323_633015227.jpg,test,aquila_audax_347152323_633015227.jpg
aquila_audax,Wedge-tailed Eagle,C:\Projects\raptor_australia\dataset\raw\aquila_audax\aquila_audax_352170826_642763271.jpg,test,aquila_audax_352170826_642763271.jpg
aquila_audax,Wedge-tailed Eagle,C:\Projects\raptor_australia\dataset\raw\aquila_audax\aquila_audax_349193523_636927487.jpg,test,aquila_audax_349193523_636927487.jpg
aquila_audax,Wedge-tailed Eagle,C:\Projects\raptor_australia\dataset\raw\aquila_audax\aquila_audax_352451248_643290888.jpg,test,aquila_audax_352451248_643290888.jpg
aquila_audax,Wedge-tailed Eagle,C:\Projects\raptor_australia\dataset\raw\aquila_audax\aquila_audax_347162939_632949861.jpg,test,aquila_audax_347162939_632949861.jpg
aquila_audax,Wedge-tailed Eagle,C:\Projects\raptor_australia\dataset\raw\aquila_audax\aquila_audax_345216405_629098562.jpg,test,aquila_audax_345216405_629098562.jpg
aquila_audax,Wedge-tailed Eagle,C:\Projects\raptor_australia\dataset\raw\aquila_audax\aquila_audax_348454263_635506827.jpg,test,aquila_audax_348454263_635506827.jpg
aquila_audax,Wedge-tailed Eagle,C:\Projects\raptor_australia\dataset\raw\aquila_audax\aquila_audax_350753484_640020662.jpg,test,aquila_audax_350753484_640020662.jpg
aquila_audax,Wedge-tailed Eagle,C:\Projects\raptor_australia\dataset\raw\aquila_audax\aquila_audax_347808399_634214304.jpg,test,aquila_audax_347808399_634214304.jpg
aquila_audax,Wedge-tailed Eagle,C:\Projects\raptor_australia\dataset\raw\aquila_audax\aquila_audax_350450588_639429942.jpg,test,aquila_audax_350450588_639429942.jpg
aquila_audax,Wedge-tailed Eagle,C:\Projects\raptor_australia\dataset\raw\aquila_audax\aquila_audax_352462131_643310034.jpg,test,aquila_audax_352462131_643310034.jpg
aquila_audax,Wedge-tailed Eagle,C:\Projects\raptor_australia\dataset\raw\aquila_audax\aquila_audax_347703708_634076218.jpg,test,aquila_audax_347703708_634076218.jpg
aquila_audax,Wedge-tailed Eagle,C:\Projects\raptor_australia\dataset\raw\aquila_audax\aquila_audax_352159171_642739324.jpg,test,aquila_audax_352159171_642739324.jpg
aquila_audax,Wedge-tailed Eagle,C:\Projects\raptor_australia\dataset\raw\aquila_audax\aquila_audax_345454445_629565588.jpg,test,aquila_audax_345454445_629565588.jpg
aquila_audax,Wedge-tailed Eagle,C:\Projects\raptor_australia\dataset\raw\aquila_audax\aquila_audax_351434920_641326883.jpg,test,aquila_audax_351434920_641326883.jpg
aquila_audax,Wedge-tailed Eagle,C:\Projects\raptor_australia\dataset\raw\aquila_audax\aquila_audax_347990991_634590209.jpg,test,aquila_audax_347990991_634590209.jpg
aquila_audax,Wedge-tailed Eagle,C:\Projects\raptor_australia\dataset\raw\aquila_audax\aquila_audax_347808384_634214024.jpg,test,aquila_audax_347808384_634214024.jpg
aquila_audax,Wedge-tailed Eagle,C:\Projects\raptor_australia\dataset\raw\aquila_audax\aquila_audax_346450176_631527942.jpg,test,aquila_audax_346450176_631527942.jpg
aquila_audax,Wedge-tailed Eagle,C:\Projects\raptor_australia\dataset\raw\aquila_audax\aquila_audax_345547471_629745982.jpg,test,aquila_audax_345547471_629745982.jpg
aquila_audax,Wedge-tailed Eagle,C:\Projects\raptor_australia\dataset\raw\aquila_audax\aquila_audax_345548272_629747811.jpg,test,aquila_audax_345548272_629747811.jpg
aquila_audax,Wedge-tailed Eagle,C:\Projects\raptor_australia\dataset\raw\aquila_audax\aquila_audax_350469147_639465686.jpg,test,aquila_audax_350469147_639465686.jpg
aquila_audax,Wedge-tailed Eagle,C:\Projects\raptor_australia\dataset\raw\aquila_audax\aquila_audax_352445042_643279061.jpg,test,aquila_audax_352445042_643279061.jpg
aquila_audax,Wedge-tailed Eagle,C:\Projects\raptor_australia\dataset\raw\aquila_audax\aquila_audax_346341516_631318521.jpg,test,aquila_audax_346341516_631318521.jpg
aquila_audax,Wedge-tailed Eagle,C:\Projects\raptor_australia\dataset\raw\aquila_audax\aquila_audax_351935498_642305669.jpg,test,aquila_audax_351935498_642305669.jpg
aquila_audax,Wedge-tailed Eagle,C:\Projects\raptor_australia\dataset\raw\aquila_audax\aquila_audax_346538669_631684507.jpg,test,aquila_audax_346538669_631684507.jpg
aquila_audax,Wedge-tailed Eagle,C:\Projects\raptor_australia\dataset\raw\aquila_audax\aquila_audax_346942866_632504020.jpg,test,aquila_audax_346942866_632504020.jpg
aquila_audax,Wedge-tailed Eagle,C:\Projects\raptor_australia\dataset\raw\aquila_audax\aquila_audax_347969627_634545638.jpg,test,aquila_audax_347969627_634545638.jpg
aquila_audax,Wedge-tailed Eagle,C:\Projects\raptor_australia\dataset\raw\aquila_audax\aquila_audax_348048170_634701144.jpg,test,aquila_audax_348048170_634701144.jpg
aquila_audax,Wedge-tailed Eagle,C:\Projects\raptor_australia\dataset\raw\aquila_audax\aquila_audax_348414255_635425234.jpg,test,aquila_audax_348414255_635425234.jpg
aquila_audax,Wedge-tailed Eagle,C:\Projects\raptor_australia\dataset\raw\aquila_audax\aquila_audax_345454444_629565554.jpg,test,aquila_audax_345454444_629565554.jpg
aquila_audax,Wedge-tailed Eagle,C:\Projects\raptor_australia\dataset\raw\aquila_audax\aquila_audax_346558320_631745784.jpg,test,aquila_audax_346558320_631745784.jpg
falco_peregrinus,Peregrine Falcon,C:\Projects\raptor_australia\dataset\raw\falco_peregrinus\falco_peregrinus_344795187_628271700.jpg,train,falco_peregrinus_344795187_628271700.jpg
falco_peregrinus,Peregrine Falcon,C:\Projects\raptor_australia\dataset\raw\falco_peregrinus\falco_peregrinus_335940227_610384954.jpg,train,falco_peregrinus_335940227_610384954.jpg
falco_peregrinus,Peregrine Falcon,C:\Projects\raptor_australia\dataset\raw\falco_peregrinus\falco_peregrinus_337314727_613156881.jpg,train,falco_peregrinus_337314727_613156881.jpg
falco_peregrinus,Peregrine Falcon,C:\Projects\raptor_australia\dataset\raw\falco_peregrinus\falco_peregrinus_338692069_615986443.jpg,train,falco_peregrinus_338692069_615986443.jpg
falco_peregrinus,Peregrine Falcon,C:\Projects\raptor_australia\dataset\raw\falco_peregrinus\falco_peregrinus_332847280_604247365.jpg,train,falco_peregrinus_332847280_604247365.jpg
falco_peregrinus,Peregrine Falcon,C:\Projects\raptor_australia\dataset\raw\falco_peregrinus\falco_peregrinus_329260210_596803288.jpg,train,falco_peregrinus_329260210_596803288.jpg
falco_peregrinus,Peregrine Falcon,C:\Projects\raptor_australia\dataset\raw\falco_peregrinus\falco_peregrinus_333246745_604967637.jpg,train,falco_peregrinus_333246745_604967637.jpg
falco_peregrinus,Peregrine Falcon,C:\Projects\raptor_australia\dataset\raw\falco_peregrinus\falco_peregrinus_336671014_611856366.jpg,train,falco_peregrinus_336671014_611856366.jpg
falco_peregrinus,Peregrine Falcon,C:\Projects\raptor_australia\dataset\raw\falco_peregrinus\falco_peregrinus_352463839_643313232.jpg,train,falco_peregrinus_352463839_643313232.jpg
falco_peregrinus,Peregrine Falcon,C:\Projects\raptor_australia\dataset\raw\falco_peregrinus\falco_peregrinus_331058935_600479245.jpg,train,falco_peregrinus_331058935_600479245.jpg
falco_peregrinus,Peregrine Falcon,C:\Projects\raptor_australia\dataset\raw\falco_peregrinus\falco_peregrinus_333441918_605362877.jpg,train,falco_peregrinus_333441918_605362877.jpg
falco_peregrinus,Peregrine Falcon,C:\Projects\raptor_australia\dataset\raw\falco_peregrinus\falco_peregrinus_340904923_620471486.jpg,train,falco_peregrinus_340904923_620471486.jpg
falco_peregrinus,Peregrine Falcon,C:\Projects\raptor_australia\dataset\raw\falco_peregrinus\falco_peregrinus_342063913_622841390.jpg,train,falco_peregrinus_342063913_622841390.jpg
falco_peregrinus,Peregrine Falcon,C:\Projects\raptor_australia\dataset\raw\falco_peregrinus\falco_peregrinus_331273584_600921426.jpg,train,falco_peregrinus_331273584_600921426.jpg
falco_peregrinus,Peregrine Falcon,C:\Projects\raptor_australia\dataset\raw\falco_peregrinus\falco_peregrinus_332570116_603585055.jpg,train,falco_peregrinus_332570116_603585055.jpg
falco_peregrinus,Peregrine Falcon,C:\Projects\raptor_australia\dataset\raw\falco_peregrinus\falco_peregrinus_349941120_638427658.jpg,train,falco_peregrinus_349941120_638427658.jpg
falco_peregrinus,Peregrine Falcon,C:\Projects\raptor_australia\dataset\raw\falco_peregrinus\falco_peregrinus_348571679_635734502.jpg,train,falco_peregrinus_348571679_635734502.jpg
falco_peregrinus,Peregrine Falcon,C:\Projects\raptor_australia\dataset\raw\falco_peregrinus\falco_peregrinus_338838639_616279499.jpg,train,falco_peregrinus_338838639_616279499.jpg
falco_peregrinus,Peregrine Falcon,C:\Projects\raptor_australia\dataset\raw\falco_peregrinus\falco_peregrinus_327610703_593551134.jpg,train,falco_peregrinus_327610703_593551134.jpg
falco_peregrinus,Peregrine Falcon,C:\Projects\raptor_australia\dataset\raw\falco_peregrinus\falco_peregrinus_330195701_598704782.jpg,train,falco_peregrinus_330195701_598704782.jpg
falco_peregrinus,Peregrine Falcon,C:\Projects\raptor_australia\dataset\raw\falco_peregrinus\falco_peregrinus_331783355_601963333.jpg,train,falco_peregrinus_331783355_601963333.jpg
falco_peregrinus,Peregrine Falcon,C:\Projects\raptor_australia\dataset\raw\falco_peregrinus\falco_peregrinus_347783186_634178273.jpg,train,falco_peregrinus_347783186_634178273.jpg
falco_peregrinus,Peregrine Falcon,C:\Projects\raptor_australia\dataset\raw\falco_peregrinus\falco_peregrinus_339111985_616817743.jpg,train,falco_peregrinus_339111985_616817743.jpg
falco_peregrinus,Peregrine Falcon,C:\Projects\raptor_australia\dataset\raw\falco_peregrinus\falco_peregrinus_322935886_584282464.jpg,train,falco_peregrinus_322935886_584282464.jpg
falco_peregrinus,Peregrine Falcon,C:\Projects\raptor_australia\dataset\raw\falco_peregrinus\falco_peregrinus_327658251_593647649.jpg,train,falco_peregrinus_327658251_593647649.jpg
falco_peregrinus,Peregrine Falcon,C:\Projects\raptor_australia\dataset\raw\falco_peregrinus\falco_peregrinus_343291070_625307352.jpg,train,falco_peregrinus_343291070_625307352.jpg
falco_peregrinus,Peregrine Falcon,C:\Projects\raptor_australia\dataset\raw\falco_peregrinus\falco_peregrinus_333921172_606289370.jpg,train,falco_peregrinus_333921172_606289370.jpg
falco_peregrinus,Peregrine Falcon,C:\Projects\raptor_australia\dataset\raw\falco_peregrinus\falco_peregrinus_336018268_610536971.jpg,train,falco_peregrinus_336018268_610536971.jpg
falco_peregrinus,Peregrine Falcon,C:\Projects\raptor_australia\dataset\raw\falco_peregrinus\falco_peregrinus_349977260_638498228.jpg,train,falco_peregrinus_349977260_638498228.jpg
falco_peregrinus,Peregrine Falcon,C:\Projects\raptor_australia\dataset\raw\falco_peregrinus\falco_peregrinus_335130647_608746871.jpg,train,falco_peregrinus_335130647_608746871.jpg
falco_peregrinus,Peregrine Falcon,C:\Projects\raptor_australia\dataset\raw\falco_peregrinus\falco_peregrinus_342392249_623507402.jpg,train,falco_peregrinus_342392249_623507402.jpg
falco_peregrinus,Peregrine Falcon,C:\Projects\raptor_australia\dataset\raw\falco_peregrinus\falco_peregrinus_332798546_603905650.jpg,train,falco_peregrinus_332798546_603905650.jpg
falco_peregrinus,Peregrine Falcon,C:\Projects\raptor_australia\dataset\raw\falco_peregrinus\falco_peregrinus_325663281_589674971.jpg,train,falco_peregrinus_325663281_589674971.jpg
falco_peregrinus,Peregrine Falcon,C:\Projects\raptor_australia\dataset\raw\falco_peregrinus\falco_peregrinus_330055570_598414509.jpg,train,falco_peregrinus_330055570_598414509.jpg
falco_peregrinus,Peregrine Falcon,C:\Projects\raptor_australia\dataset\raw\falco_peregrinus\falco_peregrinus_331140857_600648660.jpg,train,falco_peregrinus_331140857_600648660.jpg
falco_peregrinus,Peregrine Falcon,C:\Projects\raptor_australia\dataset\raw\falco_peregrinus\falco_peregrinus_329186333_596658331.jpg,train,falco_peregrinus_329186333_596658331.jpg
falco_peregrinus,Peregrine Falcon,C:\Projects\raptor_australia\dataset\raw\falco_peregrinus\falco_peregrinus_332661827_603767384.jpg,train,falco_peregrinus_332661827_603767384.jpg
falco_peregrinus,Peregrine Falcon,C:\Projects\raptor_australia\dataset\raw\falco_peregrinus\falco_peregrinus_346322412_631280073.jpg,train,falco_peregrinus_346322412_631280073.jpg
falco_peregrinus,Peregrine Falcon,C:\Projects\raptor_australia\dataset\raw\falco_peregrinus\falco_peregrinus_325663007_589674389.jpg,train,falco_peregrinus_325663007_589674389.jpg
falco_peregrinus,Peregrine Falcon,C:\Projects\raptor_australia\dataset\raw\falco_peregrinus\falco_peregrinus_332524600_603484676.jpg,train,falco_peregrinus_332524600_603484676.jpg
falco_peregrinus,Peregrine Falcon,C:\Projects\raptor_australia\dataset\raw\falco_peregrinus\falco_peregrinus_336672653_611859872.jpg,train,falco_peregrinus_336672653_611859872.jpg
falco_peregrinus,Peregrine Falcon,C:\Projects\raptor_australia\dataset\raw\falco_peregrinus\falco_peregrinus_322545906_583514891.jpg,train,falco_peregrinus_322545906_583514891.jpg
falco_peregrinus,Peregrine Falcon,C:\Projects\raptor_australia\dataset\raw\falco_peregrinus\falco_peregrinus_332831323_604111284.jpg,train,falco_peregrinus_332831323_604111284.jpg
falco_peregrinus,Peregrine Falcon,C:\Projects\raptor_australia\dataset\raw\falco_peregrinus\falco_peregrinus_323966383_586279451.jpg,train,falco_peregrinus_323966383_586279451.jpg
falco_peregrinus,Peregrine Falcon,C:\Projects\raptor_australia\dataset\raw\falco_peregrinus\falco_peregrinus_340743688_620140377.jpg,train,falco_peregrinus_340743688_620140377.jpg
falco_peregrinus,Peregrine Falcon,C:\Projects\raptor_australia\dataset\raw\falco_peregrinus\falco_peregrinus_336573252_611654137.jpg,train,falco_peregrinus_336573252_611654137.jpg
falco_peregrinus,Peregrine Falcon,C:\Projects\raptor_australia\dataset\raw\falco_peregrinus\falco_peregrinus_327480517_593299489.jpg,train,falco_peregrinus_327480517_593299489.jpg
falco_peregrinus,Peregrine Falcon,C:\Projects\raptor_australia\dataset\raw\falco_peregrinus\falco_peregrinus_350005752_638553665.jpg,train,falco_peregrinus_350005752_638553665.jpg
falco_peregrinus,Peregrine Falcon,C:\Projects\raptor_australia\dataset\raw\falco_peregrinus\falco_peregrinus_330934804_600220963.jpg,train,falco_peregrinus_330934804_600220963.jpg
falco_peregrinus,Peregrine Falcon,C:\Projects\raptor_australia\dataset\raw\falco_peregrinus\falco_peregrinus_331792530_601981531.jpg,train,falco_peregrinus_331792530_601981531.jpg
falco_peregrinus,Peregrine Falcon,C:\Projects\raptor_australia\dataset\raw\falco_peregrinus\falco_peregrinus_325150561_590220011.jpg,train,falco_peregrinus_325150561_590220011.jpg
falco_peregrinus,Peregrine Falcon,C:\Projects\raptor_australia\dataset\raw\falco_peregrinus\falco_peregrinus_336217905_610930272.jpg,train,falco_peregrinus_336217905_610930272.jpg
falco_peregrinus,Peregrine Falcon,C:\Projects\raptor_australia\dataset\raw\falco_peregrinus\falco_peregrinus_351277163_640999930.jpg,train,falco_peregrinus_351277163_640999930.jpg
falco_peregrinus,Peregrine Falcon,C:\Projects\raptor_australia\dataset\raw\falco_peregrinus\falco_peregrinus_350378858_639281009.jpg,train,falco_peregrinus_350378858_639281009.jpg
falco_peregrinus,Peregrine Falcon,C:\Projects\raptor_australia\dataset\raw\falco_peregrinus\falco_peregrinus_331747587_601892522.jpg,train,falco_peregrinus_331747587_601892522.jpg
falco_peregrinus,Peregrine Falcon,C:\Projects\raptor_australia\dataset\raw\falco_peregrinus\falco_peregrinus_324667075_587683528.jpg,train,falco_peregrinus_324667075_587683528.jpg
falco_peregrinus,Peregrine Falcon,C:\Projects\raptor_australia\dataset\raw\falco_peregrinus\falco_peregrinus_331508843_601408294.jpg,train,falco_peregrinus_331508843_601408294.jpg
falco_peregrinus,Peregrine Falcon,C:\Projects\raptor_australia\dataset\raw\falco_peregrinus\falco_peregrinus_343441748_625615914.jpg,train,falco_peregrinus_343441748_625615914.jpg
falco_peregrinus,Peregrine Falcon,C:\Projects\raptor_australia\dataset\raw\falco_peregrinus\falco_peregrinus_337258882_613049048.jpg,train,falco_peregrinus_337258882_613049048.jpg
falco_peregrinus,Peregrine Falcon,C:\Projects\raptor_australia\dataset\raw\falco_peregrinus\falco_peregrinus_327641741_593614938.jpg,train,falco_peregrinus_327641741_593614938.jpg
falco_peregrinus,Peregrine Falcon,C:\Projects\raptor_australia\dataset\raw\falco_peregrinus\falco_peregrinus_328154301_594583024.jpg,train,falco_peregrinus_328154301_594583024.jpg
falco_peregrinus,Peregrine Falcon,C:\Projects\raptor_australia\dataset\raw\falco_peregrinus\falco_peregrinus_333379553_605236875.jpg,train,falco_peregrinus_333379553_605236875.jpg
falco_peregrinus,Peregrine Falcon,C:\Projects\raptor_australia\dataset\raw\falco_peregrinus\falco_peregrinus_327646484_593624109.jpg,train,falco_peregrinus_327646484_593624109.jpg
falco_peregrinus,Peregrine Falcon,C:\Projects\raptor_australia\dataset\raw\falco_peregrinus\falco_peregrinus_334910697_608301313.jpg,train,falco_peregrinus_334910697_608301313.jpg
falco_peregrinus,Peregrine Falcon,C:\Projects\raptor_australia\dataset\raw\falco_peregrinus\falco_peregrinus_339677409_617971087.jpg,train,falco_peregrinus_339677409_617971087.jpg
falco_peregrinus,Peregrine Falcon,C:\Projects\raptor_australia\dataset\raw\falco_peregrinus\falco_peregrinus_335884755_610274084.jpg,train,falco_peregrinus_335884755_610274084.jpg
falco_peregrinus,Peregrine Falcon,C:\Projects\raptor_australia\dataset\raw\falco_peregrinus\falco_peregrinus_347434213_633482223.jpg,train,falco_peregrinus_347434213_633482223.jpg
falco_peregrinus,Peregrine Falcon,C:\Projects\raptor_australia\dataset\raw\falco_peregrinus\falco_peregrinus_328006204_594287719.jpg,train,falco_peregrinus_328006204_594287719.jpg
falco_peregrinus,Peregrine Falcon,C:\Projects\raptor_australia\dataset\raw\falco_peregrinus\falco_peregrinus_330344499_599004085.jpg,train,falco_peregrinus_330344499_599004085.jpg
falco_peregrinus,Peregrine Falcon,C:\Projects\raptor_australia\dataset\raw\falco_peregrinus\falco_peregrinus_339682907_617982709.jpg,train,falco_peregrinus_339682907_617982709.jpg
falco_peregrinus,Peregrine Falcon,C:\Projects\raptor_australia\dataset\raw\falco_peregrinus\falco_peregrinus_335571477_609640963.jpg,train,falco_peregrinus_335571477_609640963.jpg
falco_peregrinus,Peregrine Falcon,C:\Projects\raptor_australia\dataset\raw\falco_peregrinus\falco_peregrinus_326431680_591205702.jpg,train,falco_peregrinus_326431680_591205702.jpg
falco_peregrinus,Peregrine Falcon,C:\Projects\raptor_australia\dataset\raw\falco_peregrinus\falco_peregrinus_342067142_622847906.jpg,train,falco_peregrinus_342067142_622847906.jpg
falco_peregrinus,Peregrine Falcon,C:\Projects\raptor_australia\dataset\raw\falco_peregrinus\falco_peregrinus_332333084_603098055.jpg,train,falco_peregrinus_332333084_603098055.jpg
falco_peregrinus,Peregrine Falcon,C:\Projects\raptor_australia\dataset\raw\falco_peregrinus\falco_peregrinus_330327973_598967636.jpg,train,falco_peregrinus_330327973_598967636.jpg
falco_peregrinus,Peregrine Falcon,C:\Projects\raptor_australia\dataset\raw\falco_peregrinus\falco_peregrinus_332120677_602660742.jpg,train,falco_peregrinus_332120677_602660742.jpg
falco_peregrinus,Peregrine Falcon,C:\Projects\raptor_australia\dataset\raw\falco_peregrinus\falco_peregrinus_335606240_609708335.jpg,train,falco_peregrinus_335606240_609708335.jpg
falco_peregrinus,Peregrine Falcon,C:\Projects\raptor_australia\dataset\raw\falco_peregrinus\falco_peregrinus_340895995_620452057.jpg,train,falco_peregrinus_340895995_620452057.jpg
falco_peregrinus,Peregrine Falcon,C:\Projects\raptor_australia\dataset\raw\falco_peregrinus\falco_peregrinus_325173044_588698086.jpg,train,falco_peregrinus_325173044_588698086.jpg
falco_peregrinus,Peregrine Falcon,C:\Projects\raptor_australia\dataset\raw\falco_peregrinus\falco_peregrinus_327644623_593620798.jpg,train,falco_peregrinus_327644623_593620798.jpg
falco_peregrinus,Peregrine Falcon,C:\Projects\raptor_australia\dataset\raw\falco_peregrinus\falco_peregrinus_345031270_628731705.jpg,train,falco_peregrinus_345031270_628731705.jpg
falco_peregrinus,Peregrine Falcon,C:\Projects\raptor_australia\dataset\raw\falco_peregrinus\falco_peregrinus_331582426_601554673.jpg,train,falco_peregrinus_331582426_601554673.jpg
falco_peregrinus,Peregrine Falcon,C:\Projects\raptor_australia\dataset\raw\falco_peregrinus\falco_peregrinus_324287885_587226393.jpg,train,falco_peregrinus_324287885_587226393.jpg
falco_peregrinus,Peregrine Falcon,C:\Projects\raptor_australia\dataset\raw\falco_peregrinus\falco_peregrinus_338779978_616157905.jpg,train,falco_peregrinus_338779978_616157905.jpg
falco_peregrinus,Peregrine Falcon,C:\Projects\raptor_australia\dataset\raw\falco_peregrinus\falco_peregrinus_335932497_610370494.jpg,train,falco_peregrinus_335932497_610370494.jpg
falco_peregrinus,Peregrine Falcon,C:\Projects\raptor_australia\dataset\raw\falco_peregrinus\falco_peregrinus_333928877_605864533.jpg,train,falco_peregrinus_333928877_605864533.jpg
falco_peregrinus,Peregrine Falcon,C:\Projects\raptor_australia\dataset\raw\falco_peregrinus\falco_peregrinus_342637229_624000224.jpg,train,falco_peregrinus_342637229_624000224.jpg
falco_peregrinus,Peregrine Falcon,C:\Projects\raptor_australia\dataset\raw\falco_peregrinus\falco_peregrinus_341593573_621886488.jpg,train,falco_peregrinus_341593573_621886488.jpg
falco_peregrinus,Peregrine Falcon,C:\Projects\raptor_australia\dataset\raw\falco_peregrinus\falco_peregrinus_331058884_600478308.jpg,train,falco_peregrinus_331058884_600478308.jpg
falco_peregrinus,Peregrine Falcon,C:\Projects\raptor_australia\dataset\raw\falco_peregrinus\falco_peregrinus_341845219_622401671.jpg,train,falco_peregrinus_341845219_622401671.jpg
falco_peregrinus,Peregrine Falcon,C:\Projects\raptor_australia\dataset\raw\falco_peregrinus\falco_peregrinus_339512331_617633098.jpg,train,falco_peregrinus_339512331_617633098.jpg
falco_peregrinus,Peregrine Falcon,C:\Projects\raptor_australia\dataset\raw\falco_peregrinus\falco_peregrinus_336314884_611128057.jpg,train,falco_peregrinus_336314884_611128057.jpg
falco_peregrinus,Peregrine Falcon,C:\Projects\raptor_australia\dataset\raw\falco_peregrinus\falco_peregrinus_331261350_600895551.jpg,train,falco_peregrinus_331261350_600895551.jpg
falco_peregrinus,Peregrine Falcon,C:\Projects\raptor_australia\dataset\raw\falco_peregrinus\falco_peregrinus_324237632_586820241.jpg,train,falco_peregrinus_324237632_586820241.jpg
falco_peregrinus,Peregrine Falcon,C:\Projects\raptor_australia\dataset\raw\falco_peregrinus\falco_peregrinus_332757264_603962222.jpg,train,falco_peregrinus_332757264_603962222.jpg
falco_peregrinus,Peregrine Falcon,C:\Projects\raptor_australia\dataset\raw\falco_peregrinus\falco_peregrinus_331894056_602193817.jpg,train,falco_peregrinus_331894056_602193817.jpg
falco_peregrinus,Peregrine Falcon,C:\Projects\raptor_australia\dataset\raw\falco_peregrinus\falco_peregrinus_329923357_598147331.jpg,train,falco_peregrinus_329923357_598147331.jpg
falco_peregrinus,Peregrine Falcon,C:\Projects\raptor_australia\dataset\raw\falco_peregrinus\falco_peregrinus_327329671_592993163.jpg,train,falco_peregrinus_327329671_592993163.jpg
falco_peregrinus,Peregrine Falcon,C:\Projects\raptor_australia\dataset\raw\falco_peregrinus\falco_peregrinus_337045483_612615450.jpg,train,falco_peregrinus_337045483_612615450.jpg
falco_peregrinus,Peregrine Falcon,C:\Projects\raptor_australia\dataset\raw\falco_peregrinus\falco_peregrinus_323606526_585572323.jpg,train,falco_peregrinus_323606526_585572323.jpg
falco_peregrinus,Peregrine Falcon,C:\Projects\raptor_australia\dataset\raw\falco_peregrinus\falco_peregrinus_331387984_601158090.jpg,train,falco_peregrinus_331387984_601158090.jpg
falco_peregrinus,Peregrine Falcon,C:\Projects\raptor_australia\dataset\raw\falco_peregrinus\falco_peregrinus_327640433_593612020.jpg,train,falco_peregrinus_327640433_593612020.jpg
falco_peregrinus,Peregrine Falcon,C:\Projects\raptor_australia\dataset\raw\falco_peregrinus\falco_peregrinus_325327827_589005633.jpg,train,falco_peregrinus_325327827_589005633.jpg
falco_peregrinus,Peregrine Falcon,C:\Projects\raptor_australia\dataset\raw\falco_peregrinus\falco_peregrinus_338864135_616328625.jpg,train,falco_peregrinus_338864135_616328625.jpg
falco_peregrinus,Peregrine Falcon,C:\Projects\raptor_australia\dataset\raw\falco_peregrinus\falco_peregrinus_346953267_632526868.jpg,train,falco_peregrinus_346953267_632526868.jpg
falco_peregrinus,Peregrine Falcon,C:\Projects\raptor_australia\dataset\raw\falco_peregrinus\falco_peregrinus_347772571_634156663.jpg,train,falco_peregrinus_347772571_634156663.jpg
falco_peregrinus,Peregrine Falcon,C:\Projects\raptor_australia\dataset\raw\falco_peregrinus\falco_peregrinus_330574311_599477237.jpg,train,falco_peregrinus_330574311_599477237.jpg
falco_peregrinus,Peregrine Falcon,C:\Projects\raptor_australia\dataset\raw\falco_peregrinus\falco_peregrinus_340428595_619507440.jpg,train,falco_peregrinus_340428595_619507440.jpg
falco_peregrinus,Peregrine Falcon,C:\Projects\raptor_australia\dataset\raw\falco_peregrinus\falco_peregrinus_334149335_606748739.jpg,train,falco_peregrinus_334149335_606748739.jpg
falco_peregrinus,Peregrine Falcon,C:\Projects\raptor_australia\dataset\raw\falco_peregrinus\falco_peregrinus_331164172_600695285.jpg,train,falco_peregrinus_331164172_600695285.jpg
falco_peregrinus,Peregrine Falcon,C:\Projects\raptor_australia\dataset\raw\falco_peregrinus\falco_peregrinus_348675631_635947891.jpg,train,falco_peregrinus_348675631_635947891.jpg
falco_peregrinus,Peregrine Falcon,C:\Projects\raptor_australia\dataset\raw\falco_peregrinus\falco_peregrinus_342166609_623042949.jpg,train,falco_peregrinus_342166609_623042949.jpg
falco_peregrinus,Peregrine Falcon,C:\Projects\raptor_australia\dataset\raw\falco_peregrinus\falco_peregrinus_331887802_602180894.jpg,train,falco_peregrinus_331887802_602180894.jpg
falco_peregrinus,Peregrine Falcon,C:\Projects\raptor_australia\dataset\raw\falco_peregrinus\falco_peregrinus_335179420_608848326.jpg,train,falco_peregrinus_335179420_608848326.jpg
falco_peregrinus,Peregrine Falcon,C:\Projects\raptor_australia\dataset\raw\falco_peregrinus\falco_peregrinus_323401245_585165314.jpg,train,falco_peregrinus_323401245_585165314.jpg
falco_peregrinus,Peregrine Falcon,C:\Projects\raptor_australia\dataset\raw\falco_peregrinus\falco_peregrinus_335867821_610239506.jpg,train,falco_peregrinus_335867821_610239506.jpg
falco_peregrinus,Peregrine Falcon,C:\Projects\raptor_australia\dataset\raw\falco_peregrinus\falco_peregrinus_325319885_588988984.jpg,train,falco_peregrinus_325319885_588988984.jpg
falco_peregrinus,Peregrine Falcon,C:\Projects\raptor_australia\dataset\raw\falco_peregrinus\falco_peregrinus_329182028_596649754.jpg,train,falco_peregrinus_329182028_596649754.jpg
falco_peregrinus,Peregrine Falcon,C:\Projects\raptor_australia\dataset\raw\falco_peregrinus\falco_peregrinus_331520399_601431066.jpg,train,falco_peregrinus_331520399_601431066.jpg
falco_peregrinus,Peregrine Falcon,C:\Projects\raptor_australia\dataset\raw\falco_peregrinus\falco_peregrinus_343597156_625932143.jpg,train,falco_peregrinus_343597156_625932143.jpg
falco_peregrinus,Peregrine Falcon,C:\Projects\raptor_australia\dataset\raw\falco_peregrinus\falco_peregrinus_324085830_586519582.jpg,train,falco_peregrinus_324085830_586519582.jpg
falco_peregrinus,Peregrine Falcon,C:\Projects\raptor_australia\dataset\raw\falco_peregrinus\falco_peregrinus_328320034_594914991.jpg,train,falco_peregrinus_328320034_594914991.jpg
falco_peregrinus,Peregrine Falcon,C:\Projects\raptor_australia\dataset\raw\falco_peregrinus\falco_peregrinus_329422669_597136550.jpg,train,falco_peregrinus_329422669_597136550.jpg
falco_peregrinus,Peregrine Falcon,C:\Projects\raptor_australia\dataset\raw\falco_peregrinus\falco_peregrinus_327817098_593946839.jpg,train,falco_peregrinus_327817098_593946839.jpg
falco_peregrinus,Peregrine Falcon,C:\Projects\raptor_australia\dataset\raw\falco_peregrinus\falco_peregrinus_340128021_618899572.jpg,train,falco_peregrinus_340128021_618899572.jpg
falco_peregrinus,Peregrine Falcon,C:\Projects\raptor_australia\dataset\raw\falco_peregrinus\falco_peregrinus_331110317_600574826.jpg,train,falco_peregrinus_331110317_600574826.jpg
falco_peregrinus,Peregrine Falcon,C:\Projects\raptor_australia\dataset\raw\falco_peregrinus\falco_peregrinus_335716553_609934744.jpg,train,falco_peregrinus_335716553_609934744.jpg
falco_peregrinus,Peregrine Falcon,C:\Projects\raptor_australia\dataset\raw\falco_peregrinus\falco_peregrinus_330432469_599184319.jpg,train,falco_peregrinus_330432469_599184319.jpg
falco_peregrinus,Peregrine Falcon,C:\Projects\raptor_australia\dataset\raw\falco_peregrinus\falco_peregrinus_331368696_601109151.jpg,train,falco_peregrinus_331368696_601109151.jpg
falco_peregrinus,Peregrine Falcon,C:\Projects\raptor_australia\dataset\raw\falco_peregrinus\falco_peregrinus_334079064_606608038.jpg,train,falco_peregrinus_334079064_606608038.jpg
falco_peregrinus,Peregrine Falcon,C:\Projects\raptor_australia\dataset\raw\falco_peregrinus\falco_peregrinus_333955921_606356220.jpg,train,falco_peregrinus_333955921_606356220.jpg
falco_peregrinus,Peregrine Falcon,C:\Projects\raptor_australia\dataset\raw\falco_peregrinus\falco_peregrinus_337873355_614311410.jpg,train,falco_peregrinus_337873355_614311410.jpg
falco_peregrinus,Peregrine Falcon,C:\Projects\raptor_australia\dataset\raw\falco_peregrinus\falco_peregrinus_338383625_615391116.jpg,train,falco_peregrinus_338383625_615391116.jpg
falco_peregrinus,Peregrine Falcon,C:\Projects\raptor_australia\dataset\raw\falco_peregrinus\falco_peregrinus_328320035_594914978.jpg,train,falco_peregrinus_328320035_594914978.jpg
falco_peregrinus,Peregrine Falcon,C:\Projects\raptor_australia\dataset\raw\falco_peregrinus\falco_peregrinus_341341526_621373389.jpg,train,falco_peregrinus_341341526_621373389.jpg
falco_peregrinus,Peregrine Falcon,C:\Projects\raptor_australia\dataset\raw\falco_peregrinus\falco_peregrinus_323558806_585477203.jpg,train,falco_peregrinus_323558806_585477203.jpg
falco_peregrinus,Peregrine Falcon,C:\Projects\raptor_australia\dataset\raw\falco_peregrinus\falco_peregrinus_335178298_608850031.jpg,train,falco_peregrinus_335178298_608850031.jpg
falco_peregrinus,Peregrine Falcon,C:\Projects\raptor_australia\dataset\raw\falco_peregrinus\falco_peregrinus_333102739_604677091.jpg,train,falco_peregrinus_333102739_604677091.jpg
falco_peregrinus,Peregrine Falcon,C:\Projects\raptor_australia\dataset\raw\falco_peregrinus\falco_peregrinus_332505939_603449194.jpg,train,falco_peregrinus_332505939_603449194.jpg
falco_peregrinus,Peregrine Falcon,C:\Projects\raptor_australia\dataset\raw\falco_peregrinus\falco_peregrinus_333686724_605806137.jpg,train,falco_peregrinus_333686724_605806137.jpg
falco_peregrinus,Peregrine Falcon,C:\Projects\raptor_australia\dataset\raw\falco_peregrinus\falco_peregrinus_332979426_604422391.jpg,train,falco_peregrinus_332979426_604422391.jpg
falco_peregrinus,Peregrine Falcon,C:\Projects\raptor_australia\dataset\raw\falco_peregrinus\falco_peregrinus_324292795_586927823.jpg,train,falco_peregrinus_324292795_586927823.jpg
falco_peregrinus,Peregrine Falcon,C:\Projects\raptor_australia\dataset\raw\falco_peregrinus\falco_peregrinus_328904685_596097734.jpg,train,falco_peregrinus_328904685_596097734.jpg
falco_peregrinus,Peregrine Falcon,C:\Projects\raptor_australia\dataset\raw\falco_peregrinus\falco_peregrinus_330327974_598967641.jpg,train,falco_peregrinus_330327974_598967641.jpg
falco_peregrinus,Peregrine Falcon,C:\Projects\raptor_australia\dataset\raw\falco_peregrinus\falco_peregrinus_331162231_600691523.jpg,train,falco_peregrinus_331162231_600691523.jpg
falco_peregrinus,Peregrine Falcon,C:\Projects\raptor_australia\dataset\raw\falco_peregrinus\falco_peregrinus_327644764_593621011.jpg,train,falco_peregrinus_327644764_593621011.jpg
falco_peregrinus,Peregrine Falcon,C:\Projects\raptor_australia\dataset\raw\falco_peregrinus\falco_peregrinus_334325606_607109777.jpg,train,falco_peregrinus_334325606_607109777.jpg
falco_peregrinus,Peregrine Falcon,C:\Projects\raptor_australia\dataset\raw\falco_peregrinus\falco_peregrinus_327830683_593973181.jpg,train,falco_peregrinus_327830683_593973181.jpg
falco_peregrinus,Peregrine Falcon,C:\Projects\raptor_australia\dataset\raw\falco_peregrinus\falco_peregrinus_327981278_594242947.jpg,train,falco_peregrinus_327981278_594242947.jpg
falco_peregrinus,Peregrine Falcon,C:\Projects\raptor_australia\dataset\raw\falco_peregrinus\falco_peregrinus_335785361_610072767.jpg,train,falco_peregrinus_335785361_610072767.jpg
falco_peregrinus,Peregrine Falcon,C:\Projects\raptor_australia\dataset\raw\falco_peregrinus\falco_peregrinus_330434551_599187375.jpg,train,falco_peregrinus_330434551_599187375.jpg
falco_peregrinus,Peregrine Falcon,C:\Projects\raptor_australia\dataset\raw\falco_peregrinus\falco_peregrinus_331656499_601705965.jpg,train,falco_peregrinus_331656499_601705965.jpg
falco_peregrinus,Peregrine Falcon,C:\Projects\raptor_australia\dataset\raw\falco_peregrinus\falco_peregrinus_346104023_630843476.jpg,train,falco_peregrinus_346104023_630843476.jpg
falco_peregrinus,Peregrine Falcon,C:\Projects\raptor_australia\dataset\raw\falco_peregrinus\falco_peregrinus_327825085_594348955.jpg,train,falco_peregrinus_327825085_594348955.jpg
falco_peregrinus,Peregrine Falcon,C:\Projects\raptor_australia\dataset\raw\falco_peregrinus\falco_peregrinus_350691792_639894685.jpg,train,falco_peregrinus_350691792_639894685.jpg
falco_peregrinus,Peregrine Falcon,C:\Projects\raptor_australia\dataset\raw\falco_peregrinus\falco_peregrinus_341218358_621117404.jpg,train,falco_peregrinus_341218358_621117404.jpg
falco_peregrinus,Peregrine Falcon,C:\Projects\raptor_australia\dataset\raw\falco_peregrinus\falco_peregrinus_330944187_600237245.jpg,train,falco_peregrinus_330944187_600237245.jpg
falco_peregrinus,Peregrine Falcon,C:\Projects\raptor_australia\dataset\raw\falco_peregrinus\falco_peregrinus_346300991_631199666.jpg,train,falco_peregrinus_346300991_631199666.jpg
falco_peregrinus,Peregrine Falcon,C:\Projects\raptor_australia\dataset\raw\falco_peregrinus\falco_peregrinus_326957034_592253427.jpg,train,falco_peregrinus_326957034_592253427.jpg
falco_peregrinus,Peregrine Falcon,C:\Projects\raptor_australia\dataset\raw\falco_peregrinus\falco_peregrinus_328320037_594915252.jpg,train,falco_peregrinus_328320037_594915252.jpg
falco_peregrinus,Peregrine Falcon,C:\Projects\raptor_australia\dataset\raw\falco_peregrinus\falco_peregrinus_336394497_612088926.jpg,train,falco_peregrinus_336394497_612088926.jpg
falco_peregrinus,Peregrine Falcon,C:\Projects\raptor_australia\dataset\raw\falco_peregrinus\falco_peregrinus_334440565_607345469.jpg,train,falco_peregrinus_334440565_607345469.jpg
falco_peregrinus,Peregrine Falcon,C:\Projects\raptor_australia\dataset\raw\falco_peregrinus\falco_peregrinus_338513992_615633747.jpg,train,falco_peregrinus_338513992_615633747.jpg
falco_peregrinus,Peregrine Falcon,C:\Projects\raptor_australia\dataset\raw\falco_peregrinus\falco_peregrinus_334466953_607399652.jpg,train,falco_peregrinus_334466953_607399652.jpg
falco_peregrinus,Peregrine Falcon,C:\Projects\raptor_australia\dataset\raw\falco_peregrinus\falco_peregrinus_323413996_585190785.jpg,train,falco_peregrinus_323413996_585190785.jpg
falco_peregrinus,Peregrine Falcon,C:\Projects\raptor_australia\dataset\raw\falco_peregrinus\falco_peregrinus_331260134_600891746.jpg,train,falco_peregrinus_331260134_600891746.jpg
falco_peregrinus,Peregrine Falcon,C:\Projects\raptor_australia\dataset\raw\falco_peregrinus\falco_peregrinus_327627550_593585631.jpg,train,falco_peregrinus_327627550_593585631.jpg
falco_peregrinus,Peregrine Falcon,C:\Projects\raptor_australia\dataset\raw\falco_peregrinus\falco_peregrinus_337672022_613899451.jpg,train,falco_peregrinus_337672022_613899451.jpg
falco_peregrinus,Peregrine Falcon,C:\Projects\raptor_australia\dataset\raw\falco_peregrinus\falco_peregrinus_328018380_594309876.jpg,train,falco_peregrinus_328018380_594309876.jpg
falco_peregrinus,Peregrine Falcon,C:\Projects\raptor_australia\dataset\raw\falco_peregrinus\falco_peregrinus_341093631_620860213.jpg,train,falco_peregrinus_341093631_620860213.jpg
falco_peregrinus,Peregrine Falcon,C:\Projects\raptor_australia\dataset\raw\falco_peregrinus\falco_peregrinus_334103108_606649050.jpg,train,falco_peregrinus_334103108_606649050.jpg
falco_peregrinus,Peregrine Falcon,C:\Projects\raptor_australia\dataset\raw\falco_peregrinus\falco_peregrinus_348629310_635851472.jpg,train,falco_peregrinus_348629310_635851472.jpg
falco_peregrinus,Peregrine Falcon,C:\Projects\raptor_australia\dataset\raw\falco_peregrinus\falco_peregrinus_338403895_615404357.jpg,train,falco_peregrinus_338403895_615404357.jpg
falco_peregrinus,Peregrine Falcon,C:\Projects\raptor_australia\dataset\raw\falco_peregrinus\falco_peregrinus_330434557_599187420.jpg,train,falco_peregrinus_330434557_599187420.jpg
falco_peregrinus,Peregrine Falcon,C:\Projects\raptor_australia\dataset\raw\falco_peregrinus\falco_peregrinus_341641930_621990941.jpg,train,falco_peregrinus_341641930_621990941.jpg
falco_peregrinus,Peregrine Falcon,C:\Projects\raptor_australia\dataset\raw\falco_peregrinus\falco_peregrinus_342386130_623495172.jpg,train,falco_peregrinus_342386130_623495172.jpg
falco_peregrinus,Peregrine Falcon,C:\Projects\raptor_australia\dataset\raw\falco_peregrinus\falco_peregrinus_328182144_594640803.jpg,train,falco_peregrinus_328182144_594640803.jpg
falco_peregrinus,Peregrine Falcon,C:\Projects\raptor_australia\dataset\raw\falco_peregrinus\falco_peregrinus_335291628_609074070.jpg,train,falco_peregrinus_335291628_609074070.jpg
falco_peregrinus,Peregrine Falcon,C:\Projects\raptor_australia\dataset\raw\falco_peregrinus\falco_peregrinus_341323306_621332860.jpg,train,falco_peregrinus_341323306_621332860.jpg
falco_peregrinus,Peregrine Falcon,C:\Projects\raptor_australia\dataset\raw\falco_peregrinus\falco_peregrinus_330505838_599337163.jpg,train,falco_peregrinus_330505838_599337163.jpg
falco_peregrinus,Peregrine Falcon,C:\Projects\raptor_australia\dataset\raw\falco_peregrinus\falco_peregrinus_340544539_619741844.jpg,train,falco_peregrinus_340544539_619741844.jpg
falco_peregrinus,Peregrine Falcon,C:\Projects\raptor_australia\dataset\raw\falco_peregrinus\falco_peregrinus_330707689_599756354.jpg,train,falco_peregrinus_330707689_599756354.jpg
falco_peregrinus,Peregrine Falcon,C:\Projects\raptor_australia\dataset\raw\falco_peregrinus\falco_peregrinus_329527625_597496757.jpg,train,falco_peregrinus_329527625_597496757.jpg
falco_peregrinus,Peregrine Falcon,C:\Projects\raptor_australia\dataset\raw\falco_peregrinus\falco_peregrinus_323783028_585924358.jpg,train,falco_peregrinus_323783028_585924358.jpg
falco_peregrinus,Peregrine Falcon,C:\Projects\raptor_australia\dataset\raw\falco_peregrinus\falco_peregrinus_325928127_590202590.jpg,train,falco_peregrinus_325928127_590202590.jpg
falco_peregrinus,Peregrine Falcon,C:\Projects\raptor_australia\dataset\raw\falco_peregrinus\falco_peregrinus_331363500_601109234.jpg,train,falco_peregrinus_331363500_601109234.jpg
falco_peregrinus,Peregrine Falcon,C:\Projects\raptor_australia\dataset\raw\falco_peregrinus\falco_peregrinus_349451065_637472123.jpg,train,falco_peregrinus_349451065_637472123.jpg
falco_peregrinus,Peregrine Falcon,C:\Projects\raptor_australia\dataset\raw\falco_peregrinus\falco_peregrinus_337282146_613097399.jpg,train,falco_peregrinus_337282146_613097399.jpg
falco_peregrinus,Peregrine Falcon,C:\Projects\raptor_australia\dataset\raw\falco_peregrinus\falco_peregrinus_333679982_605794415.jpg,train,falco_peregrinus_333679982_605794415.jpg
falco_peregrinus,Peregrine Falcon,C:\Projects\raptor_australia\dataset\raw\falco_peregrinus\falco_peregrinus_330712884_599768053.jpg,train,falco_peregrinus_330712884_599768053.jpg
falco_peregrinus,Peregrine Falcon,C:\Projects\raptor_australia\dataset\raw\falco_peregrinus\falco_peregrinus_323628118_585617189.jpg,train,falco_peregrinus_323628118_585617189.jpg
falco_peregrinus,Peregrine Falcon,C:\Projects\raptor_australia\dataset\raw\falco_peregrinus\falco_peregrinus_332831327_604111514.jpg,train,falco_peregrinus_332831327_604111514.jpg
falco_peregrinus,Peregrine Falcon,C:\Projects\raptor_australia\dataset\raw\falco_peregrinus\falco_peregrinus_326733255_591807070.jpg,train,falco_peregrinus_326733255_591807070.jpg
falco_peregrinus,Peregrine Falcon,C:\Projects\raptor_australia\dataset\raw\falco_peregrinus\falco_peregrinus_335455875_609403822.jpg,train,falco_peregrinus_335455875_609403822.jpg
falco_peregrinus,Peregrine Falcon,C:\Projects\raptor_australia\dataset\raw\falco_peregrinus\falco_peregrinus_324668325_587686068.jpg,train,falco_peregrinus_324668325_587686068.jpg
falco_peregrinus,Peregrine Falcon,C:\Projects\raptor_australia\dataset\raw\falco_peregrinus\falco_peregrinus_325625488_589598000.jpg,train,falco_peregrinus_325625488_589598000.jpg
falco_peregrinus,Peregrine Falcon,C:\Projects\raptor_australia\dataset\raw\falco_peregrinus\falco_peregrinus_342392238_623501819.jpg,train,falco_peregrinus_342392238_623501819.jpg
falco_peregrinus,Peregrine Falcon,C:\Projects\raptor_australia\dataset\raw\falco_peregrinus\falco_peregrinus_333099758_604670978.jpg,train,falco_peregrinus_333099758_604670978.jpg
falco_peregrinus,Peregrine Falcon,C:\Projects\raptor_australia\dataset\raw\falco_peregrinus\falco_peregrinus_345717743_630063032.jpg,train,falco_peregrinus_345717743_630063032.jpg
falco_peregrinus,Peregrine Falcon,C:\Projects\raptor_australia\dataset\raw\falco_peregrinus\falco_peregrinus_335700702_609901610.jpg,train,falco_peregrinus_335700702_609901610.jpg
falco_peregrinus,Peregrine Falcon,C:\Projects\raptor_australia\dataset\raw\falco_peregrinus\falco_peregrinus_341185407_621049878.jpg,train,falco_peregrinus_341185407_621049878.jpg
falco_peregrinus,Peregrine Falcon,C:\Projects\raptor_australia\dataset\raw\falco_peregrinus\falco_peregrinus_331479635_601348974.jpg,train,falco_peregrinus_331479635_601348974.jpg
falco_peregrinus,Peregrine Falcon,C:\Projects\raptor_australia\dataset\raw\falco_peregrinus\falco_peregrinus_345620396_629898493.jpg,train,falco_peregrinus_345620396_629898493.jpg
falco_peregrinus,Peregrine Falcon,C:\Projects\raptor_australia\dataset\raw\falco_peregrinus\falco_peregrinus_349960631_638466782.jpg,train,falco_peregrinus_349960631_638466782.jpg
falco_peregrinus,Peregrine Falcon,C:\Projects\raptor_australia\dataset\raw\falco_peregrinus\falco_peregrinus_339681366_617977841.jpg,train,falco_peregrinus_339681366_617977841.jpg
falco_peregrinus,Peregrine Falcon,C:\Projects\raptor_australia\dataset\raw\falco_peregrinus\falco_peregrinus_334314481_607086738.jpg,train,falco_peregrinus_334314481_607086738.jpg
falco_peregrinus,Peregrine Falcon,C:\Projects\raptor_australia\dataset\raw\falco_peregrinus\falco_peregrinus_326132328_590611121.jpg,train,falco_peregrinus_326132328_590611121.jpg
falco_peregrinus,Peregrine Falcon,C:\Projects\raptor_australia\dataset\raw\falco_peregrinus\falco_peregrinus_336946406_612414993.jpg,train,falco_peregrinus_336946406_612414993.jpg
falco_peregrinus,Peregrine Falcon,C:\Projects\raptor_australia\dataset\raw\falco_peregrinus\falco_peregrinus_330327982_598967662.jpg,train,falco_peregrinus_330327982_598967662.jpg
falco_peregrinus,Peregrine Falcon,C:\Projects\raptor_australia\dataset\raw\falco_peregrinus\falco_peregrinus_322545645_583514109.jpg,train,falco_peregrinus_322545645_583514109.jpg
falco_peregrinus,Peregrine Falcon,C:\Projects\raptor_australia\dataset\raw\falco_peregrinus\falco_peregrinus_323792847_585943726.jpg,train,falco_peregrinus_323792847_585943726.jpg
falco_peregrinus,Peregrine Falcon,C:\Projects\raptor_australia\dataset\raw\falco_peregrinus\falco_peregrinus_328456263_595187913.jpg,train,falco_peregrinus_328456263_595187913.jpg
falco_peregrinus,Peregrine Falcon,C:\Projects\raptor_australia\dataset\raw\falco_peregrinus\falco_peregrinus_331279484_600935557.jpg,train,falco_peregrinus_331279484_600935557.jpg
falco_peregrinus,Peregrine Falcon,C:\Projects\raptor_australia\dataset\raw\falco_peregrinus\falco_peregrinus_339800283_618220495.jpg,train,falco_peregrinus_339800283_618220495.jpg
falco_peregrinus,Peregrine Falcon,C:\Projects\raptor_australia\dataset\raw\falco_peregrinus\falco_peregrinus_325307784_588965951.jpg,train,falco_peregrinus_325307784_588965951.jpg
falco_peregrinus,Peregrine Falcon,C:\Projects\raptor_australia\dataset\raw\falco_peregrinus\falco_peregrinus_324072935_586493918.jpg,train,falco_peregrinus_324072935_586493918.jpg
falco_peregrinus,Peregrine Falcon,C:\Projects\raptor_australia\dataset\raw\falco_peregrinus\falco_peregrinus_339397000_617405558.jpg,train,falco_peregrinus_339397000_617405558.jpg
falco_peregrinus,Peregrine Falcon,C:\Projects\raptor_australia\dataset\raw\falco_peregrinus\falco_peregrinus_328320033_594914756.jpg,train,falco_peregrinus_328320033_594914756.jpg
falco_peregrinus,Peregrine Falcon,C:\Projects\raptor_australia\dataset\raw\falco_peregrinus\falco_peregrinus_351844098_642123136.jpg,train,falco_peregrinus_351844098_642123136.jpg
falco_peregrinus,Peregrine Falcon,C:\Projects\raptor_australia\dataset\raw\falco_peregrinus\falco_peregrinus_332422897_603281126.jpg,train,falco_peregrinus_332422897_603281126.jpg
falco_peregrinus,Peregrine Falcon,C:\Projects\raptor_australia\dataset\raw\falco_peregrinus\falco_peregrinus_341463912_621624970.jpg,train,falco_peregrinus_341463912_621624970.jpg
falco_peregrinus,Peregrine Falcon,C:\Projects\raptor_australia\dataset\raw\falco_peregrinus\falco_peregrinus_339547909_617712473.jpg,train,falco_peregrinus_339547909_617712473.jpg
falco_peregrinus,Peregrine Falcon,C:\Projects\raptor_australia\dataset\raw\falco_peregrinus\falco_peregrinus_334309306_607077126.jpg,train,falco_peregrinus_334309306_607077126.jpg
falco_peregrinus,Peregrine Falcon,C:\Projects\raptor_australia\dataset\raw\falco_peregrinus\falco_peregrinus_335454090_609404279.jpg,train,falco_peregrinus_335454090_609404279.jpg
falco_peregrinus,Peregrine Falcon,C:\Projects\raptor_australia\dataset\raw\falco_peregrinus\falco_peregrinus_327649818_593630440.jpg,train,falco_peregrinus_327649818_593630440.jpg
falco_peregrinus,Peregrine Falcon,C:\Projects\raptor_australia\dataset\raw\falco_peregrinus\falco_peregrinus_330432448_599184260.jpg,train,falco_peregrinus_330432448_599184260.jpg
falco_peregrinus,Peregrine Falcon,C:\Projects\raptor_australia\dataset\raw\falco_peregrinus\falco_peregrinus_335799340_610101234.jpg,train,falco_peregrinus_335799340_610101234.jpg
falco_peregrinus,Peregrine Falcon,C:\Projects\raptor_australia\dataset\raw\falco_peregrinus\falco_peregrinus_327656970_593644758.jpg,train,falco_peregrinus_327656970_593644758.jpg
falco_peregrinus,Peregrine Falcon,C:\Projects\raptor_australia\dataset\raw\falco_peregrinus\falco_peregrinus_343457097_625645405.jpg,train,falco_peregrinus_343457097_625645405.jpg
falco_peregrinus,Peregrine Falcon,C:\Projects\raptor_australia\dataset\raw\falco_peregrinus\falco_peregrinus_328983135_596251765.jpg,train,falco_peregrinus_328983135_596251765.jpg
falco_peregrinus,Peregrine Falcon,C:\Projects\raptor_australia\dataset\raw\falco_peregrinus\falco_peregrinus_328339851_594952263.jpg,train,falco_peregrinus_328339851_594952263.jpg
falco_peregrinus,Peregrine Falcon,C:\Projects\raptor_australia\dataset\raw\falco_peregrinus\falco_peregrinus_326935189_592211212.jpg,train,falco_peregrinus_326935189_592211212.jpg
falco_peregrinus,Peregrine Falcon,C:\Projects\raptor_australia\dataset\raw\falco_peregrinus\falco_peregrinus_342142345_622996199.jpg,train,falco_peregrinus_342142345_622996199.jpg
falco_peregrinus,Peregrine Falcon,C:\Projects\raptor_australia\dataset\raw\falco_peregrinus\falco_peregrinus_336204742_610907347.jpg,train,falco_peregrinus_336204742_610907347.jpg
falco_peregrinus,Peregrine Falcon,C:\Projects\raptor_australia\dataset\raw\falco_peregrinus\falco_peregrinus_325604031_589548812.jpg,train,falco_peregrinus_325604031_589548812.jpg
falco_peregrinus,Peregrine Falcon,C:\Projects\raptor_australia\dataset\raw\falco_peregrinus\falco_peregrinus_340726294_620109276.jpg,train,falco_peregrinus_340726294_620109276.jpg
falco_peregrinus,Peregrine Falcon,C:\Projects\raptor_australia\dataset\raw\falco_peregrinus\falco_peregrinus_351940236_642314740.jpg,train,falco_peregrinus_351940236_642314740.jpg
falco_peregrinus,Peregrine Falcon,C:\Projects\raptor_australia\dataset\raw\falco_peregrinus\falco_peregrinus_345241929_629150973.jpg,train,falco_peregrinus_345241929_629150973.jpg
falco_peregrinus,Peregrine Falcon,C:\Projects\raptor_australia\dataset\raw\falco_peregrinus\falco_peregrinus_350756692_640025207.jpg,train,falco_peregrinus_350756692_640025207.jpg
falco_peregrinus,Peregrine Falcon,C:\Projects\raptor_australia\dataset\raw\falco_peregrinus\falco_peregrinus_343559489_625852879.jpg,train,falco_peregrinus_343559489_625852879.jpg
falco_peregrinus,Peregrine Falcon,C:\Projects\raptor_australia\dataset\raw\falco_peregrinus\falco_peregrinus_341630248_621965679.jpg,val,falco_peregrinus_341630248_621965679.jpg
falco_peregrinus,Peregrine Falcon,C:\Projects\raptor_australia\dataset\raw\falco_peregrinus\falco_peregrinus_325578701_589502585.jpg,val,falco_peregrinus_325578701_589502585.jpg
falco_peregrinus,Peregrine Falcon,C:\Projects\raptor_australia\dataset\raw\falco_peregrinus\falco_peregrinus_334931688_608344409.jpg,val,falco_peregrinus_334931688_608344409.jpg
falco_peregrinus,Peregrine Falcon,C:\Projects\raptor_australia\dataset\raw\falco_peregrinus\falco_peregrinus_341475468_621649633.jpg,val,falco_peregrinus_341475468_621649633.jpg
falco_peregrinus,Peregrine Falcon,C:\Projects\raptor_australia\dataset\raw\falco_peregrinus\falco_peregrinus_329405027_597098995.jpg,val,falco_peregrinus_329405027_597098995.jpg
falco_peregrinus,Peregrine Falcon,C:\Projects\raptor_australia\dataset\raw\falco_peregrinus\falco_peregrinus_332969947_604404865.jpg,val,falco_peregrinus_332969947_604404865.jpg
falco_peregrinus,Peregrine Falcon,C:\Projects\raptor_australia\dataset\raw\falco_peregrinus\falco_peregrinus_338541055_615691163.jpg,val,falco_peregrinus_338541055_615691163.jpg
falco_peregrinus,Peregrine Falcon,C:\Projects\raptor_australia\dataset\raw\falco_peregrinus\falco_peregrinus_335063330_608620023.jpg,val,falco_peregrinus_335063330_608620023.jpg
falco_peregrinus,Peregrine Falcon,C:\Projects\raptor_australia\dataset\raw\falco_peregrinus\falco_peregrinus_322560291_583544890.jpg,val,falco_peregrinus_322560291_583544890.jpg
falco_peregrinus,Peregrine Falcon,C:\Projects\raptor_australia\dataset\raw\falco_peregrinus\falco_peregrinus_345429810_629522703.jpg,val,falco_peregrinus_345429810_629522703.jpg
falco_peregrinus,Peregrine Falcon,C:\Projects\raptor_australia\dataset\raw\falco_peregrinus\falco_peregrinus_334691900_607853121.jpg,val,falco_peregrinus_334691900_607853121.jpg
falco_peregrinus,Peregrine Falcon,C:\Projects\raptor_australia\dataset\raw\falco_peregrinus\falco_peregrinus_350395734_639316159.jpg,val,falco_peregrinus_350395734_639316159.jpg
falco_peregrinus,Peregrine Falcon,C:\Projects\raptor_australia\dataset\raw\falco_peregrinus\falco_peregrinus_343236339_635411266.jpg,val,falco_peregrinus_343236339_635411266.jpg
falco_peregrinus,Peregrine Falcon,C:\Projects\raptor_australia\dataset\raw\falco_peregrinus\falco_peregrinus_343113766_625668918.jpg,val,falco_peregrinus_343113766_625668918.jpg
falco_peregrinus,Peregrine Falcon,C:\Projects\raptor_australia\dataset\raw\falco_peregrinus\falco_peregrinus_334068631_606587842.jpg,val,falco_peregrinus_334068631_606587842.jpg
falco_peregrinus,Peregrine Falcon,C:\Projects\raptor_australia\dataset\raw\falco_peregrinus\falco_peregrinus_333937855_606323018.jpg,val,falco_peregrinus_333937855_606323018.jpg
falco_peregrinus,Peregrine Falcon,C:\Projects\raptor_australia\dataset\raw\falco_peregrinus\falco_peregrinus_340228214_619104130.jpg,val,falco_peregrinus_340228214_619104130.jpg
falco_peregrinus,Peregrine Falcon,C:\Projects\raptor_australia\dataset\raw\falco_peregrinus\falco_peregrinus_352215678_642848872.jpg,val,falco_peregrinus_352215678_642848872.jpg
falco_peregrinus,Peregrine Falcon,C:\Projects\raptor_australia\dataset\raw\falco_peregrinus\falco_peregrinus_333113691_604698744.jpg,val,falco_peregrinus_333113691_604698744.jpg
falco_peregrinus,Peregrine Falcon,C:\Projects\raptor_australia\dataset\raw\falco_peregrinus\falco_peregrinus_336042061_610586284.jpg,val,falco_peregrinus_336042061_610586284.jpg
falco_peregrinus,Peregrine Falcon,C:\Projects\raptor_australia\dataset\raw\falco_peregrinus\falco_peregrinus_331907649_602220757.jpg,val,falco_peregrinus_331907649_602220757.jpg
falco_peregrinus,Peregrine Falcon,C:\Projects\raptor_australia\dataset\raw\falco_peregrinus\falco_peregrinus_351101753_640671709.jpg,val,falco_peregrinus_351101753_640671709.jpg
falco_peregrinus,Peregrine Falcon,C:\Projects\raptor_australia\dataset\raw\falco_peregrinus\falco_peregrinus_335571614_609641213.jpg,val,falco_peregrinus_335571614_609641213.jpg
falco_peregrinus,Peregrine Falcon,C:\Projects\raptor_australia\dataset\raw\falco_peregrinus\falco_peregrinus_347758569_634129843.jpg,val,falco_peregrinus_347758569_634129843.jpg
falco_peregrinus,Peregrine Falcon,C:\Projects\raptor_australia\dataset\raw\falco_peregrinus\falco_peregrinus_347777451_634166868.jpg,val,falco_peregrinus_347777451_634166868.jpg
falco_peregrinus,Peregrine Falcon,C:\Projects\raptor_australia\dataset\raw\falco_peregrinus\falco_peregrinus_343702055_626142158.jpg,val,falco_peregrinus_343702055_626142158.jpg
falco_peregrinus,Peregrine Falcon,C:\Projects\raptor_australia\dataset\raw\falco_peregrinus\falco_peregrinus_331288900_600954836.jpg,val,falco_peregrinus_331288900_600954836.jpg
falco_peregrinus,Peregrine Falcon,C:\Projects\raptor_australia\dataset\raw\falco_peregrinus\falco_peregrinus_352397614_643188777.jpg,val,falco_peregrinus_352397614_643188777.jpg
falco_peregrinus,Peregrine Falcon,C:\Projects\raptor_australia\dataset\raw\falco_peregrinus\falco_peregrinus_327648408_593627733.jpg,val,falco_peregrinus_327648408_593627733.jpg
falco_peregrinus,Peregrine Falcon,C:\Projects\raptor_australia\dataset\raw\falco_peregrinus\falco_peregrinus_347213127_633041117.jpg,val,falco_peregrinus_347213127_633041117.jpg
falco_peregrinus,Peregrine Falcon,C:\Projects\raptor_australia\dataset\raw\falco_peregrinus\falco_peregrinus_323157715_584718055.jpg,test,falco_peregrinus_323157715_584718055.jpg
falco_peregrinus,Peregrine Falcon,C:\Projects\raptor_australia\dataset\raw\falco_peregrinus\falco_peregrinus_326435921_591213265.jpg,test,falco_peregrinus_326435921_591213265.jpg
falco_peregrinus,Peregrine Falcon,C:\Projects\raptor_australia\dataset\raw\falco_peregrinus\falco_peregrinus_348954403_636496815.jpg,test,falco_peregrinus_348954403_636496815.jpg
falco_peregrinus,Peregrine Falcon,C:\Projects\raptor_australia\dataset\raw\falco_peregrinus\falco_peregrinus_341218783_621118425.jpg,test,falco_peregrinus_341218783_621118425.jpg
falco_peregrinus,Peregrine Falcon,C:\Projects\raptor_australia\dataset\raw\falco_peregrinus\falco_peregrinus_333928879_605864586.jpg,test,falco_peregrinus_333928879_605864586.jpg
falco_peregrinus,Peregrine Falcon,C:\Projects\raptor_australia\dataset\raw\falco_peregrinus\falco_peregrinus_328320036_594915161.jpg,test,falco_peregrinus_328320036_594915161.jpg
falco_peregrinus,Peregrine Falcon,C:\Projects\raptor_australia\dataset\raw\falco_peregrinus\falco_peregrinus_337385358_613310231.jpg,test,falco_peregrinus_337385358_613310231.jpg
falco_peregrinus,Peregrine Falcon,C:\Projects\raptor_australia\dataset\raw\falco_peregrinus\falco_peregrinus_332661829_603767607.jpg,test,falco_peregrinus_332661829_603767607.jpg
falco_peregrinus,Peregrine Falcon,C:\Projects\raptor_australia\dataset\raw\falco_peregrinus\falco_peregrinus_331857340_602115998.jpg,test,falco_peregrinus_331857340_602115998.jpg
falco_peregrinus,Peregrine Falcon,C:\Projects\raptor_australia\dataset\raw\falco_peregrinus\falco_peregrinus_334151990_606754241.jpg,test,falco_peregrinus_334151990_606754241.jpg
falco_peregrinus,Peregrine Falcon,C:\Projects\raptor_australia\dataset\raw\falco_peregrinus\falco_peregrinus_331176185_600719382.jpg,test,falco_peregrinus_331176185_600719382.jpg
falco_peregrinus,Peregrine Falcon,C:\Projects\raptor_australia\dataset\raw\falco_peregrinus\falco_peregrinus_332579409_603603837.jpg,test,falco_peregrinus_332579409_603603837.jpg
falco_peregrinus,Peregrine Falcon,C:\Projects\raptor_australia\dataset\raw\falco_peregrinus\falco_peregrinus_334180219_606813333.jpg,test,falco_peregrinus_334180219_606813333.jpg
falco_peregrinus,Peregrine Falcon,C:\Projects\raptor_australia\dataset\raw\falco_peregrinus\falco_peregrinus_345858790_630365128.jpg,test,falco_peregrinus_345858790_630365128.jpg
falco_peregrinus,Peregrine Falcon,C:\Projects\raptor_australia\dataset\raw\falco_peregrinus\falco_peregrinus_338882784_616361182.jpg,test,falco_peregrinus_338882784_616361182.jpg
falco_peregrinus,Peregrine Falcon,C:\Projects\raptor_australia\dataset\raw\falco_peregrinus\falco_peregrinus_351834487_642104379.jpg,test,falco_peregrinus_351834487_642104379.jpg
falco_peregrinus,Peregrine Falcon,C:\Projects\raptor_australia\dataset\raw\falco_peregrinus\falco_peregrinus_325117096_588586997.jpg,test,falco_peregrinus_325117096_588586997.jpg
falco_peregrinus,Peregrine Falcon,C:\Projects\raptor_australia\dataset\raw\falco_peregrinus\falco_peregrinus_331955691_602319217.jpg,test,falco_peregrinus_331955691_602319217.jpg
falco_peregrinus,Peregrine Falcon,C:\Projects\raptor_australia\dataset\raw\falco_peregrinus\falco_peregrinus_328042447_594359954.jpg,test,falco_peregrinus_328042447_594359954.jpg
falco_peregrinus,Peregrine Falcon,C:\Projects\raptor_australia\dataset\raw\falco_peregrinus\falco_peregrinus_338386054_615366118.jpg,test,falco_peregrinus_338386054_615366118.jpg
falco_peregrinus,Peregrine Falcon,C:\Projects\raptor_australia\dataset\raw\falco_peregrinus\falco_peregrinus_331784302_601967852.jpg,test,falco_peregrinus_331784302_601967852.jpg
falco_peregrinus,Peregrine Falcon,C:\Projects\raptor_australia\dataset\raw\falco_peregrinus\falco_peregrinus_326339651_591019146.jpg,test,falco_peregrinus_326339651_591019146.jpg
falco_peregrinus,Peregrine Falcon,C:\Projects\raptor_australia\dataset\raw\falco_peregrinus\falco_peregrinus_326405192_591150467.jpg,test,falco_peregrinus_326405192_591150467.jpg
falco_peregrinus,Peregrine Falcon,C:\Projects\raptor_australia\dataset\raw\falco_peregrinus\falco_peregrinus_330836585_600016595.jpg,test,falco_peregrinus_330836585_600016595.jpg
falco_peregrinus,Peregrine Falcon,C:\Projects\raptor_australia\dataset\raw\falco_peregrinus\falco_peregrinus_327050294_592438710.jpg,test,falco_peregrinus_327050294_592438710.jpg
falco_peregrinus,Peregrine Falcon,C:\Projects\raptor_australia\dataset\raw\falco_peregrinus\falco_peregrinus_343896829_626526333.jpg,test,falco_peregrinus_343896829_626526333.jpg
falco_peregrinus,Peregrine Falcon,C:\Projects\raptor_australia\dataset\raw\falco_peregrinus\falco_peregrinus_325644261_589635570.jpg,test,falco_peregrinus_325644261_589635570.jpg
falco_peregrinus,Peregrine Falcon,C:\Projects\raptor_australia\dataset\raw\falco_peregrinus\falco_peregrinus_329964789_598230215.jpg,test,falco_peregrinus_329964789_598230215.jpg
falco_peregrinus,Peregrine Falcon,C:\Projects\raptor_australia\dataset\raw\falco_peregrinus\falco_peregrinus_346550727_631731469.jpg,test,falco_peregrinus_346550727_631731469.jpg
falco_peregrinus,Peregrine Falcon,C:\Projects\raptor_australia\dataset\raw\falco_peregrinus\falco_peregrinus_343596117_625929775.jpg,test,falco_peregrinus_343596117_625929775.jpg
circus_assimilis,Spotted Harrier,C:\Projects\raptor_australia\dataset\raw\circus_assimilis\circus_assimilis_351388888_641244659.jpg,train,circus_assimilis_351388888_641244659.jpg
circus_assimilis,Spotted Harrier,C:\Projects\raptor_australia\dataset\raw\circus_assimilis\circus_assimilis_292340076_526075686.jpg,train,circus_assimilis_292340076_526075686.jpg
circus_assimilis,Spotted Harrier,C:\Projects\raptor_australia\dataset\raw\circus_assimilis\circus_assimilis_315726784_570384251.jpg,train,circus_assimilis_315726784_570384251.jpg
circus_assimilis,Spotted Harrier,C:\Projects\raptor_australia\dataset\raw\circus_assimilis\circus_assimilis_268516645_482672621.jpg,train,circus_assimilis_268516645_482672621.jpg
circus_assimilis,Spotted Harrier,C:\Projects\raptor_australia\dataset\raw\circus_assimilis\circus_assimilis_351645063_641738481.jpg,train,circus_assimilis_351645063_641738481.jpg
circus_assimilis,Spotted Harrier,C:\Projects\raptor_australia\dataset\raw\circus_assimilis\circus_assimilis_329802860_597900720.jpg,train,circus_assimilis_329802860_597900720.jpg
circus_assimilis,Spotted Harrier,C:\Projects\raptor_australia\dataset\raw\circus_assimilis\circus_assimilis_305124012_550119161.jpg,train,circus_assimilis_305124012_550119161.jpg
circus_assimilis,Spotted Harrier,C:\Projects\raptor_australia\dataset\raw\circus_assimilis\circus_assimilis_316407348_571657009.jpg,train,circus_assimilis_316407348_571657009.jpg
circus_assimilis,Spotted Harrier,C:\Projects\raptor_australia\dataset\raw\circus_assimilis\circus_assimilis_270126088_485761983.jpg,train,circus_assimilis_270126088_485761983.jpg
circus_assimilis,Spotted Harrier,C:\Projects\raptor_australia\dataset\raw\circus_assimilis\circus_assimilis_288925032_519632746.jpg,train,circus_assimilis_288925032_519632746.jpg
circus_assimilis,Spotted Harrier,C:\Projects\raptor_australia\dataset\raw\circus_assimilis\circus_assimilis_340407020_619465380.jpg,train,circus_assimilis_340407020_619465380.jpg
circus_assimilis,Spotted Harrier,C:\Projects\raptor_australia\dataset\raw\circus_assimilis\circus_assimilis_347665407_633935393.jpg,train,circus_assimilis_347665407_633935393.jpg
circus_assimilis,Spotted Harrier,C:\Projects\raptor_australia\dataset\raw\circus_assimilis\circus_assimilis_280981798_504709502.jpg,train,circus_assimilis_280981798_504709502.jpg
circus_assimilis,Spotted Harrier,C:\Projects\raptor_australia\dataset\raw\circus_assimilis\circus_assimilis_324065487_586477693.jpg,train,circus_assimilis_324065487_586477693.jpg
circus_assimilis,Spotted Harrier,C:\Projects\raptor_australia\dataset\raw\circus_assimilis\circus_assimilis_296432112_533760938.jpg,train,circus_assimilis_296432112_533760938.jpg
circus_assimilis,Spotted Harrier,C:\Projects\raptor_australia\dataset\raw\circus_assimilis\circus_assimilis_351683347_641814449.jpg,train,circus_assimilis_351683347_641814449.jpg
circus_assimilis,Spotted Harrier,C:\Projects\raptor_australia\dataset\raw\circus_assimilis\circus_assimilis_293659185_528513061.jpg,train,circus_assimilis_293659185_528513061.jpg
circus_assimilis,Spotted Harrier,C:\Projects\raptor_australia\dataset\raw\circus_assimilis\circus_assimilis_308347888_556295738.jpg,train,circus_assimilis_308347888_556295738.jpg
circus_assimilis,Spotted Harrier,C:\Projects\raptor_australia\dataset\raw\circus_assimilis\circus_assimilis_341817404_622341761.jpg,train,circus_assimilis_341817404_622341761.jpg
circus_assimilis,Spotted Harrier,C:\Projects\raptor_australia\dataset\raw\circus_assimilis\circus_assimilis_336904181_612327253.jpg,train,circus_assimilis_336904181_612327253.jpg
circus_assimilis,Spotted Harrier,C:\Projects\raptor_australia\dataset\raw\circus_assimilis\circus_assimilis_306368987_552489671.jpg,train,circus_assimilis_306368987_552489671.jpg
circus_assimilis,Spotted Harrier,C:\Projects\raptor_australia\dataset\raw\circus_assimilis\circus_assimilis_311869779_563023852.jpg,train,circus_assimilis_311869779_563023852.jpg
circus_assimilis,Spotted Harrier,C:\Projects\raptor_australia\dataset\raw\circus_assimilis\circus_assimilis_328171203_594618583.jpg,train,circus_assimilis_328171203_594618583.jpg
circus_assimilis,Spotted Harrier,C:\Projects\raptor_australia\dataset\raw\circus_assimilis\circus_assimilis_265653706_477205350.jpg,train,circus_assimilis_265653706_477205350.jpg
circus_assimilis,Spotted Harrier,C:\Projects\raptor_australia\dataset\raw\circus_assimilis\circus_assimilis_297217394_535257622.jpg,train,circus_assimilis_297217394_535257622.jpg
circus_assimilis,Spotted Harrier,C:\Projects\raptor_australia\dataset\raw\circus_assimilis\circus_assimilis_289934112_521517350.jpg,train,circus_assimilis_289934112_521517350.jpg
circus_assimilis,Spotted Harrier,C:\Projects\raptor_australia\dataset\raw\circus_assimilis\circus_assimilis_280061163_502960092.jpg,train,circus_assimilis_280061163_502960092.jpg
circus_assimilis,Spotted Harrier,C:\Projects\raptor_australia\dataset\raw\circus_assimilis\circus_assimilis_338497828_615597687.jpg,train,circus_assimilis_338497828_615597687.jpg
circus_assimilis,Spotted Harrier,C:\Projects\raptor_australia\dataset\raw\circus_assimilis\circus_assimilis_330131087_598571522.jpg,train,circus_assimilis_330131087_598571522.jpg
circus_assimilis,Spotted Harrier,C:\Projects\raptor_australia\dataset\raw\circus_assimilis\circus_assimilis_337442263_613422906.jpg,train,circus_assimilis_337442263_613422906.jpg
circus_assimilis,Spotted Harrier,C:\Projects\raptor_australia\dataset\raw\circus_assimilis\circus_assimilis_330057774_598418700.jpg,train,circus_assimilis_330057774_598418700.jpg
circus_assimilis,Spotted Harrier,C:\Projects\raptor_australia\dataset\raw\circus_assimilis\circus_assimilis_271396443_488183002.jpg,train,circus_assimilis_271396443_488183002.jpg
circus_assimilis,Spotted Harrier,C:\Projects\raptor_australia\dataset\raw\circus_assimilis\circus_assimilis_332013561_602439413.jpg,train,circus_assimilis_332013561_602439413.jpg
circus_assimilis,Spotted Harrier,C:\Projects\raptor_australia\dataset\raw\circus_assimilis\circus_assimilis_349879941_638299485.jpg,train,circus_assimilis_349879941_638299485.jpg
circus_assimilis,Spotted Harrier,C:\Projects\raptor_australia\dataset\raw\circus_assimilis\circus_assimilis_324977578_588310464.jpg,train,circus_assimilis_324977578_588310464.jpg
circus_assimilis,Spotted Harrier,C:\Projects\raptor_australia\dataset\raw\circus_assimilis\circus_assimilis_310381981_560177668.jpg,train,circus_assimilis_310381981_560177668.jpg
circus_assimilis,Spotted Harrier,C:\Projects\raptor_australia\dataset\raw\circus_assimilis\circus_assimilis_265525551_476955734.jpg,train,circus_assimilis_265525551_476955734.jpg
circus_assimilis,Spotted Harrier,C:\Projects\raptor_australia\dataset\raw\circus_assimilis\circus_assimilis_350683450_639881787.jpg,train,circus_assimilis_350683450_639881787.jpg
circus_assimilis,Spotted Harrier,C:\Projects\raptor_australia\dataset\raw\circus_assimilis\circus_assimilis_263824263_474022043.jpg,train,circus_assimilis_263824263_474022043.jpg
circus_assimilis,Spotted Harrier,C:\Projects\raptor_australia\dataset\raw\circus_assimilis\circus_assimilis_332932075_604325990.jpg,train,circus_assimilis_332932075_604325990.jpg
circus_assimilis,Spotted Harrier,C:\Projects\raptor_australia\dataset\raw\circus_assimilis\circus_assimilis_337900747_614368448.jpg,train,circus_assimilis_337900747_614368448.jpg
circus_assimilis,Spotted Harrier,C:\Projects\raptor_australia\dataset\raw\circus_assimilis\circus_assimilis_300886976_542166408.jpg,train,circus_assimilis_300886976_542166408.jpg
circus_assimilis,Spotted Harrier,C:\Projects\raptor_australia\dataset\raw\circus_assimilis\circus_assimilis_267851038_481400951.jpg,train,circus_assimilis_267851038_481400951.jpg
circus_assimilis,Spotted Harrier,C:\Projects\raptor_australia\dataset\raw\circus_assimilis\circus_assimilis_331910034_602224963.jpg,train,circus_assimilis_331910034_602224963.jpg
circus_assimilis,Spotted Harrier,C:\Projects\raptor_australia\dataset\raw\circus_assimilis\circus_assimilis_281690912_506048752.jpg,train,circus_assimilis_281690912_506048752.jpg
circus_assimilis,Spotted Harrier,C:\Projects\raptor_australia\dataset\raw\circus_assimilis\circus_assimilis_317709838_574127696.jpg,train,circus_assimilis_317709838_574127696.jpg
circus_assimilis,Spotted Harrier,C:\Projects\raptor_australia\dataset\raw\circus_assimilis\circus_assimilis_268878212_483367199.jpg,train,circus_assimilis_268878212_483367199.jpg
circus_assimilis,Spotted Harrier,C:\Projects\raptor_australia\dataset\raw\circus_assimilis\circus_assimilis_272157565_489622841.jpg,train,circus_assimilis_272157565_489622841.jpg
circus_assimilis,Spotted Harrier,C:\Projects\raptor_australia\dataset\raw\circus_assimilis\circus_assimilis_337909688_614387467.jpg,train,circus_assimilis_337909688_614387467.jpg
circus_assimilis,Spotted Harrier,C:\Projects\raptor_australia\dataset\raw\circus_assimilis\circus_assimilis_337196747_612925407.jpg,train,circus_assimilis_337196747_612925407.jpg
circus_assimilis,Spotted Harrier,C:\Projects\raptor_australia\dataset\raw\circus_assimilis\circus_assimilis_325407380_589156101.jpg,train,circus_assimilis_325407380_589156101.jpg
circus_assimilis,Spotted Harrier,C:\Projects\raptor_australia\dataset\raw\circus_assimilis\circus_assimilis_332711861_603864297.jpg,train,circus_assimilis_332711861_603864297.jpg
circus_assimilis,Spotted Harrier,C:\Projects\raptor_australia\dataset\raw\circus_assimilis\circus_assimilis_312137149_563526690.jpg,train,circus_assimilis_312137149_563526690.jpg
circus_assimilis,Spotted Harrier,C:\Projects\raptor_australia\dataset\raw\circus_assimilis\circus_assimilis_293940309_529035486.jpg,train,circus_assimilis_293940309_529035486.jpg
circus_assimilis,Spotted Harrier,C:\Projects\raptor_australia\dataset\raw\circus_assimilis\circus_assimilis_325845772_590039833.jpg,train,circus_assimilis_325845772_590039833.jpg
circus_assimilis,Spotted Harrier,C:\Projects\raptor_australia\dataset\raw\circus_assimilis\circus_assimilis_336194190_610880964.jpg,train,circus_assimilis_336194190_610880964.jpg
circus_assimilis,Spotted Harrier,C:\Projects\raptor_australia\dataset\raw\circus_assimilis\circus_assimilis_332652110_603749992.jpg,train,circus_assimilis_332652110_603749992.jpg
circus_assimilis,Spotted Harrier,C:\Projects\raptor_australia\dataset\raw\circus_assimilis\circus_assimilis_331910033_602224964.jpg,train,circus_assimilis_331910033_602224964.jpg
circus_assimilis,Spotted Harrier,C:\Projects\raptor_australia\dataset\raw\circus_assimilis\circus_assimilis_289193008_520129119.jpg,train,circus_assimilis_289193008_520129119.jpg
circus_assimilis,Spotted Harrier,C:\Projects\raptor_australia\dataset\raw\circus_assimilis\circus_assimilis_344132274_626988520.jpg,train,circus_assimilis_344132274_626988520.jpg
circus_assimilis,Spotted Harrier,C:\Projects\raptor_australia\dataset\raw\circus_assimilis\circus_assimilis_314776744_568569353.jpg,train,circus_assimilis_314776744_568569353.jpg
circus_assimilis,Spotted Harrier,C:\Projects\raptor_australia\dataset\raw\circus_assimilis\circus_assimilis_334035543_606519201.jpg,train,circus_assimilis_334035543_606519201.jpg
circus_assimilis,Spotted Harrier,C:\Projects\raptor_australia\dataset\raw\circus_assimilis\circus_assimilis_327954589_594191630.jpg,train,circus_assimilis_327954589_594191630.jpg
circus_assimilis,Spotted Harrier,C:\Projects\raptor_australia\dataset\raw\circus_assimilis\circus_assimilis_272910308_490974781.jpg,train,circus_assimilis_272910308_490974781.jpg
circus_assimilis,Spotted Harrier,C:\Projects\raptor_australia\dataset\raw\circus_assimilis\circus_assimilis_335179449_608849261.jpg,train,circus_assimilis_335179449_608849261.jpg
circus_assimilis,Spotted Harrier,C:\Projects\raptor_australia\dataset\raw\circus_assimilis\circus_assimilis_268327554_482307342.jpg,train,circus_assimilis_268327554_482307342.jpg
circus_assimilis,Spotted Harrier,C:\Projects\raptor_australia\dataset\raw\circus_assimilis\circus_assimilis_320320273_579131684.jpg,train,circus_assimilis_320320273_579131684.jpg
circus_assimilis,Spotted Harrier,C:\Projects\raptor_australia\dataset\raw\circus_assimilis\circus_assimilis_325644281_589637638.jpg,train,circus_assimilis_325644281_589637638.jpg
circus_assimilis,Spotted Harrier,C:\Projects\raptor_australia\dataset\raw\circus_assimilis\circus_assimilis_352675090_643604070.jpg,train,circus_assimilis_352675090_643604070.jpg
circus_assimilis,Spotted Harrier,C:\Projects\raptor_australia\dataset\raw\circus_assimilis\circus_assimilis_332843689_604138992.jpg,train,circus_assimilis_332843689_604138992.jpg
circus_assimilis,Spotted Harrier,C:\Projects\raptor_australia\dataset\raw\circus_assimilis\circus_assimilis_282553248_507650637.jpg,train,circus_assimilis_282553248_507650637.jpg
circus_assimilis,Spotted Harrier,C:\Projects\raptor_australia\dataset\raw\circus_assimilis\circus_assimilis_306419619_552531327.jpg,train,circus_assimilis_306419619_552531327.jpg
circus_assimilis,Spotted Harrier,C:\Projects\raptor_australia\dataset\raw\circus_assimilis\circus_assimilis_322761527_583940101.jpg,train,circus_assimilis_322761527_583940101.jpg
circus_assimilis,Spotted Harrier,C:\Projects\raptor_australia\dataset\raw\circus_assimilis\circus_assimilis_329500928_597280418.jpg,train,circus_assimilis_329500928_597280418.jpg
circus_assimilis,Spotted Harrier,C:\Projects\raptor_australia\dataset\raw\circus_assimilis\circus_assimilis_332123278_602666176.jpg,train,circus_assimilis_332123278_602666176.jpg
circus_assimilis,Spotted Harrier,C:\Projects\raptor_australia\dataset\raw\circus_assimilis\circus_assimilis_277962121_499104215.jpg,train,circus_assimilis_277962121_499104215.jpg
circus_assimilis,Spotted Harrier,C:\Projects\raptor_australia\dataset\raw\circus_assimilis\circus_assimilis_287474622_516901252.jpg,train,circus_assimilis_287474622_516901252.jpg
circus_assimilis,Spotted Harrier,C:\Projects\raptor_australia\dataset\raw\circus_assimilis\circus_assimilis_347167117_632958172.jpg,train,circus_assimilis_347167117_632958172.jpg
circus_assimilis,Spotted Harrier,C:\Projects\raptor_australia\dataset\raw\circus_assimilis\circus_assimilis_293682970_528558576.jpg,train,circus_assimilis_293682970_528558576.jpg
circus_assimilis,Spotted Harrier,C:\Projects\raptor_australia\dataset\raw\circus_assimilis\circus_assimilis_279166312_501294517.jpg,train,circus_assimilis_279166312_501294517.jpg
circus_assimilis,Spotted Harrier,C:\Projects\raptor_australia\dataset\raw\circus_assimilis\circus_assimilis_289180957_520105000.jpg,train,circus_assimilis_289180957_520105000.jpg
circus_assimilis,Spotted Harrier,C:\Projects\raptor_australia\dataset\raw\circus_assimilis\circus_assimilis_350471197_639469894.jpg,train,circus_assimilis_350471197_639469894.jpg
circus_assimilis,Spotted Harrier,C:\Projects\raptor_australia\dataset\raw\circus_assimilis\circus_assimilis_351639939_641727459.jpg,train,circus_assimilis_351639939_641727459.jpg
circus_assimilis,Spotted Harrier,C:\Projects\raptor_australia\dataset\raw\circus_assimilis\circus_assimilis_346258831_631150907.jpg,train,circus_assimilis_346258831_631150907.jpg
circus_assimilis,Spotted Harrier,C:\Projects\raptor_australia\dataset\raw\circus_assimilis\circus_assimilis_270135694_485782256.jpg,train,circus_assimilis_270135694_485782256.jpg
circus_assimilis,Spotted Harrier,C:\Projects\raptor_australia\dataset\raw\circus_assimilis\circus_assimilis_271817204_488968896.jpg,train,circus_assimilis_271817204_488968896.jpg
circus_assimilis,Spotted Harrier,C:\Projects\raptor_australia\dataset\raw\circus_assimilis\circus_assimilis_266726088_479241170.jpg,train,circus_assimilis_266726088_479241170.jpg
circus_assimilis,Spotted Harrier,C:\Projects\raptor_australia\dataset\raw\circus_assimilis\circus_assimilis_264146105_474630386.jpg,train,circus_assimilis_264146105_474630386.jpg
circus_assimilis,Spotted Harrier,C:\Projects\raptor_australia\dataset\raw\circus_assimilis\circus_assimilis_328831932_595948282.jpg,train,circus_assimilis_328831932_595948282.jpg
circus_assimilis,Spotted Harrier,C:\Projects\raptor_australia\dataset\raw\circus_assimilis\circus_assimilis_294763186_530586862.jpg,train,circus_assimilis_294763186_530586862.jpg
circus_assimilis,Spotted Harrier,C:\Projects\raptor_australia\dataset\raw\circus_assimilis\circus_assimilis_306361719_552476160.jpg,train,circus_assimilis_306361719_552476160.jpg
circus_assimilis,Spotted Harrier,C:\Projects\raptor_australia\dataset\raw\circus_assimilis\circus_assimilis_282842808_508195110.jpg,train,circus_assimilis_282842808_508195110.jpg
circus_assimilis,Spotted Harrier,C:\Projects\raptor_australia\dataset\raw\circus_assimilis\circus_assimilis_313781251_566680233.jpg,train,circus_assimilis_313781251_566680233.jpg
circus_assimilis,Spotted Harrier,C:\Projects\raptor_australia\dataset\raw\circus_assimilis\circus_assimilis_295586948_532137762.jpg,train,circus_assimilis_295586948_532137762.jpg
circus_assimilis,Spotted Harrier,C:\Projects\raptor_australia\dataset\raw\circus_assimilis\circus_assimilis_336067848_610839711.jpg,train,circus_assimilis_336067848_610839711.jpg
circus_assimilis,Spotted Harrier,C:\Projects\raptor_australia\dataset\raw\circus_assimilis\circus_assimilis_300324975_541118389.jpg,train,circus_assimilis_300324975_541118389.jpg
circus_assimilis,Spotted Harrier,C:\Projects\raptor_australia\dataset\raw\circus_assimilis\circus_assimilis_280740344_504251768.jpg,train,circus_assimilis_280740344_504251768.jpg
circus_assimilis,Spotted Harrier,C:\Projects\raptor_australia\dataset\raw\circus_assimilis\circus_assimilis_308129849_555572312.jpg,train,circus_assimilis_308129849_555572312.jpg
circus_assimilis,Spotted Harrier,C:\Projects\raptor_australia\dataset\raw\circus_assimilis\circus_assimilis_314501778_568041612.jpg,train,circus_assimilis_314501778_568041612.jpg
circus_assimilis,Spotted Harrier,C:\Projects\raptor_australia\dataset\raw\circus_assimilis\circus_assimilis_320539778_579549909.jpg,train,circus_assimilis_320539778_579549909.jpg
circus_assimilis,Spotted Harrier,C:\Projects\raptor_australia\dataset\raw\circus_assimilis\circus_assimilis_270124502_485759301.jpg,train,circus_assimilis_270124502_485759301.jpg
circus_assimilis,Spotted Harrier,C:\Projects\raptor_australia\dataset\raw\circus_assimilis\circus_assimilis_332405204_603245798.jpg,train,circus_assimilis_332405204_603245798.jpg
circus_assimilis,Spotted Harrier,C:\Projects\raptor_australia\dataset\raw\circus_assimilis\circus_assimilis_263857089_474091646.jpg,train,circus_assimilis_263857089_474091646.jpg
circus_assimilis,Spotted Harrier,C:\Projects\raptor_australia\dataset\raw\circus_assimilis\circus_assimilis_305877314_551549726.jpg,train,circus_assimilis_305877314_551549726.jpg
circus_assimilis,Spotted Harrier,C:\Projects\raptor_australia\dataset\raw\circus_assimilis\circus_assimilis_348920632_636425123.jpg,train,circus_assimilis_348920632_636425123.jpg
circus_assimilis,Spotted Harrier,C:\Projects\raptor_australia\dataset\raw\circus_assimilis\circus_assimilis_328864697_596015374.jpg,train,circus_assimilis_328864697_596015374.jpg
circus_assimilis,Spotted Harrier,C:\Projects\raptor_australia\dataset\raw\circus_assimilis\circus_assimilis_289427597_520573505.jpg,train,circus_assimilis_289427597_520573505.jpg
circus_assimilis,Spotted Harrier,C:\Projects\raptor_australia\dataset\raw\circus_assimilis\circus_assimilis_271081207_487577737.jpg,train,circus_assimilis_271081207_487577737.jpg
circus_assimilis,Spotted Harrier,C:\Projects\raptor_australia\dataset\raw\circus_assimilis\circus_assimilis_306366086_552484445.jpg,train,circus_assimilis_306366086_552484445.jpg
circus_assimilis,Spotted Harrier,C:\Projects\raptor_australia\dataset\raw\circus_assimilis\circus_assimilis_270592402_486654788.jpg,train,circus_assimilis_270592402_486654788.jpg
circus_assimilis,Spotted Harrier,C:\Projects\raptor_australia\dataset\raw\circus_assimilis\circus_assimilis_295901991_532742023.jpg,train,circus_assimilis_295901991_532742023.jpg
circus_assimilis,Spotted Harrier,C:\Projects\raptor_australia\dataset\raw\circus_assimilis\circus_assimilis_329133021_596552899.jpg,train,circus_assimilis_329133021_596552899.jpg
circus_assimilis,Spotted Harrier,C:\Projects\raptor_australia\dataset\raw\circus_assimilis\circus_assimilis_314501770_568041586.jpg,train,circus_assimilis_314501770_568041586.jpg
circus_assimilis,Spotted Harrier,C:\Projects\raptor_australia\dataset\raw\circus_assimilis\circus_assimilis_305943920_551299740.jpg,train,circus_assimilis_305943920_551299740.jpg
circus_assimilis,Spotted Harrier,C:\Projects\raptor_australia\dataset\raw\circus_assimilis\circus_assimilis_269919850_485375720.jpg,train,circus_assimilis_269919850_485375720.jpg
circus_assimilis,Spotted Harrier,C:\Projects\raptor_australia\dataset\raw\circus_assimilis\circus_assimilis_320111628_578731733.jpg,train,circus_assimilis_320111628_578731733.jpg
circus_assimilis,Spotted Harrier,C:\Projects\raptor_australia\dataset\raw\circus_assimilis\circus_assimilis_297532070_535846022.jpg,train,circus_assimilis_297532070_535846022.jpg
circus_assimilis,Spotted Harrier,C:\Projects\raptor_australia\dataset\raw\circus_assimilis\circus_assimilis_352554664_643444808.jpg,train,circus_assimilis_352554664_643444808.jpg
circus_assimilis,Spotted Harrier,C:\Projects\raptor_australia\dataset\raw\circus_assimilis\circus_assimilis_316851958_572495370.jpg,train,circus_assimilis_316851958_572495370.jpg
circus_assimilis,Spotted Harrier,C:\Projects\raptor_australia\dataset\raw\circus_assimilis\circus_assimilis_276589473_496678323.jpg,train,circus_assimilis_276589473_496678323.jpg
circus_assimilis,Spotted Harrier,C:\Projects\raptor_australia\dataset\raw\circus_assimilis\circus_assimilis_279877306_502624637.jpg,train,circus_assimilis_279877306_502624637.jpg
circus_assimilis,Spotted Harrier,C:\Projects\raptor_australia\dataset\raw\circus_assimilis\circus_assimilis_292769115_526889913.jpg,train,circus_assimilis_292769115_526889913.jpg
circus_assimilis,Spotted Harrier,C:\Projects\raptor_australia\dataset\raw\circus_assimilis\circus_assimilis_345867407_630368639.jpg,train,circus_assimilis_345867407_630368639.jpg
circus_assimilis,Spotted Harrier,C:\Projects\raptor_australia\dataset\raw\circus_assimilis\circus_assimilis_288065499_518002031.jpg,train,circus_assimilis_288065499_518002031.jpg
circus_assimilis,Spotted Harrier,C:\Projects\raptor_australia\dataset\raw\circus_assimilis\circus_assimilis_282823257_508158771.jpg,train,circus_assimilis_282823257_508158771.jpg
circus_assimilis,Spotted Harrier,C:\Projects\raptor_australia\dataset\raw\circus_assimilis\circus_assimilis_316698444_572216063.jpg,train,circus_assimilis_316698444_572216063.jpg
circus_assimilis,Spotted Harrier,C:\Projects\raptor_australia\dataset\raw\circus_assimilis\circus_assimilis_340744710_620141811.jpg,train,circus_assimilis_340744710_620141811.jpg
circus_assimilis,Spotted Harrier,C:\Projects\raptor_australia\dataset\raw\circus_assimilis\circus_assimilis_300887768_542164287.jpg,train,circus_assimilis_300887768_542164287.jpg
circus_assimilis,Spotted Harrier,C:\Projects\raptor_australia\dataset\raw\circus_assimilis\circus_assimilis_330944457_600236090.jpg,train,circus_assimilis_330944457_600236090.jpg
circus_assimilis,Spotted Harrier,C:\Projects\raptor_australia\dataset\raw\circus_assimilis\circus_assimilis_269790058_485260122.jpg,train,circus_assimilis_269790058_485260122.jpg
circus_assimilis,Spotted Harrier,C:\Projects\raptor_australia\dataset\raw\circus_assimilis\circus_assimilis_315502643_569919698.jpg,train,circus_assimilis_315502643_569919698.jpg
circus_assimilis,Spotted Harrier,C:\Projects\raptor_australia\dataset\raw\circus_assimilis\circus_assimilis_291098091_523720051.jpg,train,circus_assimilis_291098091_523720051.jpg
circus_assimilis,Spotted Harrier,C:\Projects\raptor_australia\dataset\raw\circus_assimilis\circus_assimilis_287511958_516974446.jpg,train,circus_assimilis_287511958_516974446.jpg
circus_assimilis,Spotted Harrier,C:\Projects\raptor_australia\dataset\raw\circus_assimilis\circus_assimilis_337303931_613141785.jpg,train,circus_assimilis_337303931_613141785.jpg
circus_assimilis,Spotted Harrier,C:\Projects\raptor_australia\dataset\raw\circus_assimilis\circus_assimilis_323783097_585924577.jpg,train,circus_assimilis_323783097_585924577.jpg
circus_assimilis,Spotted Harrier,C:\Projects\raptor_australia\dataset\raw\circus_assimilis\circus_assimilis_303604262_547230145.jpg,train,circus_assimilis_303604262_547230145.jpg
circus_assimilis,Spotted Harrier,C:\Projects\raptor_australia\dataset\raw\circus_assimilis\circus_assimilis_287836133_517579462.jpg,train,circus_assimilis_287836133_517579462.jpg
circus_assimilis,Spotted Harrier,C:\Projects\raptor_australia\dataset\raw\circus_assimilis\circus_assimilis_306364452_552480982.jpg,train,circus_assimilis_306364452_552480982.jpg
circus_assimilis,Spotted Harrier,C:\Projects\raptor_australia\dataset\raw\circus_assimilis\circus_assimilis_278205589_499534851.jpg,train,circus_assimilis_278205589_499534851.jpg
circus_assimilis,Spotted Harrier,C:\Projects\raptor_australia\dataset\raw\circus_assimilis\circus_assimilis_337263779_613059764.jpg,train,circus_assimilis_337263779_613059764.jpg
circus_assimilis,Spotted Harrier,C:\Projects\raptor_australia\dataset\raw\circus_assimilis\circus_assimilis_326013045_590373272.jpg,train,circus_assimilis_326013045_590373272.jpg
circus_assimilis,Spotted Harrier,C:\Projects\raptor_australia\dataset\raw\circus_assimilis\circus_assimilis_300892415_542171594.jpg,train,circus_assimilis_300892415_542171594.jpg
circus_assimilis,Spotted Harrier,C:\Projects\raptor_australia\dataset\raw\circus_assimilis\circus_assimilis_293940299_529035325.jpg,train,circus_assimilis_293940299_529035325.jpg
circus_assimilis,Spotted Harrier,C:\Projects\raptor_australia\dataset\raw\circus_assimilis\circus_assimilis_298074313_536772500.jpg,train,circus_assimilis_298074313_536772500.jpg
circus_assimilis,Spotted Harrier,C:\Projects\raptor_australia\dataset\raw\circus_assimilis\circus_assimilis_318757424_576124081.jpg,train,circus_assimilis_318757424_576124081.jpg
circus_assimilis,Spotted Harrier,C:\Projects\raptor_australia\dataset\raw\circus_assimilis\circus_assimilis_304144865_548264126.jpg,train,circus_assimilis_304144865_548264126.jpg
circus_assimilis,Spotted Harrier,C:\Projects\raptor_australia\dataset\raw\circus_assimilis\circus_assimilis_330207312_598727213.jpg,train,circus_assimilis_330207312_598727213.jpg
circus_assimilis,Spotted Harrier,C:\Projects\raptor_australia\dataset\raw\circus_assimilis\circus_assimilis_339373748_617356504.jpg,train,circus_assimilis_339373748_617356504.jpg
circus_assimilis,Spotted Harrier,C:\Projects\raptor_australia\dataset\raw\circus_assimilis\circus_assimilis_293091015_526535373.jpg,train,circus_assimilis_293091015_526535373.jpg
circus_assimilis,Spotted Harrier,C:\Projects\raptor_australia\dataset\raw\circus_assimilis\circus_assimilis_305877996_551551028.jpg,train,circus_assimilis_305877996_551551028.jpg
circus_assimilis,Spotted Harrier,C:\Projects\raptor_australia\dataset\raw\circus_assimilis\circus_assimilis_328325782_594926707.jpg,train,circus_assimilis_328325782_594926707.jpg
circus_assimilis,Spotted Harrier,C:\Projects\raptor_australia\dataset\raw\circus_assimilis\circus_assimilis_323727243_585801686.jpg,train,circus_assimilis_323727243_585801686.jpg
circus_assimilis,Spotted Harrier,C:\Projects\raptor_australia\dataset\raw\circus_assimilis\circus_assimilis_332869075_604191318.jpg,train,circus_assimilis_332869075_604191318.jpg
circus_assimilis,Spotted Harrier,C:\Projects\raptor_australia\dataset\raw\circus_assimilis\circus_assimilis_343759408_626259157.jpg,train,circus_assimilis_343759408_626259157.jpg
circus_assimilis,Spotted Harrier,C:\Projects\raptor_australia\dataset\raw\circus_assimilis\circus_assimilis_293091048_526535706.jpg,train,circus_assimilis_293091048_526535706.jpg
circus_assimilis,Spotted Harrier,C:\Projects\raptor_australia\dataset\raw\circus_assimilis\circus_assimilis_328171184_594618559.jpg,train,circus_assimilis_328171184_594618559.jpg
circus_assimilis,Spotted Harrier,C:\Projects\raptor_australia\dataset\raw\circus_assimilis\circus_assimilis_324302356_586949227.jpg,train,circus_assimilis_324302356_586949227.jpg
circus_assimilis,Spotted Harrier,C:\Projects\raptor_australia\dataset\raw\circus_assimilis\circus_assimilis_270152731_485815436.jpg,train,circus_assimilis_270152731_485815436.jpg
circus_assimilis,Spotted Harrier,C:\Projects\raptor_australia\dataset\raw\circus_assimilis\circus_assimilis_313042831_565271597.jpg,train,circus_assimilis_313042831_565271597.jpg
circus_assimilis,Spotted Harrier,C:\Projects\raptor_australia\dataset\raw\circus_assimilis\circus_assimilis_346957310_632535842.jpg,train,circus_assimilis_346957310_632535842.jpg
circus_assimilis,Spotted Harrier,C:\Projects\raptor_australia\dataset\raw\circus_assimilis\circus_assimilis_270130456_485771028.jpg,train,circus_assimilis_270130456_485771028.jpg
circus_assimilis,Spotted Harrier,C:\Projects\raptor_australia\dataset\raw\circus_assimilis\circus_assimilis_283591674_509585725.jpg,train,circus_assimilis_283591674_509585725.jpg
circus_assimilis,Spotted Harrier,C:\Projects\raptor_australia\dataset\raw\circus_assimilis\circus_assimilis_315468597_569891479.jpg,train,circus_assimilis_315468597_569891479.jpg
circus_assimilis,Spotted Harrier,C:\Projects\raptor_australia\dataset\raw\circus_assimilis\circus_assimilis_333567876_605615992.jpg,train,circus_assimilis_333567876_605615992.jpg
circus_assimilis,Spotted Harrier,C:\Projects\raptor_australia\dataset\raw\circus_assimilis\circus_assimilis_269266792_484122677.jpg,train,circus_assimilis_269266792_484122677.jpg
circus_assimilis,Spotted Harrier,C:\Projects\raptor_australia\dataset\raw\circus_assimilis\circus_assimilis_280171547_503176435.jpg,train,circus_assimilis_280171547_503176435.jpg
circus_assimilis,Spotted Harrier,C:\Projects\raptor_australia\dataset\raw\circus_assimilis\circus_assimilis_295799015_532543555.jpg,train,circus_assimilis_295799015_532543555.jpg
circus_assimilis,Spotted Harrier,C:\Projects\raptor_australia\dataset\raw\circus_assimilis\circus_assimilis_295065541_531158133.jpg,train,circus_assimilis_295065541_531158133.jpg
circus_assimilis,Spotted Harrier,C:\Projects\raptor_australia\dataset\raw\circus_assimilis\circus_assimilis_311454605_562239684.jpg,train,circus_assimilis_311454605_562239684.jpg
circus_assimilis,Spotted Harrier,C:\Projects\raptor_australia\dataset\raw\circus_assimilis\circus_assimilis_350732280_639980378.jpg,train,circus_assimilis_350732280_639980378.jpg
circus_assimilis,Spotted Harrier,C:\Projects\raptor_australia\dataset\raw\circus_assimilis\circus_assimilis_333286285_605047897.jpg,train,circus_assimilis_333286285_605047897.jpg
circus_assimilis,Spotted Harrier,C:\Projects\raptor_australia\dataset\raw\circus_assimilis\circus_assimilis_311636765_562586026.jpg,train,circus_assimilis_311636765_562586026.jpg
circus_assimilis,Spotted Harrier,C:\Projects\raptor_australia\dataset\raw\circus_assimilis\circus_assimilis_270135481_485781833.jpg,train,circus_assimilis_270135481_485781833.jpg
circus_assimilis,Spotted Harrier,C:\Projects\raptor_australia\dataset\raw\circus_assimilis\circus_assimilis_289738620_521155259.jpg,train,circus_assimilis_289738620_521155259.jpg
circus_assimilis,Spotted Harrier,C:\Projects\raptor_australia\dataset\raw\circus_assimilis\circus_assimilis_347181819_632987662.jpg,train,circus_assimilis_347181819_632987662.jpg
circus_assimilis,Spotted Harrier,C:\Projects\raptor_australia\dataset\raw\circus_assimilis\circus_assimilis_335808936_610121518.jpg,train,circus_assimilis_335808936_610121518.jpg
circus_assimilis,Spotted Harrier,C:\Projects\raptor_australia\dataset\raw\circus_assimilis\circus_assimilis_320791948_580056886.jpg,train,circus_assimilis_320791948_580056886.jpg
circus_assimilis,Spotted Harrier,C:\Projects\raptor_australia\dataset\raw\circus_assimilis\circus_assimilis_313943044_566986707.jpg,train,circus_assimilis_313943044_566986707.jpg
circus_assimilis,Spotted Harrier,C:\Projects\raptor_australia\dataset\raw\circus_assimilis\circus_assimilis_339547351_617711325.jpg,train,circus_assimilis_339547351_617711325.jpg
circus_assimilis,Spotted Harrier,C:\Projects\raptor_australia\dataset\raw\circus_assimilis\circus_assimilis_293955010_529063114.jpg,train,circus_assimilis_293955010_529063114.jpg
circus_assimilis,Spotted Harrier,C:\Projects\raptor_australia\dataset\raw\circus_assimilis\circus_assimilis_285294715_512802176.jpg,train,circus_assimilis_285294715_512802176.jpg
circus_assimilis,Spotted Harrier,C:\Projects\raptor_australia\dataset\raw\circus_assimilis\circus_assimilis_323537805_585430603.jpg,train,circus_assimilis_323537805_585430603.jpg
circus_assimilis,Spotted Harrier,C:\Projects\raptor_australia\dataset\raw\circus_assimilis\circus_assimilis_335458925_609414702.jpg,train,circus_assimilis_335458925_609414702.jpg
circus_assimilis,Spotted Harrier,C:\Projects\raptor_australia\dataset\raw\circus_assimilis\circus_assimilis_281401042_505489285.jpg,train,circus_assimilis_281401042_505489285.jpg
circus_assimilis,Spotted Harrier,C:\Projects\raptor_australia\dataset\raw\circus_assimilis\circus_assimilis_333546566_605574998.jpg,train,circus_assimilis_333546566_605574998.jpg
circus_assimilis,Spotted Harrier,C:\Projects\raptor_australia\dataset\raw\circus_assimilis\circus_assimilis_270148521_485808182.jpg,train,circus_assimilis_270148521_485808182.jpg
circus_assimilis,Spotted Harrier,C:\Projects\raptor_australia\dataset\raw\circus_assimilis\circus_assimilis_337724063_614003845.jpg,train,circus_assimilis_337724063_614003845.jpg
circus_assimilis,Spotted Harrier,C:\Projects\raptor_australia\dataset\raw\circus_assimilis\circus_assimilis_302487373_545143251.jpg,train,circus_assimilis_302487373_545143251.jpg
circus_assimilis,Spotted Harrier,C:\Projects\raptor_australia\dataset\raw\circus_assimilis\circus_assimilis_335171071_608825421.jpg,train,circus_assimilis_335171071_608825421.jpg
circus_assimilis,Spotted Harrier,C:\Projects\raptor_australia\dataset\raw\circus_assimilis\circus_assimilis_283285266_509009405.jpg,train,circus_assimilis_283285266_509009405.jpg
circus_assimilis,Spotted Harrier,C:\Projects\raptor_australia\dataset\raw\circus_assimilis\circus_assimilis_349494253_637558781.jpg,train,circus_assimilis_349494253_637558781.jpg
circus_assimilis,Spotted Harrier,C:\Projects\raptor_australia\dataset\raw\circus_assimilis\circus_assimilis_334584294_607638938.jpg,train,circus_assimilis_334584294_607638938.jpg
circus_assimilis,Spotted Harrier,C:\Projects\raptor_australia\dataset\raw\circus_assimilis\circus_assimilis_264577650_475097119.jpg,train,circus_assimilis_264577650_475097119.jpg
circus_assimilis,Spotted Harrier,C:\Projects\raptor_australia\dataset\raw\circus_assimilis\circus_assimilis_280694144_504157898.jpg,train,circus_assimilis_280694144_504157898.jpg
circus_assimilis,Spotted Harrier,C:\Projects\raptor_australia\dataset\raw\circus_assimilis\circus_assimilis_283857709_510087324.jpg,train,circus_assimilis_283857709_510087324.jpg
circus_assimilis,Spotted Harrier,C:\Projects\raptor_australia\dataset\raw\circus_assimilis\circus_assimilis_336905903_612331153.jpg,train,circus_assimilis_336905903_612331153.jpg
circus_assimilis,Spotted Harrier,C:\Projects\raptor_australia\dataset\raw\circus_assimilis\circus_assimilis_326952915_592245393.jpg,train,circus_assimilis_326952915_592245393.jpg
circus_assimilis,Spotted Harrier,C:\Projects\raptor_australia\dataset\raw\circus_assimilis\circus_assimilis_351035694_640547122.jpg,train,circus_assimilis_351035694_640547122.jpg
circus_assimilis,Spotted Harrier,C:\Projects\raptor_australia\dataset\raw\circus_assimilis\circus_assimilis_328441285_595158124.jpg,train,circus_assimilis_328441285_595158124.jpg
circus_assimilis,Spotted Harrier,C:\Projects\raptor_australia\dataset\raw\circus_assimilis\circus_assimilis_337909510_614387024.jpg,train,circus_assimilis_337909510_614387024.jpg
circus_assimilis,Spotted Harrier,C:\Projects\raptor_australia\dataset\raw\circus_assimilis\circus_assimilis_268874485_483359880.jpg,train,circus_assimilis_268874485_483359880.jpg
circus_assimilis,Spotted Harrier,C:\Projects\raptor_australia\dataset\raw\circus_assimilis\circus_assimilis_316678978_572180644.jpg,train,circus_assimilis_316678978_572180644.jpg
circus_assimilis,Spotted Harrier,C:\Projects\raptor_australia\dataset\raw\circus_assimilis\circus_assimilis_281947233_506516033.jpg,train,circus_assimilis_281947233_506516033.jpg
circus_assimilis,Spotted Harrier,C:\Projects\raptor_australia\dataset\raw\circus_assimilis\circus_assimilis_293320668_527934549.jpg,train,circus_assimilis_293320668_527934549.jpg
circus_assimilis,Spotted Harrier,C:\Projects\raptor_australia\dataset\raw\circus_assimilis\circus_assimilis_267042469_479852388.jpg,train,circus_assimilis_267042469_479852388.jpg
circus_assimilis,Spotted Harrier,C:\Projects\raptor_australia\dataset\raw\circus_assimilis\circus_assimilis_306913339_553523930.jpg,train,circus_assimilis_306913339_553523930.jpg
circus_assimilis,Spotted Harrier,C:\Projects\raptor_australia\dataset\raw\circus_assimilis\circus_assimilis_326124749_590594755.jpg,train,circus_assimilis_326124749_590594755.jpg
circus_assimilis,Spotted Harrier,C:\Projects\raptor_australia\dataset\raw\circus_assimilis\circus_assimilis_264449370_474877135.jpg,train,circus_assimilis_264449370_474877135.jpg
circus_assimilis,Spotted Harrier,C:\Projects\raptor_australia\dataset\raw\circus_assimilis\circus_assimilis_348920629_636425112.jpg,train,circus_assimilis_348920629_636425112.jpg
circus_assimilis,Spotted Harrier,C:\Projects\raptor_australia\dataset\raw\circus_assimilis\circus_assimilis_269591764_484747141.jpg,train,circus_assimilis_269591764_484747141.jpg
circus_assimilis,Spotted Harrier,C:\Projects\raptor_australia\dataset\raw\circus_assimilis\circus_assimilis_284214996_510764249.jpg,train,circus_assimilis_284214996_510764249.jpg
circus_assimilis,Spotted Harrier,C:\Projects\raptor_australia\dataset\raw\circus_assimilis\circus_assimilis_297219068_535260638.jpg,train,circus_assimilis_297219068_535260638.jpg
circus_assimilis,Spotted Harrier,C:\Projects\raptor_australia\dataset\raw\circus_assimilis\circus_assimilis_326669527_591677338.jpg,train,circus_assimilis_326669527_591677338.jpg
circus_assimilis,Spotted Harrier,C:\Projects\raptor_australia\dataset\raw\circus_assimilis\circus_assimilis_288065496_518001966.jpg,train,circus_assimilis_288065496_518001966.jpg
circus_assimilis,Spotted Harrier,C:\Projects\raptor_australia\dataset\raw\circus_assimilis\circus_assimilis_332843687_604138770.jpg,train,circus_assimilis_332843687_604138770.jpg
circus_assimilis,Spotted Harrier,C:\Projects\raptor_australia\dataset\raw\circus_assimilis\circus_assimilis_339683464_617984316.jpg,train,circus_assimilis_339683464_617984316.jpg
circus_assimilis,Spotted Harrier,C:\Projects\raptor_australia\dataset\raw\circus_assimilis\circus_assimilis_336655293_611824606.jpg,train,circus_assimilis_336655293_611824606.jpg
circus_assimilis,Spotted Harrier,C:\Projects\raptor_australia\dataset\raw\circus_assimilis\circus_assimilis_332242981_602912729.jpg,train,circus_assimilis_332242981_602912729.jpg
circus_assimilis,Spotted Harrier,C:\Projects\raptor_australia\dataset\raw\circus_assimilis\circus_assimilis_300892411_542171492.jpg,train,circus_assimilis_300892411_542171492.jpg
circus_assimilis,Spotted Harrier,C:\Projects\raptor_australia\dataset\raw\circus_assimilis\circus_assimilis_281200404_505167826.jpg,train,circus_assimilis_281200404_505167826.jpg
circus_assimilis,Spotted Harrier,C:\Projects\raptor_australia\dataset\raw\circus_assimilis\circus_assimilis_291323446_524147796.jpg,train,circus_assimilis_291323446_524147796.jpg
circus_assimilis,Spotted Harrier,C:\Projects\raptor_australia\dataset\raw\circus_assimilis\circus_assimilis_295270242_531539484.jpg,train,circus_assimilis_295270242_531539484.jpg
circus_assimilis,Spotted Harrier,C:\Projects\raptor_australia\dataset\raw\circus_assimilis\circus_assimilis_286256102_514597852.jpg,train,circus_assimilis_286256102_514597852.jpg
circus_assimilis,Spotted Harrier,C:\Projects\raptor_australia\dataset\raw\circus_assimilis\circus_assimilis_267038093_479843937.jpg,train,circus_assimilis_267038093_479843937.jpg
circus_assimilis,Spotted Harrier,C:\Projects\raptor_australia\dataset\raw\circus_assimilis\circus_assimilis_279091313_501154641.jpg,train,circus_assimilis_279091313_501154641.jpg
circus_assimilis,Spotted Harrier,C:\Projects\raptor_australia\dataset\raw\circus_assimilis\circus_assimilis_346559884_631748560.jpg,train,circus_assimilis_346559884_631748560.jpg
circus_assimilis,Spotted Harrier,C:\Projects\raptor_australia\dataset\raw\circus_assimilis\circus_assimilis_332246944_602921311.jpg,train,circus_assimilis_332246944_602921311.jpg
circus_assimilis,Spotted Harrier,C:\Projects\raptor_australia\dataset\raw\circus_assimilis\circus_assimilis_270919366_487273300.jpg,train,circus_assimilis_270919366_487273300.jpg
circus_assimilis,Spotted Harrier,C:\Projects\raptor_australia\dataset\raw\circus_assimilis\circus_assimilis_345853528_630352880.jpg,train,circus_assimilis_345853528_630352880.jpg
circus_assimilis,Spotted Harrier,C:\Projects\raptor_australia\dataset\raw\circus_assimilis\circus_assimilis_316223777_571323054.jpg,train,circus_assimilis_316223777_571323054.jpg
circus_assimilis,Spotted Harrier,C:\Projects\raptor_australia\dataset\raw\circus_assimilis\circus_assimilis_269592391_484748153.jpg,train,circus_assimilis_269592391_484748153.jpg
circus_assimilis,Spotted Harrier,C:\Projects\raptor_australia\dataset\raw\circus_assimilis\circus_assimilis_334132828_606715570.jpg,train,circus_assimilis_334132828_606715570.jpg
circus_assimilis,Spotted Harrier,C:\Projects\raptor_australia\dataset\raw\circus_assimilis\circus_assimilis_343970472_626674891.jpg,train,circus_assimilis_343970472_626674891.jpg
circus_assimilis,Spotted Harrier,C:\Projects\raptor_australia\dataset\raw\circus_assimilis\circus_assimilis_308942165_557433629.jpg,train,circus_assimilis_308942165_557433629.jpg
circus_assimilis,Spotted Harrier,C:\Projects\raptor_australia\dataset\raw\circus_assimilis\circus_assimilis_312159179_563567601.jpg,train,circus_assimilis_312159179_563567601.jpg
circus_assimilis,Spotted Harrier,C:\Projects\raptor_australia\dataset\raw\circus_assimilis\circus_assimilis_295630396_532227180.jpg,train,circus_assimilis_295630396_532227180.jpg
circus_assimilis,Spotted Harrier,C:\Projects\raptor_australia\dataset\raw\circus_assimilis\circus_assimilis_333538453_605558075.jpg,train,circus_assimilis_333538453_605558075.jpg
circus_assimilis,Spotted Harrier,C:\Projects\raptor_australia\dataset\raw\circus_assimilis\circus_assimilis_265210862_476335672.jpg,train,circus_assimilis_265210862_476335672.jpg
circus_assimilis,Spotted Harrier,C:\Projects\raptor_australia\dataset\raw\circus_assimilis\circus_assimilis_306419614_552515543.jpg,train,circus_assimilis_306419614_552515543.jpg
circus_assimilis,Spotted Harrier,C:\Projects\raptor_australia\dataset\raw\circus_assimilis\circus_assimilis_315121178_569230531.jpg,train,circus_assimilis_315121178_569230531.jpg
circus_assimilis,Spotted Harrier,C:\Projects\raptor_australia\dataset\raw\circus_assimilis\circus_assimilis_347471249_633557531.jpg,train,circus_assimilis_347471249_633557531.jpg
circus_assimilis,Spotted Harrier,C:\Projects\raptor_australia\dataset\raw\circus_assimilis\circus_assimilis_333669476_605769537.jpg,val,circus_assimilis_333669476_605769537.jpg
circus_assimilis,Spotted Harrier,C:\Projects\raptor_australia\dataset\raw\circus_assimilis\circus_assimilis_300892417_542171690.jpg,val,circus_assimilis_300892417_542171690.jpg
circus_assimilis,Spotted Harrier,C:\Projects\raptor_australia\dataset\raw\circus_assimilis\circus_assimilis_340283466_619197738.jpg,val,circus_assimilis_340283466_619197738.jpg
circus_assimilis,Spotted Harrier,C:\Projects\raptor_australia\dataset\raw\circus_assimilis\circus_assimilis_274545318_493542658.jpg,val,circus_assimilis_274545318_493542658.jpg
circus_assimilis,Spotted Harrier,C:\Projects\raptor_australia\dataset\raw\circus_assimilis\circus_assimilis_324674598_587699049.jpg,val,circus_assimilis_324674598_587699049.jpg
circus_assimilis,Spotted Harrier,C:\Projects\raptor_australia\dataset\raw\circus_assimilis\circus_assimilis_296146176_533213252.jpg,val,circus_assimilis_296146176_533213252.jpg
circus_assimilis,Spotted Harrier,C:\Projects\raptor_australia\dataset\raw\circus_assimilis\circus_assimilis_329006647_596298384.jpg,val,circus_assimilis_329006647_596298384.jpg
circus_assimilis,Spotted Harrier,C:\Projects\raptor_australia\dataset\raw\circus_assimilis\circus_assimilis_319532689_577612696.jpg,val,circus_assimilis_319532689_577612696.jpg
circus_assimilis,Spotted Harrier,C:\Projects\raptor_australia\dataset\raw\circus_assimilis\circus_assimilis_348830873_636254249.jpg,val,circus_assimilis_348830873_636254249.jpg
circus_assimilis,Spotted Harrier,C:\Projects\raptor_australia\dataset\raw\circus_assimilis\circus_assimilis_292839899_527028180.jpg,val,circus_assimilis_292839899_527028180.jpg
circus_assimilis,Spotted Harrier,C:\Projects\raptor_australia\dataset\raw\circus_assimilis\circus_assimilis_295610805_532182274.jpg,val,circus_assimilis_295610805_532182274.jpg
circus_assimilis,Spotted Harrier,C:\Projects\raptor_australia\dataset\raw\circus_assimilis\circus_assimilis_265491365_476887653.jpg,val,circus_assimilis_265491365_476887653.jpg
circus_assimilis,Spotted Harrier,C:\Projects\raptor_australia\dataset\raw\circus_assimilis\circus_assimilis_303884587_547765653.jpg,val,circus_assimilis_303884587_547765653.jpg
circus_assimilis,Spotted Harrier,C:\Projects\raptor_australia\dataset\raw\circus_assimilis\circus_assimilis_298109906_536945632.jpg,val,circus_assimilis_298109906_536945632.jpg
circus_assimilis,Spotted Harrier,C:\Projects\raptor_australia\dataset\raw\circus_assimilis\circus_assimilis_348856120_636306523.jpg,val,circus_assimilis_348856120_636306523.jpg
circus_assimilis,Spotted Harrier,C:\Projects\raptor_australia\dataset\raw\circus_assimilis\circus_assimilis_337741635_614040972.jpg,val,circus_assimilis_337741635_614040972.jpg
circus_assimilis,Spotted Harrier,C:\Projects\raptor_australia\dataset\raw\circus_assimilis\circus_assimilis_336647578_611806831.jpg,val,circus_assimilis_336647578_611806831.jpg
circus_assimilis,Spotted Harrier,C:\Projects\raptor_australia\dataset\raw\circus_assimilis\circus_assimilis_299344173_539294911.jpg,val,circus_assimilis_299344173_539294911.jpg
circus_assimilis,Spotted Harrier,C:\Projects\raptor_australia\dataset\raw\circus_assimilis\circus_assimilis_331150898_600668274.jpg,val,circus_assimilis_331150898_600668274.jpg
circus_assimilis,Spotted Harrier,C:\Projects\raptor_australia\dataset\raw\circus_assimilis\circus_assimilis_339953990_618535165.jpg,val,circus_assimilis_339953990_618535165.jpg
circus_assimilis,Spotted Harrier,C:\Projects\raptor_australia\dataset\raw\circus_assimilis\circus_assimilis_312164540_563575276.jpg,val,circus_assimilis_312164540_563575276.jpg
circus_assimilis,Spotted Harrier,C:\Projects\raptor_australia\dataset\raw\circus_assimilis\circus_assimilis_323552382_585463940.jpg,val,circus_assimilis_323552382_585463940.jpg
circus_assimilis,Spotted Harrier,C:\Projects\raptor_australia\dataset\raw\circus_assimilis\circus_assimilis_264411024_474839203.jpg,val,circus_assimilis_264411024_474839203.jpg
circus_assimilis,Spotted Harrier,C:\Projects\raptor_australia\dataset\raw\circus_assimilis\circus_assimilis_335802405_610107996.jpg,val,circus_assimilis_335802405_610107996.jpg
circus_assimilis,Spotted Harrier,C:\Projects\raptor_australia\dataset\raw\circus_assimilis\circus_assimilis_327198295_592728615.jpg,val,circus_assimilis_327198295_592728615.jpg
circus_assimilis,Spotted Harrier,C:\Projects\raptor_australia\dataset\raw\circus_assimilis\circus_assimilis_265680369_477259307.jpg,val,circus_assimilis_265680369_477259307.jpg
circus_assimilis,Spotted Harrier,C:\Projects\raptor_australia\dataset\raw\circus_assimilis\circus_assimilis_328278401_594828782.jpg,val,circus_assimilis_328278401_594828782.jpg
circus_assimilis,Spotted Harrier,C:\Projects\raptor_australia\dataset\raw\circus_assimilis\circus_assimilis_331784162_601967094.jpg,val,circus_assimilis_331784162_601967094.jpg
circus_assimilis,Spotted Harrier,C:\Projects\raptor_australia\dataset\raw\circus_assimilis\circus_assimilis_296440300_533777776.jpg,val,circus_assimilis_296440300_533777776.jpg
circus_assimilis,Spotted Harrier,C:\Projects\raptor_australia\dataset\raw\circus_assimilis\circus_assimilis_270158342_485826262.jpg,val,circus_assimilis_270158342_485826262.jpg
circus_assimilis,Spotted Harrier,C:\Projects\raptor_australia\dataset\raw\circus_assimilis\circus_assimilis_344346611_627401077.jpg,test,circus_assimilis_344346611_627401077.jpg
circus_assimilis,Spotted Harrier,C:\Projects\raptor_australia\dataset\raw\circus_assimilis\circus_assimilis_334481675_607427840.jpg,test,circus_assimilis_334481675_607427840.jpg
circus_assimilis,Spotted Harrier,C:\Projects\raptor_australia\dataset\raw\circus_assimilis\circus_assimilis_316851981_572496234.jpg,test,circus_assimilis_316851981_572496234.jpg
circus_assimilis,Spotted Harrier,C:\Projects\raptor_australia\dataset\raw\circus_assimilis\circus_assimilis_329821443_597938851.jpg,test,circus_assimilis_329821443_597938851.jpg
circus_assimilis,Spotted Harrier,C:\Projects\raptor_australia\dataset\raw\circus_assimilis\circus_assimilis_330944201_600238514.jpg,test,circus_assimilis_330944201_600238514.jpg
circus_assimilis,Spotted Harrier,C:\Projects\raptor_australia\dataset\raw\circus_assimilis\circus_assimilis_270161274_485831120.jpg,test,circus_assimilis_270161274_485831120.jpg
circus_assimilis,Spotted Harrier,C:\Projects\raptor_australia\dataset\raw\circus_assimilis\circus_assimilis_297818041_536388943.jpg,test,circus_assimilis_297818041_536388943.jpg
circus_assimilis,Spotted Harrier,C:\Projects\raptor_australia\dataset\raw\circus_assimilis\circus_assimilis_289445153_520607968.jpg,test,circus_assimilis_289445153_520607968.jpg
circus_assimilis,Spotted Harrier,C:\Projects\raptor_australia\dataset\raw\circus_assimilis\circus_assimilis_328151711_594577422.jpg,test,circus_assimilis_328151711_594577422.jpg
circus_assimilis,Spotted Harrier,C:\Projects\raptor_australia\dataset\raw\circus_assimilis\circus_assimilis_300892416_542171702.jpg,test,circus_assimilis_300892416_542171702.jpg
circus_assimilis,Spotted Harrier,C:\Projects\raptor_australia\dataset\raw\circus_assimilis\circus_assimilis_289436793_520591664.jpg,test,circus_assimilis_289436793_520591664.jpg
circus_assimilis,Spotted Harrier,C:\Projects\raptor_australia\dataset\raw\circus_assimilis\circus_assimilis_287836888_517580894.jpg,test,circus_assimilis_287836888_517580894.jpg
circus_assimilis,Spotted Harrier,C:\Projects\raptor_australia\dataset\raw\circus_assimilis\circus_assimilis_273760167_492292259.jpg,test,circus_assimilis_273760167_492292259.jpg
circus_assimilis,Spotted Harrier,C:\Projects\raptor_australia\dataset\raw\circus_assimilis\circus_assimilis_345541015_629733317.jpg,test,circus_assimilis_345541015_629733317.jpg
circus_assimilis,Spotted Harrier,C:\Projects\raptor_australia\dataset\raw\circus_assimilis\circus_assimilis_315739047_570403216.jpg,test,circus_assimilis_315739047_570403216.jpg
circus_assimilis,Spotted Harrier,C:\Projects\raptor_australia\dataset\raw\circus_assimilis\circus_assimilis_317955948_574597905.jpg,test,circus_assimilis_317955948_574597905.jpg
circus_assimilis,Spotted Harrier,C:\Projects\raptor_australia\dataset\raw\circus_assimilis\circus_assimilis_306931830_553560595.jpg,test,circus_assimilis_306931830_553560595.jpg
circus_assimilis,Spotted Harrier,C:\Projects\raptor_australia\dataset\raw\circus_assimilis\circus_assimilis_301446905_543205914.jpg,test,circus_assimilis_301446905_543205914.jpg
circus_assimilis,Spotted Harrier,C:\Projects\raptor_australia\dataset\raw\circus_assimilis\circus_assimilis_310641291_560665380.jpg,test,circus_assimilis_310641291_560665380.jpg
circus_assimilis,Spotted Harrier,C:\Projects\raptor_australia\dataset\raw\circus_assimilis\circus_assimilis_272604691_490441059.jpg,test,circus_assimilis_272604691_490441059.jpg
circus_assimilis,Spotted Harrier,C:\Projects\raptor_australia\dataset\raw\circus_assimilis\circus_assimilis_332801694_604049797.jpg,test,circus_assimilis_332801694_604049797.jpg
circus_assimilis,Spotted Harrier,C:\Projects\raptor_australia\dataset\raw\circus_assimilis\circus_assimilis_306957096_553608886.jpg,test,circus_assimilis_306957096_553608886.jpg
circus_assimilis,Spotted Harrier,C:\Projects\raptor_australia\dataset\raw\circus_assimilis\circus_assimilis_302816172_545752642.jpg,test,circus_assimilis_302816172_545752642.jpg
circus_assimilis,Spotted Harrier,C:\Projects\raptor_australia\dataset\raw\circus_assimilis\circus_assimilis_336315559_611131687.jpg,test,circus_assimilis_336315559_611131687.jpg
circus_assimilis,Spotted Harrier,C:\Projects\raptor_australia\dataset\raw\circus_assimilis\circus_assimilis_339844020_618310986.jpg,test,circus_assimilis_339844020_618310986.jpg
circus_assimilis,Spotted Harrier,C:\Projects\raptor_australia\dataset\raw\circus_assimilis\circus_assimilis_307962189_555553091.jpg,test,circus_assimilis_307962189_555553091.jpg
circus_assimilis,Spotted Harrier,C:\Projects\raptor_australia\dataset\raw\circus_assimilis\circus_assimilis_304871815_549645041.jpg,test,circus_assimilis_304871815_549645041.jpg
circus_assimilis,Spotted Harrier,C:\Projects\raptor_australia\dataset\raw\circus_assimilis\circus_assimilis_306363261_552478895.jpg,test,circus_assimilis_306363261_552478895.jpg
circus_assimilis,Spotted Harrier,C:\Projects\raptor_australia\dataset\raw\circus_assimilis\circus_assimilis_333285507_605043045.jpg,test,circus_assimilis_333285507_605043045.jpg
circus_assimilis,Spotted Harrier,C:\Projects\raptor_australia\dataset\raw\circus_assimilis\circus_assimilis_335576911_609651358.jpg,test,circus_assimilis_335576911_609651358.jpg
circus_assimilis,Spotted Harrier,C:\Projects\raptor_australia\dataset\raw\circus_assimilis\circus_assimilis_290023321_521692285.jpg,test,circus_assimilis_290023321_521692285.jpg
tachyspiza_fasciata,Brown Goshawk,C:\Projects\raptor_australia\dataset\raw\tachyspiza_fasciata\tachyspiza_fasciata_343291818_625308548.jpg,train,tachyspiza_fasciata_343291818_625308548.jpg
tachyspiza_fasciata,Brown Goshawk,C:\Projects\raptor_australia\dataset\raw\tachyspiza_fasciata\tachyspiza_fasciata_340570771_619796537.jpg,train,tachyspiza_fasciata_340570771_619796537.jpg
tachyspiza_fasciata,Brown Goshawk,C:\Projects\raptor_australia\dataset\raw\tachyspiza_fasciata\tachyspiza_fasciata_339700697_618018680.jpg,train,tachyspiza_fasciata_339700697_618018680.jpg
tachyspiza_fasciata,Brown Goshawk,C:\Projects\raptor_australia\dataset\raw\tachyspiza_fasciata\tachyspiza_fasciata_348460466_635519494.jpg,train,tachyspiza_fasciata_348460466_635519494.jpg
tachyspiza_fasciata,Brown Goshawk,C:\Projects\raptor_australia\dataset\raw\tachyspiza_fasciata\tachyspiza_fasciata_334916093_608313064.jpg,train,tachyspiza_fasciata_334916093_608313064.jpg
tachyspiza_fasciata,Brown Goshawk,C:\Projects\raptor_australia\dataset\raw\tachyspiza_fasciata\tachyspiza_fasciata_339817834_618256675.jpg,train,tachyspiza_fasciata_339817834_618256675.jpg
tachyspiza_fasciata,Brown Goshawk,C:\Projects\raptor_australia\dataset\raw\tachyspiza_fasciata\tachyspiza_fasciata_341339620_621368755.jpg,train,tachyspiza_fasciata_341339620_621368755.jpg
tachyspiza_fasciata,Brown Goshawk,C:\Projects\raptor_australia\dataset\raw\tachyspiza_fasciata\tachyspiza_fasciata_341839438_622390471.jpg,train,tachyspiza_fasciata_341839438_622390471.jpg
tachyspiza_fasciata,Brown Goshawk,C:\Projects\raptor_australia\dataset\raw\tachyspiza_fasciata\tachyspiza_fasciata_346914028_632443095.jpg,train,tachyspiza_fasciata_346914028_632443095.jpg
tachyspiza_fasciata,Brown Goshawk,C:\Projects\raptor_australia\dataset\raw\tachyspiza_fasciata\tachyspiza_fasciata_346001206_630638355.jpg,train,tachyspiza_fasciata_346001206_630638355.jpg
tachyspiza_fasciata,Brown Goshawk,C:\Projects\raptor_australia\dataset\raw\tachyspiza_fasciata\tachyspiza_fasciata_338397503_615392173.jpg,train,tachyspiza_fasciata_338397503_615392173.jpg
tachyspiza_fasciata,Brown Goshawk,C:\Projects\raptor_australia\dataset\raw\tachyspiza_fasciata\tachyspiza_fasciata_335914515_610333938.jpg,train,tachyspiza_fasciata_335914515_610333938.jpg
tachyspiza_fasciata,Brown Goshawk,C:\Projects\raptor_australia\dataset\raw\tachyspiza_fasciata\tachyspiza_fasciata_336082555_610665215.jpg,train,tachyspiza_fasciata_336082555_610665215.jpg
tachyspiza_fasciata,Brown Goshawk,C:\Projects\raptor_australia\dataset\raw\tachyspiza_fasciata\tachyspiza_fasciata_343766537_626273837.jpg,train,tachyspiza_fasciata_343766537_626273837.jpg
tachyspiza_fasciata,Brown Goshawk,C:\Projects\raptor_australia\dataset\raw\tachyspiza_fasciata\tachyspiza_fasciata_343894405_626521628.jpg,train,tachyspiza_fasciata_343894405_626521628.jpg
tachyspiza_fasciata,Brown Goshawk,C:\Projects\raptor_australia\dataset\raw\tachyspiza_fasciata\tachyspiza_fasciata_336769785_612054371.jpg,train,tachyspiza_fasciata_336769785_612054371.jpg
tachyspiza_fasciata,Brown Goshawk,C:\Projects\raptor_australia\dataset\raw\tachyspiza_fasciata\tachyspiza_fasciata_347218225_633057408.jpg,train,tachyspiza_fasciata_347218225_633057408.jpg
tachyspiza_fasciata,Brown Goshawk,C:\Projects\raptor_australia\dataset\raw\tachyspiza_fasciata\tachyspiza_fasciata_344871678_628419472.jpg,train,tachyspiza_fasciata_344871678_628419472.jpg
tachyspiza_fasciata,Brown Goshawk,C:\Projects\raptor_australia\dataset\raw\tachyspiza_fasciata\tachyspiza_fasciata_336923030_612366805.jpg,train,tachyspiza_fasciata_336923030_612366805.jpg
tachyspiza_fasciata,Brown Goshawk,C:\Projects\raptor_australia\dataset\raw\tachyspiza_fasciata\tachyspiza_fasciata_351403166_641256935.jpg,train,tachyspiza_fasciata_351403166_641256935.jpg
tachyspiza_fasciata,Brown Goshawk,C:\Projects\raptor_australia\dataset\raw\tachyspiza_fasciata\tachyspiza_fasciata_351411613_641285441.jpg,train,tachyspiza_fasciata_351411613_641285441.jpg
tachyspiza_fasciata,Brown Goshawk,C:\Projects\raptor_australia\dataset\raw\tachyspiza_fasciata\tachyspiza_fasciata_351403037_641254502.jpg,train,tachyspiza_fasciata_351403037_641254502.jpg
tachyspiza_fasciata,Brown Goshawk,C:\Projects\raptor_australia\dataset\raw\tachyspiza_fasciata\tachyspiza_fasciata_336788980_612095612.jpg,train,tachyspiza_fasciata_336788980_612095612.jpg
tachyspiza_fasciata,Brown Goshawk,C:\Projects\raptor_australia\dataset\raw\tachyspiza_fasciata\tachyspiza_fasciata_342282400_623277584.jpg,train,tachyspiza_fasciata_342282400_623277584.jpg
tachyspiza_fasciata,Brown Goshawk,C:\Projects\raptor_australia\dataset\raw\tachyspiza_fasciata\tachyspiza_fasciata_350216553_638966101.jpg,train,tachyspiza_fasciata_350216553_638966101.jpg
tachyspiza_fasciata,Brown Goshawk,C:\Projects\raptor_australia\dataset\raw\tachyspiza_fasciata\tachyspiza_fasciata_335113794_608718731.jpg,train,tachyspiza_fasciata_335113794_608718731.jpg
tachyspiza_fasciata,Brown Goshawk,C:\Projects\raptor_australia\dataset\raw\tachyspiza_fasciata\tachyspiza_fasciata_337194320_612919995.jpg,train,tachyspiza_fasciata_337194320_612919995.jpg
tachyspiza_fasciata,Brown Goshawk,C:\Projects\raptor_australia\dataset\raw\tachyspiza_fasciata\tachyspiza_fasciata_338669736_615939639.jpg,train,tachyspiza_fasciata_338669736_615939639.jpg
tachyspiza_fasciata,Brown Goshawk,C:\Projects\raptor_australia\dataset\raw\tachyspiza_fasciata\tachyspiza_fasciata_337189961_612911530.jpg,train,tachyspiza_fasciata_337189961_612911530.jpg
tachyspiza_fasciata,Brown Goshawk,C:\Projects\raptor_australia\dataset\raw\tachyspiza_fasciata\tachyspiza_fasciata_337737219_617608232.jpg,train,tachyspiza_fasciata_337737219_617608232.jpg
tachyspiza_fasciata,Brown Goshawk,C:\Projects\raptor_australia\dataset\raw\tachyspiza_fasciata\tachyspiza_fasciata_336649102_611807881.jpg,train,tachyspiza_fasciata_336649102_611807881.jpg
tachyspiza_fasciata,Brown Goshawk,C:\Projects\raptor_australia\dataset\raw\tachyspiza_fasciata\tachyspiza_fasciata_344579162_627858444.jpg,train,tachyspiza_fasciata_344579162_627858444.jpg
tachyspiza_fasciata,Brown Goshawk,C:\Projects\raptor_australia\dataset\raw\tachyspiza_fasciata\tachyspiza_fasciata_348384876_635364966.jpg,train,tachyspiza_fasciata_348384876_635364966.jpg
tachyspiza_fasciata,Brown Goshawk,C:\Projects\raptor_australia\dataset\raw\tachyspiza_fasciata\tachyspiza_fasciata_345563827_629778792.jpg,train,tachyspiza_fasciata_345563827_629778792.jpg
tachyspiza_fasciata,Brown Goshawk,C:\Projects\raptor_australia\dataset\raw\tachyspiza_fasciata\tachyspiza_fasciata_335793337_610091673.jpg,train,tachyspiza_fasciata_335793337_610091673.jpg
tachyspiza_fasciata,Brown Goshawk,C:\Projects\raptor_australia\dataset\raw\tachyspiza_fasciata\tachyspiza_fasciata_348609725_635808523.jpg,train,tachyspiza_fasciata_348609725_635808523.jpg
tachyspiza_fasciata,Brown Goshawk,C:\Projects\raptor_australia\dataset\raw\tachyspiza_fasciata\tachyspiza_fasciata_349201679_636980779.jpg,train,tachyspiza_fasciata_349201679_636980779.jpg
tachyspiza_fasciata,Brown Goshawk,C:\Projects\raptor_australia\dataset\raw\tachyspiza_fasciata\tachyspiza_fasciata_335690463_609880021.jpg,train,tachyspiza_fasciata_335690463_609880021.jpg
tachyspiza_fasciata,Brown Goshawk,C:\Projects\raptor_australia\dataset\raw\tachyspiza_fasciata\tachyspiza_fasciata_345657331_629969164.jpg,train,tachyspiza_fasciata_345657331_629969164.jpg
tachyspiza_fasciata,Brown Goshawk,C:\Projects\raptor_australia\dataset\raw\tachyspiza_fasciata\tachyspiza_fasciata_335144790_608783163.jpg,train,tachyspiza_fasciata_335144790_608783163.jpg
tachyspiza_fasciata,Brown Goshawk,C:\Projects\raptor_australia\dataset\raw\tachyspiza_fasciata\tachyspiza_fasciata_338865724_616331529.jpg,train,tachyspiza_fasciata_338865724_616331529.jpg
tachyspiza_fasciata,Brown Goshawk,C:\Projects\raptor_australia\dataset\raw\tachyspiza_fasciata\tachyspiza_fasciata_351098454_640666991.jpg,train,tachyspiza_fasciata_351098454_640666991.jpg
tachyspiza_fasciata,Brown Goshawk,C:\Projects\raptor_australia\dataset\raw\tachyspiza_fasciata\tachyspiza_fasciata_335150686_608794513.jpg,train,tachyspiza_fasciata_335150686_608794513.jpg
tachyspiza_fasciata,Brown Goshawk,C:\Projects\raptor_australia\dataset\raw\tachyspiza_fasciata\tachyspiza_fasciata_343227963_625176674.jpg,train,tachyspiza_fasciata_343227963_625176674.jpg
tachyspiza_fasciata,Brown Goshawk,C:\Projects\raptor_australia\dataset\raw\tachyspiza_fasciata\tachyspiza_fasciata_350996654_640470298.jpg,train,tachyspiza_fasciata_350996654_640470298.jpg
tachyspiza_fasciata,Brown Goshawk,C:\Projects\raptor_australia\dataset\raw\tachyspiza_fasciata\tachyspiza_fasciata_334576555_607622998.jpg,train,tachyspiza_fasciata_334576555_607622998.jpg
tachyspiza_fasciata,Brown Goshawk,C:\Projects\raptor_australia\dataset\raw\tachyspiza_fasciata\tachyspiza_fasciata_348389017_635373787.jpg,train,tachyspiza_fasciata_348389017_635373787.jpg
tachyspiza_fasciata,Brown Goshawk,C:\Projects\raptor_australia\dataset\raw\tachyspiza_fasciata\tachyspiza_fasciata_348187470_634974738.jpg,train,tachyspiza_fasciata_348187470_634974738.jpg
tachyspiza_fasciata,Brown Goshawk,C:\Projects\raptor_australia\dataset\raw\tachyspiza_fasciata\tachyspiza_fasciata_343984105_626699158.jpg,train,tachyspiza_fasciata_343984105_626699158.jpg
tachyspiza_fasciata,Brown Goshawk,C:\Projects\raptor_australia\dataset\raw\tachyspiza_fasciata\tachyspiza_fasciata_336435306_611372613.jpg,train,tachyspiza_fasciata_336435306_611372613.jpg
tachyspiza_fasciata,Brown Goshawk,C:\Projects\raptor_australia\dataset\raw\tachyspiza_fasciata\tachyspiza_fasciata_338186989_614953740.jpg,train,tachyspiza_fasciata_338186989_614953740.jpg
tachyspiza_fasciata,Brown Goshawk,C:\Projects\raptor_australia\dataset\raw\tachyspiza_fasciata\tachyspiza_fasciata_347218959_633058244.jpg,train,tachyspiza_fasciata_347218959_633058244.jpg
tachyspiza_fasciata,Brown Goshawk,C:\Projects\raptor_australia\dataset\raw\tachyspiza_fasciata\tachyspiza_fasciata_338688658_615979150.jpg,train,tachyspiza_fasciata_338688658_615979150.jpg
tachyspiza_fasciata,Brown Goshawk,C:\Projects\raptor_australia\dataset\raw\tachyspiza_fasciata\tachyspiza_fasciata_349418694_637404925.jpg,train,tachyspiza_fasciata_349418694_637404925.jpg
tachyspiza_fasciata,Brown Goshawk,C:\Projects\raptor_australia\dataset\raw\tachyspiza_fasciata\tachyspiza_fasciata_337894783_614356195.jpg,train,tachyspiza_fasciata_337894783_614356195.jpg
tachyspiza_fasciata,Brown Goshawk,C:\Projects\raptor_australia\dataset\raw\tachyspiza_fasciata\tachyspiza_fasciata_340704016_620061092.jpg,train,tachyspiza_fasciata_340704016_620061092.jpg
tachyspiza_fasciata,Brown Goshawk,C:\Projects\raptor_australia\dataset\raw\tachyspiza_fasciata\tachyspiza_fasciata_335455877_609403823.jpg,train,tachyspiza_fasciata_335455877_609403823.jpg
tachyspiza_fasciata,Brown Goshawk,C:\Projects\raptor_australia\dataset\raw\tachyspiza_fasciata\tachyspiza_fasciata_336786216_612090232.jpg,train,tachyspiza_fasciata_336786216_612090232.jpg
tachyspiza_fasciata,Brown Goshawk,C:\Projects\raptor_australia\dataset\raw\tachyspiza_fasciata\tachyspiza_fasciata_350274096_639069278.jpg,train,tachyspiza_fasciata_350274096_639069278.jpg
tachyspiza_fasciata,Brown Goshawk,C:\Projects\raptor_australia\dataset\raw\tachyspiza_fasciata\tachyspiza_fasciata_338694323_615990053.jpg,train,tachyspiza_fasciata_338694323_615990053.jpg
tachyspiza_fasciata,Brown Goshawk,C:\Projects\raptor_australia\dataset\raw\tachyspiza_fasciata\tachyspiza_fasciata_335580691_609658842.jpg,train,tachyspiza_fasciata_335580691_609658842.jpg
tachyspiza_fasciata,Brown Goshawk,C:\Projects\raptor_australia\dataset\raw\tachyspiza_fasciata\tachyspiza_fasciata_342877538_624470582.jpg,train,tachyspiza_fasciata_342877538_624470582.jpg
tachyspiza_fasciata,Brown Goshawk,C:\Projects\raptor_australia\dataset\raw\tachyspiza_fasciata\tachyspiza_fasciata_340901353_620463914.jpg,train,tachyspiza_fasciata_340901353_620463914.jpg
tachyspiza_fasciata,Brown Goshawk,C:\Projects\raptor_australia\dataset\raw\tachyspiza_fasciata\tachyspiza_fasciata_350469255_639465250.jpg,train,tachyspiza_fasciata_350469255_639465250.jpg
tachyspiza_fasciata,Brown Goshawk,C:\Projects\raptor_australia\dataset\raw\tachyspiza_fasciata\tachyspiza_fasciata_342012194_622736720.jpg,train,tachyspiza_fasciata_342012194_622736720.jpg
tachyspiza_fasciata,Brown Goshawk,C:\Projects\raptor_australia\dataset\raw\tachyspiza_fasciata\tachyspiza_fasciata_338175634_615087190.jpg,train,tachyspiza_fasciata_338175634_615087190.jpg
tachyspiza_fasciata,Brown Goshawk,C:\Projects\raptor_australia\dataset\raw\tachyspiza_fasciata\tachyspiza_fasciata_343293481_625311560.jpg,train,tachyspiza_fasciata_343293481_625311560.jpg
tachyspiza_fasciata,Brown Goshawk,C:\Projects\raptor_australia\dataset\raw\tachyspiza_fasciata\tachyspiza_fasciata_343198428_625114449.jpg,train,tachyspiza_fasciata_343198428_625114449.jpg
tachyspiza_fasciata,Brown Goshawk,C:\Projects\raptor_australia\dataset\raw\tachyspiza_fasciata\tachyspiza_fasciata_338673978_615948391.jpg,train,tachyspiza_fasciata_338673978_615948391.jpg
tachyspiza_fasciata,Brown Goshawk,C:\Projects\raptor_australia\dataset\raw\tachyspiza_fasciata\tachyspiza_fasciata_335419133_609331375.jpg,train,tachyspiza_fasciata_335419133_609331375.jpg
tachyspiza_fasciata,Brown Goshawk,C:\Projects\raptor_australia\dataset\raw\tachyspiza_fasciata\tachyspiza_fasciata_350219150_638971381.jpg,train,tachyspiza_fasciata_350219150_638971381.jpg
tachyspiza_fasciata,Brown Goshawk,C:\Projects\raptor_australia\dataset\raw\tachyspiza_fasciata\tachyspiza_fasciata_351927085_642289554.jpg,train,tachyspiza_fasciata_351927085_642289554.jpg
tachyspiza_fasciata,Brown Goshawk,C:\Projects\raptor_australia\dataset\raw\tachyspiza_fasciata\tachyspiza_fasciata_337200663_612932463.jpg,train,tachyspiza_fasciata_337200663_612932463.jpg
tachyspiza_fasciata,Brown Goshawk,C:\Projects\raptor_australia\dataset\raw\tachyspiza_fasciata\tachyspiza_fasciata_347682759_633971783.jpg,train,tachyspiza_fasciata_347682759_633971783.jpg
tachyspiza_fasciata,Brown Goshawk,C:\Projects\raptor_australia\dataset\raw\tachyspiza_fasciata\tachyspiza_fasciata_336791476_612039227.jpg,train,tachyspiza_fasciata_336791476_612039227.jpg
tachyspiza_fasciata,Brown Goshawk,C:\Projects\raptor_australia\dataset\raw\tachyspiza_fasciata\tachyspiza_fasciata_335133832_608752246.jpg,train,tachyspiza_fasciata_335133832_608752246.jpg
tachyspiza_fasciata,Brown Goshawk,C:\Projects\raptor_australia\dataset\raw\tachyspiza_fasciata\tachyspiza_fasciata_343371576_625468798.jpg,train,tachyspiza_fasciata_343371576_625468798.jpg
tachyspiza_fasciata,Brown Goshawk,C:\Projects\raptor_australia\dataset\raw\tachyspiza_fasciata\tachyspiza_fasciata_344603469_627908092.jpg,train,tachyspiza_fasciata_344603469_627908092.jpg
tachyspiza_fasciata,Brown Goshawk,C:\Projects\raptor_australia\dataset\raw\tachyspiza_fasciata\tachyspiza_fasciata_340141277_618926123.jpg,train,tachyspiza_fasciata_340141277_618926123.jpg
tachyspiza_fasciata,Brown Goshawk,C:\Projects\raptor_australia\dataset\raw\tachyspiza_fasciata\tachyspiza_fasciata_349681727_637923466.jpg,train,tachyspiza_fasciata_349681727_637923466.jpg
tachyspiza_fasciata,Brown Goshawk,C:\Projects\raptor_australia\dataset\raw\tachyspiza_fasciata\tachyspiza_fasciata_334710098_607890592.jpg,train,tachyspiza_fasciata_334710098_607890592.jpg
tachyspiza_fasciata,Brown Goshawk,C:\Projects\raptor_australia\dataset\raw\tachyspiza_fasciata\tachyspiza_fasciata_337151472_612831498.jpg,train,tachyspiza_fasciata_337151472_612831498.jpg
tachyspiza_fasciata,Brown Goshawk,C:\Projects\raptor_australia\dataset\raw\tachyspiza_fasciata\tachyspiza_fasciata_343382269_625489571.jpg,train,tachyspiza_fasciata_343382269_625489571.jpg
tachyspiza_fasciata,Brown Goshawk,C:\Projects\raptor_australia\dataset\raw\tachyspiza_fasciata\tachyspiza_fasciata_337937317_614444935.jpg,train,tachyspiza_fasciata_337937317_614444935.jpg
tachyspiza_fasciata,Brown Goshawk,C:\Projects\raptor_australia\dataset\raw\tachyspiza_fasciata\tachyspiza_fasciata_338482774_615566638.jpg,train,tachyspiza_fasciata_338482774_615566638.jpg
tachyspiza_fasciata,Brown Goshawk,C:\Projects\raptor_australia\dataset\raw\tachyspiza_fasciata\tachyspiza_fasciata_343587652_625908264.jpg,train,tachyspiza_fasciata_343587652_625908264.jpg
tachyspiza_fasciata,Brown Goshawk,C:\Projects\raptor_australia\dataset\raw\tachyspiza_fasciata\tachyspiza_fasciata_336929624_612380659.jpg,train,tachyspiza_fasciata_336929624_612380659.jpg
tachyspiza_fasciata,Brown Goshawk,C:\Projects\raptor_australia\dataset\raw\tachyspiza_fasciata\tachyspiza_fasciata_349884262_638313986.jpg,train,tachyspiza_fasciata_349884262_638313986.jpg
tachyspiza_fasciata,Brown Goshawk,C:\Projects\raptor_australia\dataset\raw\tachyspiza_fasciata\tachyspiza_fasciata_345861031_630369725.jpg,train,tachyspiza_fasciata_345861031_630369725.jpg
tachyspiza_fasciata,Brown Goshawk,C:\Projects\raptor_australia\dataset\raw\tachyspiza_fasciata\tachyspiza_fasciata_342223452_623162816.jpg,train,tachyspiza_fasciata_342223452_623162816.jpg
tachyspiza_fasciata,Brown Goshawk,C:\Projects\raptor_australia\dataset\raw\tachyspiza_fasciata\tachyspiza_fasciata_341248767_621177170.jpg,train,tachyspiza_fasciata_341248767_621177170.jpg
tachyspiza_fasciata,Brown Goshawk,C:\Projects\raptor_australia\dataset\raw\tachyspiza_fasciata\tachyspiza_fasciata_336670332_611854908.jpg,train,tachyspiza_fasciata_336670332_611854908.jpg
tachyspiza_fasciata,Brown Goshawk,C:\Projects\raptor_australia\dataset\raw\tachyspiza_fasciata\tachyspiza_fasciata_342327672_623370774.jpg,train,tachyspiza_fasciata_342327672_623370774.jpg
tachyspiza_fasciata,Brown Goshawk,C:\Projects\raptor_australia\dataset\raw\tachyspiza_fasciata\tachyspiza_fasciata_341058512_620788475.jpg,train,tachyspiza_fasciata_341058512_620788475.jpg
tachyspiza_fasciata,Brown Goshawk,C:\Projects\raptor_australia\dataset\raw\tachyspiza_fasciata\tachyspiza_fasciata_344133743_626988127.jpg,train,tachyspiza_fasciata_344133743_626988127.jpg
tachyspiza_fasciata,Brown Goshawk,C:\Projects\raptor_australia\dataset\raw\tachyspiza_fasciata\tachyspiza_fasciata_335539993_609576117.jpg,train,tachyspiza_fasciata_335539993_609576117.jpg
tachyspiza_fasciata,Brown Goshawk,C:\Projects\raptor_australia\dataset\raw\tachyspiza_fasciata\tachyspiza_fasciata_343766245_626273267.jpg,train,tachyspiza_fasciata_343766245_626273267.jpg
tachyspiza_fasciata,Brown Goshawk,C:\Projects\raptor_australia\dataset\raw\tachyspiza_fasciata\tachyspiza_fasciata_349959307_638455004.jpg,train,tachyspiza_fasciata_349959307_638455004.jpg
tachyspiza_fasciata,Brown Goshawk,C:\Projects\raptor_australia\dataset\raw\tachyspiza_fasciata\tachyspiza_fasciata_340746210_620168669.jpg,train,tachyspiza_fasciata_340746210_620168669.jpg
tachyspiza_fasciata,Brown Goshawk,C:\Projects\raptor_australia\dataset\raw\tachyspiza_fasciata\tachyspiza_fasciata_347742583_634097162.jpg,train,tachyspiza_fasciata_347742583_634097162.jpg
tachyspiza_fasciata,Brown Goshawk,C:\Projects\raptor_australia\dataset\raw\tachyspiza_fasciata\tachyspiza_fasciata_338697118_615984344.jpg,train,tachyspiza_fasciata_338697118_615984344.jpg
tachyspiza_fasciata,Brown Goshawk,C:\Projects\raptor_australia\dataset\raw\tachyspiza_fasciata\tachyspiza_fasciata_344635038_627972724.jpg,train,tachyspiza_fasciata_344635038_627972724.jpg
tachyspiza_fasciata,Brown Goshawk,C:\Projects\raptor_australia\dataset\raw\tachyspiza_fasciata\tachyspiza_fasciata_336379098_611259094.jpg,train,tachyspiza_fasciata_336379098_611259094.jpg
tachyspiza_fasciata,Brown Goshawk,C:\Projects\raptor_australia\dataset\raw\tachyspiza_fasciata\tachyspiza_fasciata_345232366_629132186.jpg,train,tachyspiza_fasciata_345232366_629132186.jpg
tachyspiza_fasciata,Brown Goshawk,C:\Projects\raptor_australia\dataset\raw\tachyspiza_fasciata\tachyspiza_fasciata_346527604_631685335.jpg,train,tachyspiza_fasciata_346527604_631685335.jpg
tachyspiza_fasciata,Brown Goshawk,C:\Projects\raptor_australia\dataset\raw\tachyspiza_fasciata\tachyspiza_fasciata_342216992_623149938.jpg,train,tachyspiza_fasciata_342216992_623149938.jpg
tachyspiza_fasciata,Brown Goshawk,C:\Projects\raptor_australia\dataset\raw\tachyspiza_fasciata\tachyspiza_fasciata_341317837_621322224.jpg,train,tachyspiza_fasciata_341317837_621322224.jpg
tachyspiza_fasciata,Brown Goshawk,C:\Projects\raptor_australia\dataset\raw\tachyspiza_fasciata\tachyspiza_fasciata_335444782_609384727.jpg,train,tachyspiza_fasciata_335444782_609384727.jpg
tachyspiza_fasciata,Brown Goshawk,C:\Projects\raptor_australia\dataset\raw\tachyspiza_fasciata\tachyspiza_fasciata_340571667_619798088.jpg,train,tachyspiza_fasciata_340571667_619798088.jpg
tachyspiza_fasciata,Brown Goshawk,C:\Projects\raptor_australia\dataset\raw\tachyspiza_fasciata\tachyspiza_fasciata_348911265_636415086.jpg,train,tachyspiza_fasciata_348911265_636415086.jpg
tachyspiza_fasciata,Brown Goshawk,C:\Projects\raptor_australia\dataset\raw\tachyspiza_fasciata\tachyspiza_fasciata_344597998_627896724.jpg,train,tachyspiza_fasciata_344597998_627896724.jpg
tachyspiza_fasciata,Brown Goshawk,C:\Projects\raptor_australia\dataset\raw\tachyspiza_fasciata\tachyspiza_fasciata_337509126_613566531.jpg,train,tachyspiza_fasciata_337509126_613566531.jpg
tachyspiza_fasciata,Brown Goshawk,C:\Projects\raptor_australia\dataset\raw\tachyspiza_fasciata\tachyspiza_fasciata_339256569_617116933.jpg,train,tachyspiza_fasciata_339256569_617116933.jpg
tachyspiza_fasciata,Brown Goshawk,C:\Projects\raptor_australia\dataset\raw\tachyspiza_fasciata\tachyspiza_fasciata_350270313_639071823.jpg,train,tachyspiza_fasciata_350270313_639071823.jpg
tachyspiza_fasciata,Brown Goshawk,C:\Projects\raptor_australia\dataset\raw\tachyspiza_fasciata\tachyspiza_fasciata_342380457_623483733.jpg,train,tachyspiza_fasciata_342380457_623483733.jpg
tachyspiza_fasciata,Brown Goshawk,C:\Projects\raptor_australia\dataset\raw\tachyspiza_fasciata\tachyspiza_fasciata_348270676_635142640.jpg,train,tachyspiza_fasciata_348270676_635142640.jpg
tachyspiza_fasciata,Brown Goshawk,C:\Projects\raptor_australia\dataset\raw\tachyspiza_fasciata\tachyspiza_fasciata_342871660_624458714.jpg,train,tachyspiza_fasciata_342871660_624458714.jpg
tachyspiza_fasciata,Brown Goshawk,C:\Projects\raptor_australia\dataset\raw\tachyspiza_fasciata\tachyspiza_fasciata_342707639_624128974.jpg,train,tachyspiza_fasciata_342707639_624128974.jpg
tachyspiza_fasciata,Brown Goshawk,C:\Projects\raptor_australia\dataset\raw\tachyspiza_fasciata\tachyspiza_fasciata_340430871_619513399.jpg,train,tachyspiza_fasciata_340430871_619513399.jpg
tachyspiza_fasciata,Brown Goshawk,C:\Projects\raptor_australia\dataset\raw\tachyspiza_fasciata\tachyspiza_fasciata_343227485_625176003.jpg,train,tachyspiza_fasciata_343227485_625176003.jpg
tachyspiza_fasciata,Brown Goshawk,C:\Projects\raptor_australia\dataset\raw\tachyspiza_fasciata\tachyspiza_fasciata_338951860_616494135.jpg,train,tachyspiza_fasciata_338951860_616494135.jpg
tachyspiza_fasciata,Brown Goshawk,C:\Projects\raptor_australia\dataset\raw\tachyspiza_fasciata\tachyspiza_fasciata_347977087_634560726.jpg,train,tachyspiza_fasciata_347977087_634560726.jpg
tachyspiza_fasciata,Brown Goshawk,C:\Projects\raptor_australia\dataset\raw\tachyspiza_fasciata\tachyspiza_fasciata_336380982_611263666.jpg,train,tachyspiza_fasciata_336380982_611263666.jpg
tachyspiza_fasciata,Brown Goshawk,C:\Projects\raptor_australia\dataset\raw\tachyspiza_fasciata\tachyspiza_fasciata_336778221_612073428.jpg,train,tachyspiza_fasciata_336778221_612073428.jpg
tachyspiza_fasciata,Brown Goshawk,C:\Projects\raptor_australia\dataset\raw\tachyspiza_fasciata\tachyspiza_fasciata_339422256_617456752.jpg,train,tachyspiza_fasciata_339422256_617456752.jpg
tachyspiza_fasciata,Brown Goshawk,C:\Projects\raptor_australia\dataset\raw\tachyspiza_fasciata\tachyspiza_fasciata_349112884_636798979.jpg,train,tachyspiza_fasciata_349112884_636798979.jpg
tachyspiza_fasciata,Brown Goshawk,C:\Projects\raptor_australia\dataset\raw\tachyspiza_fasciata\tachyspiza_fasciata_347385021_633381875.jpg,train,tachyspiza_fasciata_347385021_633381875.jpg
tachyspiza_fasciata,Brown Goshawk,C:\Projects\raptor_australia\dataset\raw\tachyspiza_fasciata\tachyspiza_fasciata_337297796_613130205.jpg,train,tachyspiza_fasciata_337297796_613130205.jpg
tachyspiza_fasciata,Brown Goshawk,C:\Projects\raptor_australia\dataset\raw\tachyspiza_fasciata\tachyspiza_fasciata_335329924_609154035.jpg,train,tachyspiza_fasciata_335329924_609154035.jpg
tachyspiza_fasciata,Brown Goshawk,C:\Projects\raptor_australia\dataset\raw\tachyspiza_fasciata\tachyspiza_fasciata_336062592_610625492.jpg,train,tachyspiza_fasciata_336062592_610625492.jpg
tachyspiza_fasciata,Brown Goshawk,C:\Projects\raptor_australia\dataset\raw\tachyspiza_fasciata\tachyspiza_fasciata_345826840_630297868.jpg,train,tachyspiza_fasciata_345826840_630297868.jpg
tachyspiza_fasciata,Brown Goshawk,C:\Projects\raptor_australia\dataset\raw\tachyspiza_fasciata\tachyspiza_fasciata_338716018_616031687.jpg,train,tachyspiza_fasciata_338716018_616031687.jpg
tachyspiza_fasciata,Brown Goshawk,C:\Projects\raptor_australia\dataset\raw\tachyspiza_fasciata\tachyspiza_fasciata_336200220_610897913.jpg,train,tachyspiza_fasciata_336200220_610897913.jpg
tachyspiza_fasciata,Brown Goshawk,C:\Projects\raptor_australia\dataset\raw\tachyspiza_fasciata\tachyspiza_fasciata_343293476_625311555.jpg,train,tachyspiza_fasciata_343293476_625311555.jpg
tachyspiza_fasciata,Brown Goshawk,C:\Projects\raptor_australia\dataset\raw\tachyspiza_fasciata\tachyspiza_fasciata_337080901_612690006.jpg,train,tachyspiza_fasciata_337080901_612690006.jpg
tachyspiza_fasciata,Brown Goshawk,C:\Projects\raptor_australia\dataset\raw\tachyspiza_fasciata\tachyspiza_fasciata_344319317_627351339.jpg,train,tachyspiza_fasciata_344319317_627351339.jpg
tachyspiza_fasciata,Brown Goshawk,C:\Projects\raptor_australia\dataset\raw\tachyspiza_fasciata\tachyspiza_fasciata_340224803_619097088.jpg,train,tachyspiza_fasciata_340224803_619097088.jpg
tachyspiza_fasciata,Brown Goshawk,C:\Projects\raptor_australia\dataset\raw\tachyspiza_fasciata\tachyspiza_fasciata_351038134_640551778.jpg,train,tachyspiza_fasciata_351038134_640551778.jpg
tachyspiza_fasciata,Brown Goshawk,C:\Projects\raptor_australia\dataset\raw\tachyspiza_fasciata\tachyspiza_fasciata_347218226_633057409.jpg,train,tachyspiza_fasciata_347218226_633057409.jpg
tachyspiza_fasciata,Brown Goshawk,C:\Projects\raptor_australia\dataset\raw\tachyspiza_fasciata\tachyspiza_fasciata_340499771_619648887.jpg,train,tachyspiza_fasciata_340499771_619648887.jpg
tachyspiza_fasciata,Brown Goshawk,C:\Projects\raptor_australia\dataset\raw\tachyspiza_fasciata\tachyspiza_fasciata_337417776_613380878.jpg,train,tachyspiza_fasciata_337417776_613380878.jpg
tachyspiza_fasciata,Brown Goshawk,C:\Projects\raptor_australia\dataset\raw\tachyspiza_fasciata\tachyspiza_fasciata_345383329_629421537.jpg,train,tachyspiza_fasciata_345383329_629421537.jpg
tachyspiza_fasciata,Brown Goshawk,C:\Projects\raptor_australia\dataset\raw\tachyspiza_fasciata\tachyspiza_fasciata_336222934_610943423.jpg,train,tachyspiza_fasciata_336222934_610943423.jpg
tachyspiza_fasciata,Brown Goshawk,C:\Projects\raptor_australia\dataset\raw\tachyspiza_fasciata\tachyspiza_fasciata_348270675_635142642.jpg,train,tachyspiza_fasciata_348270675_635142642.jpg
tachyspiza_fasciata,Brown Goshawk,C:\Projects\raptor_australia\dataset\raw\tachyspiza_fasciata\tachyspiza_fasciata_342708673_624130901.jpg,train,tachyspiza_fasciata_342708673_624130901.jpg
tachyspiza_fasciata,Brown Goshawk,C:\Projects\raptor_australia\dataset\raw\tachyspiza_fasciata\tachyspiza_fasciata_343090963_624897022.jpg,train,tachyspiza_fasciata_343090963_624897022.jpg
tachyspiza_fasciata,Brown Goshawk,C:\Projects\raptor_australia\dataset\raw\tachyspiza_fasciata\tachyspiza_fasciata_336890734_612298331.jpg,train,tachyspiza_fasciata_336890734_612298331.jpg
tachyspiza_fasciata,Brown Goshawk,C:\Projects\raptor_australia\dataset\raw\tachyspiza_fasciata\tachyspiza_fasciata_344400476_627516801.jpg,train,tachyspiza_fasciata_344400476_627516801.jpg
tachyspiza_fasciata,Brown Goshawk,C:\Projects\raptor_australia\dataset\raw\tachyspiza_fasciata\tachyspiza_fasciata_344103789_626934328.jpg,train,tachyspiza_fasciata_344103789_626934328.jpg
tachyspiza_fasciata,Brown Goshawk,C:\Projects\raptor_australia\dataset\raw\tachyspiza_fasciata\tachyspiza_fasciata_341490912_621683078.jpg,train,tachyspiza_fasciata_341490912_621683078.jpg
tachyspiza_fasciata,Brown Goshawk,C:\Projects\raptor_australia\dataset\raw\tachyspiza_fasciata\tachyspiza_fasciata_334661682_607791330.jpg,train,tachyspiza_fasciata_334661682_607791330.jpg
tachyspiza_fasciata,Brown Goshawk,C:\Projects\raptor_australia\dataset\raw\tachyspiza_fasciata\tachyspiza_fasciata_340757412_620171733.jpg,train,tachyspiza_fasciata_340757412_620171733.jpg
tachyspiza_fasciata,Brown Goshawk,C:\Projects\raptor_australia\dataset\raw\tachyspiza_fasciata\tachyspiza_fasciata_337753309_614067734.jpg,train,tachyspiza_fasciata_337753309_614067734.jpg
tachyspiza_fasciata,Brown Goshawk,C:\Projects\raptor_australia\dataset\raw\tachyspiza_fasciata\tachyspiza_fasciata_336233880_610965906.jpg,train,tachyspiza_fasciata_336233880_610965906.jpg
tachyspiza_fasciata,Brown Goshawk,C:\Projects\raptor_australia\dataset\raw\tachyspiza_fasciata\tachyspiza_fasciata_336993613_612507626.jpg,train,tachyspiza_fasciata_336993613_612507626.jpg
tachyspiza_fasciata,Brown Goshawk,C:\Projects\raptor_australia\dataset\raw\tachyspiza_fasciata\tachyspiza_fasciata_341655262_622019201.jpg,train,tachyspiza_fasciata_341655262_622019201.jpg
tachyspiza_fasciata,Brown Goshawk,C:\Projects\raptor_australia\dataset\raw\tachyspiza_fasciata\tachyspiza_fasciata_334915539_608312001.jpg,train,tachyspiza_fasciata_334915539_608312001.jpg
tachyspiza_fasciata,Brown Goshawk,C:\Projects\raptor_australia\dataset\raw\tachyspiza_fasciata\tachyspiza_fasciata_347980059_634564680.jpg,train,tachyspiza_fasciata_347980059_634564680.jpg
tachyspiza_fasciata,Brown Goshawk,C:\Projects\raptor_australia\dataset\raw\tachyspiza_fasciata\tachyspiza_fasciata_340269273_619185694.jpg,train,tachyspiza_fasciata_340269273_619185694.jpg
tachyspiza_fasciata,Brown Goshawk,C:\Projects\raptor_australia\dataset\raw\tachyspiza_fasciata\tachyspiza_fasciata_347163291_632950241.jpg,train,tachyspiza_fasciata_347163291_632950241.jpg
tachyspiza_fasciata,Brown Goshawk,C:\Projects\raptor_australia\dataset\raw\tachyspiza_fasciata\tachyspiza_fasciata_343382280_625489759.jpg,train,tachyspiza_fasciata_343382280_625489759.jpg
tachyspiza_fasciata,Brown Goshawk,C:\Projects\raptor_australia\dataset\raw\tachyspiza_fasciata\tachyspiza_fasciata_335922885_610351473.jpg,train,tachyspiza_fasciata_335922885_610351473.jpg
tachyspiza_fasciata,Brown Goshawk,C:\Projects\raptor_australia\dataset\raw\tachyspiza_fasciata\tachyspiza_fasciata_346744267_632113348.jpg,train,tachyspiza_fasciata_346744267_632113348.jpg
tachyspiza_fasciata,Brown Goshawk,C:\Projects\raptor_australia\dataset\raw\tachyspiza_fasciata\tachyspiza_fasciata_346944159_632506482.jpg,train,tachyspiza_fasciata_346944159_632506482.jpg
tachyspiza_fasciata,Brown Goshawk,C:\Projects\raptor_australia\dataset\raw\tachyspiza_fasciata\tachyspiza_fasciata_336771516_612885439.jpg,train,tachyspiza_fasciata_336771516_612885439.jpg
tachyspiza_fasciata,Brown Goshawk,C:\Projects\raptor_australia\dataset\raw\tachyspiza_fasciata\tachyspiza_fasciata_342551787_623831011.jpg,train,tachyspiza_fasciata_342551787_623831011.jpg
tachyspiza_fasciata,Brown Goshawk,C:\Projects\raptor_australia\dataset\raw\tachyspiza_fasciata\tachyspiza_fasciata_344830533_628339780.jpg,train,tachyspiza_fasciata_344830533_628339780.jpg
tachyspiza_fasciata,Brown Goshawk,C:\Projects\raptor_australia\dataset\raw\tachyspiza_fasciata\tachyspiza_fasciata_341972578_622654671.jpg,train,tachyspiza_fasciata_341972578_622654671.jpg
tachyspiza_fasciata,Brown Goshawk,C:\Projects\raptor_australia\dataset\raw\tachyspiza_fasciata\tachyspiza_fasciata_340410317_619470423.jpg,train,tachyspiza_fasciata_340410317_619470423.jpg
tachyspiza_fasciata,Brown Goshawk,C:\Projects\raptor_australia\dataset\raw\tachyspiza_fasciata\tachyspiza_fasciata_341854880_622421568.jpg,train,tachyspiza_fasciata_341854880_622421568.jpg
tachyspiza_fasciata,Brown Goshawk,C:\Projects\raptor_australia\dataset\raw\tachyspiza_fasciata\tachyspiza_fasciata_338638609_615875285.jpg,train,tachyspiza_fasciata_338638609_615875285.jpg
tachyspiza_fasciata,Brown Goshawk,C:\Projects\raptor_australia\dataset\raw\tachyspiza_fasciata\tachyspiza_fasciata_352479071_643341290.jpg,train,tachyspiza_fasciata_352479071_643341290.jpg
tachyspiza_fasciata,Brown Goshawk,C:\Projects\raptor_australia\dataset\raw\tachyspiza_fasciata\tachyspiza_fasciata_336664595_611842356.jpg,train,tachyspiza_fasciata_336664595_611842356.jpg
tachyspiza_fasciata,Brown Goshawk,C:\Projects\raptor_australia\dataset\raw\tachyspiza_fasciata\tachyspiza_fasciata_335139392_608772948.jpg,train,tachyspiza_fasciata_335139392_608772948.jpg
tachyspiza_fasciata,Brown Goshawk,C:\Projects\raptor_australia\dataset\raw\tachyspiza_fasciata\tachyspiza_fasciata_351917501_642272577.jpg,train,tachyspiza_fasciata_351917501_642272577.jpg
tachyspiza_fasciata,Brown Goshawk,C:\Projects\raptor_australia\dataset\raw\tachyspiza_fasciata\tachyspiza_fasciata_349480388_637531906.jpg,train,tachyspiza_fasciata_349480388_637531906.jpg
tachyspiza_fasciata,Brown Goshawk,C:\Projects\raptor_australia\dataset\raw\tachyspiza_fasciata\tachyspiza_fasciata_347216490_633053709.jpg,train,tachyspiza_fasciata_347216490_633053709.jpg
tachyspiza_fasciata,Brown Goshawk,C:\Projects\raptor_australia\dataset\raw\tachyspiza_fasciata\tachyspiza_fasciata_342334888_623384955.jpg,train,tachyspiza_fasciata_342334888_623384955.jpg
tachyspiza_fasciata,Brown Goshawk,C:\Projects\raptor_australia\dataset\raw\tachyspiza_fasciata\tachyspiza_fasciata_334536647_607540225.jpg,train,tachyspiza_fasciata_334536647_607540225.jpg
tachyspiza_fasciata,Brown Goshawk,C:\Projects\raptor_australia\dataset\raw\tachyspiza_fasciata\tachyspiza_fasciata_340515939_619682475.jpg,train,tachyspiza_fasciata_340515939_619682475.jpg
tachyspiza_fasciata,Brown Goshawk,C:\Projects\raptor_australia\dataset\raw\tachyspiza_fasciata\tachyspiza_fasciata_347237038_633091581.jpg,train,tachyspiza_fasciata_347237038_633091581.jpg
tachyspiza_fasciata,Brown Goshawk,C:\Projects\raptor_australia\dataset\raw\tachyspiza_fasciata\tachyspiza_fasciata_335807179_610118052.jpg,train,tachyspiza_fasciata_335807179_610118052.jpg
tachyspiza_fasciata,Brown Goshawk,C:\Projects\raptor_australia\dataset\raw\tachyspiza_fasciata\tachyspiza_fasciata_343925189_626579266.jpg,train,tachyspiza_fasciata_343925189_626579266.jpg
tachyspiza_fasciata,Brown Goshawk,C:\Projects\raptor_australia\dataset\raw\tachyspiza_fasciata\tachyspiza_fasciata_346493657_631614082.jpg,train,tachyspiza_fasciata_346493657_631614082.jpg
tachyspiza_fasciata,Brown Goshawk,C:\Projects\raptor_australia\dataset\raw\tachyspiza_fasciata\tachyspiza_fasciata_350236368_639007593.jpg,train,tachyspiza_fasciata_350236368_639007593.jpg
tachyspiza_fasciata,Brown Goshawk,C:\Projects\raptor_australia\dataset\raw\tachyspiza_fasciata\tachyspiza_fasciata_335476814_609448224.jpg,train,tachyspiza_fasciata_335476814_609448224.jpg
tachyspiza_fasciata,Brown Goshawk,C:\Projects\raptor_australia\dataset\raw\tachyspiza_fasciata\tachyspiza_fasciata_339808113_618236379.jpg,train,tachyspiza_fasciata_339808113_618236379.jpg
tachyspiza_fasciata,Brown Goshawk,C:\Projects\raptor_australia\dataset\raw\tachyspiza_fasciata\tachyspiza_fasciata_334921389_608324077.jpg,train,tachyspiza_fasciata_334921389_608324077.jpg
tachyspiza_fasciata,Brown Goshawk,C:\Projects\raptor_australia\dataset\raw\tachyspiza_fasciata\tachyspiza_fasciata_340747864_620153149.jpg,train,tachyspiza_fasciata_340747864_620153149.jpg
tachyspiza_fasciata,Brown Goshawk,C:\Projects\raptor_australia\dataset\raw\tachyspiza_fasciata\tachyspiza_fasciata_338999331_616586213.jpg,train,tachyspiza_fasciata_338999331_616586213.jpg
tachyspiza_fasciata,Brown Goshawk,C:\Projects\raptor_australia\dataset\raw\tachyspiza_fasciata\tachyspiza_fasciata_342364780_623449850.jpg,train,tachyspiza_fasciata_342364780_623449850.jpg
tachyspiza_fasciata,Brown Goshawk,C:\Projects\raptor_australia\dataset\raw\tachyspiza_fasciata\tachyspiza_fasciata_337414539_613374114.jpg,train,tachyspiza_fasciata_337414539_613374114.jpg
tachyspiza_fasciata,Brown Goshawk,C:\Projects\raptor_australia\dataset\raw\tachyspiza_fasciata\tachyspiza_fasciata_347167116_632958163.jpg,train,tachyspiza_fasciata_347167116_632958163.jpg
tachyspiza_fasciata,Brown Goshawk,C:\Projects\raptor_australia\dataset\raw\tachyspiza_fasciata\tachyspiza_fasciata_342864049_624809875.jpg,train,tachyspiza_fasciata_342864049_624809875.jpg
tachyspiza_fasciata,Brown Goshawk,C:\Projects\raptor_australia\dataset\raw\tachyspiza_fasciata\tachyspiza_fasciata_339208216_617013468.jpg,train,tachyspiza_fasciata_339208216_617013468.jpg
tachyspiza_fasciata,Brown Goshawk,C:\Projects\raptor_australia\dataset\raw\tachyspiza_fasciata\tachyspiza_fasciata_348245864_635095613.jpg,train,tachyspiza_fasciata_348245864_635095613.jpg
tachyspiza_fasciata,Brown Goshawk,C:\Projects\raptor_australia\dataset\raw\tachyspiza_fasciata\tachyspiza_fasciata_352649796_643574586.jpg,train,tachyspiza_fasciata_352649796_643574586.jpg
tachyspiza_fasciata,Brown Goshawk,C:\Projects\raptor_australia\dataset\raw\tachyspiza_fasciata\tachyspiza_fasciata_335661915_609821195.jpg,train,tachyspiza_fasciata_335661915_609821195.jpg
tachyspiza_fasciata,Brown Goshawk,C:\Projects\raptor_australia\dataset\raw\tachyspiza_fasciata\tachyspiza_fasciata_342381174_623485463.jpg,train,tachyspiza_fasciata_342381174_623485463.jpg
tachyspiza_fasciata,Brown Goshawk,C:\Projects\raptor_australia\dataset\raw\tachyspiza_fasciata\tachyspiza_fasciata_346537087_631704506.jpg,train,tachyspiza_fasciata_346537087_631704506.jpg
tachyspiza_fasciata,Brown Goshawk,C:\Projects\raptor_australia\dataset\raw\tachyspiza_fasciata\tachyspiza_fasciata_338168959_614918795.jpg,train,tachyspiza_fasciata_338168959_614918795.jpg
tachyspiza_fasciata,Brown Goshawk,C:\Projects\raptor_australia\dataset\raw\tachyspiza_fasciata\tachyspiza_fasciata_339113324_616820843.jpg,train,tachyspiza_fasciata_339113324_616820843.jpg
tachyspiza_fasciata,Brown Goshawk,C:\Projects\raptor_australia\dataset\raw\tachyspiza_fasciata\tachyspiza_fasciata_338367033_615325636.jpg,train,tachyspiza_fasciata_338367033_615325636.jpg
tachyspiza_fasciata,Brown Goshawk,C:\Projects\raptor_australia\dataset\raw\tachyspiza_fasciata\tachyspiza_fasciata_346125939_630886905.jpg,train,tachyspiza_fasciata_346125939_630886905.jpg
tachyspiza_fasciata,Brown Goshawk,C:\Projects\raptor_australia\dataset\raw\tachyspiza_fasciata\tachyspiza_fasciata_346447968_631523510.jpg,train,tachyspiza_fasciata_346447968_631523510.jpg
tachyspiza_fasciata,Brown Goshawk,C:\Projects\raptor_australia\dataset\raw\tachyspiza_fasciata\tachyspiza_fasciata_340377124_619401292.jpg,train,tachyspiza_fasciata_340377124_619401292.jpg
tachyspiza_fasciata,Brown Goshawk,C:\Projects\raptor_australia\dataset\raw\tachyspiza_fasciata\tachyspiza_fasciata_342168566_623048211.jpg,train,tachyspiza_fasciata_342168566_623048211.jpg
tachyspiza_fasciata,Brown Goshawk,C:\Projects\raptor_australia\dataset\raw\tachyspiza_fasciata\tachyspiza_fasciata_339546616_617709105.jpg,train,tachyspiza_fasciata_339546616_617709105.jpg
tachyspiza_fasciata,Brown Goshawk,C:\Projects\raptor_australia\dataset\raw\tachyspiza_fasciata\tachyspiza_fasciata_349752881_638063152.jpg,train,tachyspiza_fasciata_349752881_638063152.jpg
tachyspiza_fasciata,Brown Goshawk,C:\Projects\raptor_australia\dataset\raw\tachyspiza_fasciata\tachyspiza_fasciata_336505704_611512878.jpg,train,tachyspiza_fasciata_336505704_611512878.jpg
tachyspiza_fasciata,Brown Goshawk,C:\Projects\raptor_australia\dataset\raw\tachyspiza_fasciata\tachyspiza_fasciata_337389095_613318856.jpg,train,tachyspiza_fasciata_337389095_613318856.jpg
tachyspiza_fasciata,Brown Goshawk,C:\Projects\raptor_australia\dataset\raw\tachyspiza_fasciata\tachyspiza_fasciata_339672648_617960992.jpg,train,tachyspiza_fasciata_339672648_617960992.jpg
tachyspiza_fasciata,Brown Goshawk,C:\Projects\raptor_australia\dataset\raw\tachyspiza_fasciata\tachyspiza_fasciata_342314987_623345043.jpg,train,tachyspiza_fasciata_342314987_623345043.jpg
tachyspiza_fasciata,Brown Goshawk,C:\Projects\raptor_australia\dataset\raw\tachyspiza_fasciata\tachyspiza_fasciata_340566299_619787616.jpg,train,tachyspiza_fasciata_340566299_619787616.jpg
tachyspiza_fasciata,Brown Goshawk,C:\Projects\raptor_australia\dataset\raw\tachyspiza_fasciata\tachyspiza_fasciata_340122712_618888386.jpg,train,tachyspiza_fasciata_340122712_618888386.jpg
tachyspiza_fasciata,Brown Goshawk,C:\Projects\raptor_australia\dataset\raw\tachyspiza_fasciata\tachyspiza_fasciata_336401772_611302973.jpg,train,tachyspiza_fasciata_336401772_611302973.jpg
tachyspiza_fasciata,Brown Goshawk,C:\Projects\raptor_australia\dataset\raw\tachyspiza_fasciata\tachyspiza_fasciata_343619092_625742891.jpg,train,tachyspiza_fasciata_343619092_625742891.jpg
tachyspiza_fasciata,Brown Goshawk,C:\Projects\raptor_australia\dataset\raw\tachyspiza_fasciata\tachyspiza_fasciata_345845621_630337002.jpg,train,tachyspiza_fasciata_345845621_630337002.jpg
tachyspiza_fasciata,Brown Goshawk,C:\Projects\raptor_australia\dataset\raw\tachyspiza_fasciata\tachyspiza_fasciata_346953666_632527678.jpg,train,tachyspiza_fasciata_346953666_632527678.jpg
tachyspiza_fasciata,Brown Goshawk,C:\Projects\raptor_australia\dataset\raw\tachyspiza_fasciata\tachyspiza_fasciata_351656783_641751903.jpg,train,tachyspiza_fasciata_351656783_641751903.jpg
tachyspiza_fasciata,Brown Goshawk,C:\Projects\raptor_australia\dataset\raw\tachyspiza_fasciata\tachyspiza_fasciata_337256291_613044044.jpg,train,tachyspiza_fasciata_337256291_613044044.jpg
tachyspiza_fasciata,Brown Goshawk,C:\Projects\raptor_australia\dataset\raw\tachyspiza_fasciata\tachyspiza_fasciata_344649811_627998355.jpg,train,tachyspiza_fasciata_344649811_627998355.jpg
tachyspiza_fasciata,Brown Goshawk,C:\Projects\raptor_australia\dataset\raw\tachyspiza_fasciata\tachyspiza_fasciata_346300903_631236237.jpg,train,tachyspiza_fasciata_346300903_631236237.jpg
tachyspiza_fasciata,Brown Goshawk,C:\Projects\raptor_australia\dataset\raw\tachyspiza_fasciata\tachyspiza_fasciata_343751645_626243987.jpg,train,tachyspiza_fasciata_343751645_626243987.jpg
tachyspiza_fasciata,Brown Goshawk,C:\Projects\raptor_australia\dataset\raw\tachyspiza_fasciata\tachyspiza_fasciata_334781704_608033533.jpg,train,tachyspiza_fasciata_334781704_608033533.jpg
tachyspiza_fasciata,Brown Goshawk,C:\Projects\raptor_australia\dataset\raw\tachyspiza_fasciata\tachyspiza_fasciata_341471198_621640428.jpg,train,tachyspiza_fasciata_341471198_621640428.jpg
tachyspiza_fasciata,Brown Goshawk,C:\Projects\raptor_australia\dataset\raw\tachyspiza_fasciata\tachyspiza_fasciata_348008373_634624800.jpg,train,tachyspiza_fasciata_348008373_634624800.jpg
tachyspiza_fasciata,Brown Goshawk,C:\Projects\raptor_australia\dataset\raw\tachyspiza_fasciata\tachyspiza_fasciata_345657133_629968760.jpg,train,tachyspiza_fasciata_345657133_629968760.jpg
tachyspiza_fasciata,Brown Goshawk,C:\Projects\raptor_australia\dataset\raw\tachyspiza_fasciata\tachyspiza_fasciata_345201542_629065188.jpg,train,tachyspiza_fasciata_345201542_629065188.jpg
tachyspiza_fasciata,Brown Goshawk,C:\Projects\raptor_australia\dataset\raw\tachyspiza_fasciata\tachyspiza_fasciata_342408110_623539182.jpg,train,tachyspiza_fasciata_342408110_623539182.jpg
tachyspiza_fasciata,Brown Goshawk,C:\Projects\raptor_australia\dataset\raw\tachyspiza_fasciata\tachyspiza_fasciata_348650909_635896484.jpg,train,tachyspiza_fasciata_348650909_635896484.jpg
tachyspiza_fasciata,Brown Goshawk,C:\Projects\raptor_australia\dataset\raw\tachyspiza_fasciata\tachyspiza_fasciata_335525756_609546626.jpg,train,tachyspiza_fasciata_335525756_609546626.jpg
tachyspiza_fasciata,Brown Goshawk,C:\Projects\raptor_australia\dataset\raw\tachyspiza_fasciata\tachyspiza_fasciata_334819024_608111837.jpg,train,tachyspiza_fasciata_334819024_608111837.jpg
tachyspiza_fasciata,Brown Goshawk,C:\Projects\raptor_australia\dataset\raw\tachyspiza_fasciata\tachyspiza_fasciata_337178551_612885903.jpg,train,tachyspiza_fasciata_337178551_612885903.jpg
tachyspiza_fasciata,Brown Goshawk,C:\Projects\raptor_australia\dataset\raw\tachyspiza_fasciata\tachyspiza_fasciata_341636986_621980076.jpg,train,tachyspiza_fasciata_341636986_621980076.jpg
tachyspiza_fasciata,Brown Goshawk,C:\Projects\raptor_australia\dataset\raw\tachyspiza_fasciata\tachyspiza_fasciata_337922896_614414884.jpg,train,tachyspiza_fasciata_337922896_614414884.jpg
tachyspiza_fasciata,Brown Goshawk,C:\Projects\raptor_australia\dataset\raw\tachyspiza_fasciata\tachyspiza_fasciata_343296407_625317778.jpg,train,tachyspiza_fasciata_343296407_625317778.jpg
tachyspiza_fasciata,Brown Goshawk,C:\Projects\raptor_australia\dataset\raw\tachyspiza_fasciata\tachyspiza_fasciata_339528292_617671272.jpg,train,tachyspiza_fasciata_339528292_617671272.jpg
tachyspiza_fasciata,Brown Goshawk,C:\Projects\raptor_australia\dataset\raw\tachyspiza_fasciata\tachyspiza_fasciata_346065025_630763909.jpg,train,tachyspiza_fasciata_346065025_630763909.jpg
tachyspiza_fasciata,Brown Goshawk,C:\Projects\raptor_australia\dataset\raw\tachyspiza_fasciata\tachyspiza_fasciata_334976533_608437892.jpg,train,tachyspiza_fasciata_334976533_608437892.jpg
tachyspiza_fasciata,Brown Goshawk,C:\Projects\raptor_australia\dataset\raw\tachyspiza_fasciata\tachyspiza_fasciata_341632992_621971950.jpg,train,tachyspiza_fasciata_341632992_621971950.jpg
tachyspiza_fasciata,Brown Goshawk,C:\Projects\raptor_australia\dataset\raw\tachyspiza_fasciata\tachyspiza_fasciata_335455359_609407379.jpg,val,tachyspiza_fasciata_335455359_609407379.jpg
tachyspiza_fasciata,Brown Goshawk,C:\Projects\raptor_australia\dataset\raw\tachyspiza_fasciata\tachyspiza_fasciata_348004880_634616980.jpg,val,tachyspiza_fasciata_348004880_634616980.jpg
tachyspiza_fasciata,Brown Goshawk,C:\Projects\raptor_australia\dataset\raw\tachyspiza_fasciata\tachyspiza_fasciata_340409756_619470661.jpg,val,tachyspiza_fasciata_340409756_619470661.jpg
tachyspiza_fasciata,Brown Goshawk,C:\Projects\raptor_australia\dataset\raw\tachyspiza_fasciata\tachyspiza_fasciata_340706330_620065757.jpg,val,tachyspiza_fasciata_340706330_620065757.jpg
tachyspiza_fasciata,Brown Goshawk,C:\Projects\raptor_australia\dataset\raw\tachyspiza_fasciata\tachyspiza_fasciata_340425721_619502806.jpg,val,tachyspiza_fasciata_340425721_619502806.jpg
tachyspiza_fasciata,Brown Goshawk,C:\Projects\raptor_australia\dataset\raw\tachyspiza_fasciata\tachyspiza_fasciata_337288151_613110377.jpg,val,tachyspiza_fasciata_337288151_613110377.jpg
tachyspiza_fasciata,Brown Goshawk,C:\Projects\raptor_australia\dataset\raw\tachyspiza_fasciata\tachyspiza_fasciata_347114336_632844487.jpg,val,tachyspiza_fasciata_347114336_632844487.jpg
tachyspiza_fasciata,Brown Goshawk,C:\Projects\raptor_australia\dataset\raw\tachyspiza_fasciata\tachyspiza_fasciata_339108357_616810107.jpg,val,tachyspiza_fasciata_339108357_616810107.jpg
tachyspiza_fasciata,Brown Goshawk,C:\Projects\raptor_australia\dataset\raw\tachyspiza_fasciata\tachyspiza_fasciata_342871895_624458907.jpg,val,tachyspiza_fasciata_342871895_624458907.jpg
tachyspiza_fasciata,Brown Goshawk,C:\Projects\raptor_australia\dataset\raw\tachyspiza_fasciata\tachyspiza_fasciata_337621763_613799845.jpg,val,tachyspiza_fasciata_337621763_613799845.jpg
tachyspiza_fasciata,Brown Goshawk,C:\Projects\raptor_australia\dataset\raw\tachyspiza_fasciata\tachyspiza_fasciata_342846667_624405592.jpg,val,tachyspiza_fasciata_342846667_624405592.jpg
tachyspiza_fasciata,Brown Goshawk,C:\Projects\raptor_australia\dataset\raw\tachyspiza_fasciata\tachyspiza_fasciata_349136831_636847054.jpg,val,tachyspiza_fasciata_349136831_636847054.jpg
tachyspiza_fasciata,Brown Goshawk,C:\Projects\raptor_australia\dataset\raw\tachyspiza_fasciata\tachyspiza_fasciata_335879331_610265006.jpg,val,tachyspiza_fasciata_335879331_610265006.jpg
tachyspiza_fasciata,Brown Goshawk,C:\Projects\raptor_australia\dataset\raw\tachyspiza_fasciata\tachyspiza_fasciata_339659560_617935503.jpg,val,tachyspiza_fasciata_339659560_617935503.jpg
tachyspiza_fasciata,Brown Goshawk,C:\Projects\raptor_australia\dataset\raw\tachyspiza_fasciata\tachyspiza_fasciata_349443251_637456188.jpg,val,tachyspiza_fasciata_349443251_637456188.jpg
tachyspiza_fasciata,Brown Goshawk,C:\Projects\raptor_australia\dataset\raw\tachyspiza_fasciata\tachyspiza_fasciata_341779601_622264449.jpg,val,tachyspiza_fasciata_341779601_622264449.jpg
tachyspiza_fasciata,Brown Goshawk,C:\Projects\raptor_australia\dataset\raw\tachyspiza_fasciata\tachyspiza_fasciata_338054996_614686451.jpg,val,tachyspiza_fasciata_338054996_614686451.jpg
tachyspiza_fasciata,Brown Goshawk,C:\Projects\raptor_australia\dataset\raw\tachyspiza_fasciata\tachyspiza_fasciata_351102677_640674575.jpg,val,tachyspiza_fasciata_351102677_640674575.jpg
tachyspiza_fasciata,Brown Goshawk,C:\Projects\raptor_australia\dataset\raw\tachyspiza_fasciata\tachyspiza_fasciata_349188273_636943642.jpg,val,tachyspiza_fasciata_349188273_636943642.jpg
tachyspiza_fasciata,Brown Goshawk,C:\Projects\raptor_australia\dataset\raw\tachyspiza_fasciata\tachyspiza_fasciata_337392725_613326129.jpg,val,tachyspiza_fasciata_337392725_613326129.jpg
tachyspiza_fasciata,Brown Goshawk,C:\Projects\raptor_australia\dataset\raw\tachyspiza_fasciata\tachyspiza_fasciata_340678297_620006747.jpg,val,tachyspiza_fasciata_340678297_620006747.jpg
tachyspiza_fasciata,Brown Goshawk,C:\Projects\raptor_australia\dataset\raw\tachyspiza_fasciata\tachyspiza_fasciata_337526188_613600469.jpg,val,tachyspiza_fasciata_337526188_613600469.jpg
tachyspiza_fasciata,Brown Goshawk,C:\Projects\raptor_australia\dataset\raw\tachyspiza_fasciata\tachyspiza_fasciata_352434652_643258616.jpg,val,tachyspiza_fasciata_352434652_643258616.jpg
tachyspiza_fasciata,Brown Goshawk,C:\Projects\raptor_australia\dataset\raw\tachyspiza_fasciata\tachyspiza_fasciata_336895952_612309167.jpg,val,tachyspiza_fasciata_336895952_612309167.jpg
tachyspiza_fasciata,Brown Goshawk,C:\Projects\raptor_australia\dataset\raw\tachyspiza_fasciata\tachyspiza_fasciata_345394737_629448368.jpg,val,tachyspiza_fasciata_345394737_629448368.jpg
tachyspiza_fasciata,Brown Goshawk,C:\Projects\raptor_australia\dataset\raw\tachyspiza_fasciata\tachyspiza_fasciata_338988129_616562401.jpg,val,tachyspiza_fasciata_338988129_616562401.jpg
tachyspiza_fasciata,Brown Goshawk,C:\Projects\raptor_australia\dataset\raw\tachyspiza_fasciata\tachyspiza_fasciata_350758503_640029800.jpg,val,tachyspiza_fasciata_350758503_640029800.jpg
tachyspiza_fasciata,Brown Goshawk,C:\Projects\raptor_australia\dataset\raw\tachyspiza_fasciata\tachyspiza_fasciata_340011561_618655824.jpg,val,tachyspiza_fasciata_340011561_618655824.jpg
tachyspiza_fasciata,Brown Goshawk,C:\Projects\raptor_australia\dataset\raw\tachyspiza_fasciata\tachyspiza_fasciata_336183621_610864242.jpg,val,tachyspiza_fasciata_336183621_610864242.jpg
tachyspiza_fasciata,Brown Goshawk,C:\Projects\raptor_australia\dataset\raw\tachyspiza_fasciata\tachyspiza_fasciata_346458471_631544157.jpg,val,tachyspiza_fasciata_346458471_631544157.jpg
tachyspiza_fasciata,Brown Goshawk,C:\Projects\raptor_australia\dataset\raw\tachyspiza_fasciata\tachyspiza_fasciata_341157121_620989952.jpg,test,tachyspiza_fasciata_341157121_620989952.jpg
tachyspiza_fasciata,Brown Goshawk,C:\Projects\raptor_australia\dataset\raw\tachyspiza_fasciata\tachyspiza_fasciata_341328402_621344758.jpg,test,tachyspiza_fasciata_341328402_621344758.jpg
tachyspiza_fasciata,Brown Goshawk,C:\Projects\raptor_australia\dataset\raw\tachyspiza_fasciata\tachyspiza_fasciata_339825294_618271151.jpg,test,tachyspiza_fasciata_339825294_618271151.jpg
tachyspiza_fasciata,Brown Goshawk,C:\Projects\raptor_australia\dataset\raw\tachyspiza_fasciata\tachyspiza_fasciata_335329917_609154039.jpg,test,tachyspiza_fasciata_335329917_609154039.jpg
tachyspiza_fasciata,Brown Goshawk,C:\Projects\raptor_australia\dataset\raw\tachyspiza_fasciata\tachyspiza_fasciata_341459555_621615651.jpg,test,tachyspiza_fasciata_341459555_621615651.jpg
tachyspiza_fasciata,Brown Goshawk,C:\Projects\raptor_australia\dataset\raw\tachyspiza_fasciata\tachyspiza_fasciata_346977777_632576092.jpg,test,tachyspiza_fasciata_346977777_632576092.jpg
tachyspiza_fasciata,Brown Goshawk,C:\Projects\raptor_australia\dataset\raw\tachyspiza_fasciata\tachyspiza_fasciata_351897083_642233641.jpg,test,tachyspiza_fasciata_351897083_642233641.jpg
tachyspiza_fasciata,Brown Goshawk,C:\Projects\raptor_australia\dataset\raw\tachyspiza_fasciata\tachyspiza_fasciata_344648736_627997390.jpg,test,tachyspiza_fasciata_344648736_627997390.jpg
tachyspiza_fasciata,Brown Goshawk,C:\Projects\raptor_australia\dataset\raw\tachyspiza_fasciata\tachyspiza_fasciata_334555200_607578748.jpg,test,tachyspiza_fasciata_334555200_607578748.jpg
tachyspiza_fasciata,Brown Goshawk,C:\Projects\raptor_australia\dataset\raw\tachyspiza_fasciata\tachyspiza_fasciata_350686718_639888453.jpg,test,tachyspiza_fasciata_350686718_639888453.jpg
tachyspiza_fasciata,Brown Goshawk,C:\Projects\raptor_australia\dataset\raw\tachyspiza_fasciata\tachyspiza_fasciata_336216683_610930657.jpg,test,tachyspiza_fasciata_336216683_610930657.jpg
tachyspiza_fasciata,Brown Goshawk,C:\Projects\raptor_australia\dataset\raw\tachyspiza_fasciata\tachyspiza_fasciata_338250456_615084297.jpg,test,tachyspiza_fasciata_338250456_615084297.jpg
tachyspiza_fasciata,Brown Goshawk,C:\Projects\raptor_australia\dataset\raw\tachyspiza_fasciata\tachyspiza_fasciata_340220202_619087897.jpg,test,tachyspiza_fasciata_340220202_619087897.jpg
tachyspiza_fasciata,Brown Goshawk,C:\Projects\raptor_australia\dataset\raw\tachyspiza_fasciata\tachyspiza_fasciata_337867084_614307919.jpg,test,tachyspiza_fasciata_337867084_614307919.jpg
tachyspiza_fasciata,Brown Goshawk,C:\Projects\raptor_australia\dataset\raw\tachyspiza_fasciata\tachyspiza_fasciata_336301246_611102951.jpg,test,tachyspiza_fasciata_336301246_611102951.jpg
tachyspiza_fasciata,Brown Goshawk,C:\Projects\raptor_australia\dataset\raw\tachyspiza_fasciata\tachyspiza_fasciata_340581796_619817070.jpg,test,tachyspiza_fasciata_340581796_619817070.jpg
tachyspiza_fasciata,Brown Goshawk,C:\Projects\raptor_australia\dataset\raw\tachyspiza_fasciata\tachyspiza_fasciata_339275769_617157599.jpg,test,tachyspiza_fasciata_339275769_617157599.jpg
tachyspiza_fasciata,Brown Goshawk,C:\Projects\raptor_australia\dataset\raw\tachyspiza_fasciata\tachyspiza_fasciata_339227408_617049246.jpg,test,tachyspiza_fasciata_339227408_617049246.jpg
tachyspiza_fasciata,Brown Goshawk,C:\Projects\raptor_australia\dataset\raw\tachyspiza_fasciata\tachyspiza_fasciata_336730491_611975829.jpg,test,tachyspiza_fasciata_336730491_611975829.jpg
tachyspiza_fasciata,Brown Goshawk,C:\Projects\raptor_australia\dataset\raw\tachyspiza_fasciata\tachyspiza_fasciata_335823854_610152286.jpg,test,tachyspiza_fasciata_335823854_610152286.jpg
tachyspiza_fasciata,Brown Goshawk,C:\Projects\raptor_australia\dataset\raw\tachyspiza_fasciata\tachyspiza_fasciata_351319840_641090002.jpg,test,tachyspiza_fasciata_351319840_641090002.jpg
tachyspiza_fasciata,Brown Goshawk,C:\Projects\raptor_australia\dataset\raw\tachyspiza_fasciata\tachyspiza_fasciata_341748274_622202622.jpg,test,tachyspiza_fasciata_341748274_622202622.jpg
tachyspiza_fasciata,Brown Goshawk,C:\Projects\raptor_australia\dataset\raw\tachyspiza_fasciata\tachyspiza_fasciata_345631160_629919563.jpg,test,tachyspiza_fasciata_345631160_629919563.jpg
tachyspiza_fasciata,Brown Goshawk,C:\Projects\raptor_australia\dataset\raw\tachyspiza_fasciata\tachyspiza_fasciata_341589236_621877076.jpg,test,tachyspiza_fasciata_341589236_621877076.jpg
tachyspiza_fasciata,Brown Goshawk,C:\Projects\raptor_australia\dataset\raw\tachyspiza_fasciata\tachyspiza_fasciata_346016123_630667198.jpg,test,tachyspiza_fasciata_346016123_630667198.jpg
tachyspiza_fasciata,Brown Goshawk,C:\Projects\raptor_australia\dataset\raw\tachyspiza_fasciata\tachyspiza_fasciata_346330328_631295907.jpg,test,tachyspiza_fasciata_346330328_631295907.jpg
tachyspiza_fasciata,Brown Goshawk,C:\Projects\raptor_australia\dataset\raw\tachyspiza_fasciata\tachyspiza_fasciata_343694266_626126092.jpg,test,tachyspiza_fasciata_343694266_626126092.jpg
tachyspiza_fasciata,Brown Goshawk,C:\Projects\raptor_australia\dataset\raw\tachyspiza_fasciata\tachyspiza_fasciata_349129530_636832833.jpg,test,tachyspiza_fasciata_349129530_636832833.jpg
tachyspiza_fasciata,Brown Goshawk,C:\Projects\raptor_australia\dataset\raw\tachyspiza_fasciata\tachyspiza_fasciata_339719457_618056036.jpg,test,tachyspiza_fasciata_339719457_618056036.jpg
tachyspiza_fasciata,Brown Goshawk,C:\Projects\raptor_australia\dataset\raw\tachyspiza_fasciata\tachyspiza_fasciata_345033597_628736291.jpg,test,tachyspiza_fasciata_345033597_628736291.jpg
tachyspiza_fasciata,Brown Goshawk,C:\Projects\raptor_australia\dataset\raw\tachyspiza_fasciata\tachyspiza_fasciata_350721543_639957754.jpg,test,tachyspiza_fasciata_350721543_639957754.jpg
falco_cenchroides,Nankeen Kestrel,C:\Projects\raptor_australia\dataset\raw\falco_cenchroides\falco_cenchroides_342690102_624106296.jpg,train,falco_cenchroides_342690102_624106296.jpg
falco_cenchroides,Nankeen Kestrel,C:\Projects\raptor_australia\dataset\raw\falco_cenchroides\falco_cenchroides_346122994_630881029.jpg,train,falco_cenchroides_346122994_630881029.jpg
falco_cenchroides,Nankeen Kestrel,C:\Projects\raptor_australia\dataset\raw\falco_cenchroides\falco_cenchroides_344610341_627922084.jpg,train,falco_cenchroides_344610341_627922084.jpg
falco_cenchroides,Nankeen Kestrel,C:\Projects\raptor_australia\dataset\raw\falco_cenchroides\falco_cenchroides_342874081_624462981.jpg,train,falco_cenchroides_342874081_624462981.jpg
falco_cenchroides,Nankeen Kestrel,C:\Projects\raptor_australia\dataset\raw\falco_cenchroides\falco_cenchroides_343900354_626534229.jpg,train,falco_cenchroides_343900354_626534229.jpg
falco_cenchroides,Nankeen Kestrel,C:\Projects\raptor_australia\dataset\raw\falco_cenchroides\falco_cenchroides_342232570_623169154.jpg,train,falco_cenchroides_342232570_623169154.jpg
falco_cenchroides,Nankeen Kestrel,C:\Projects\raptor_australia\dataset\raw\falco_cenchroides\falco_cenchroides_352675059_643603837.jpg,train,falco_cenchroides_352675059_643603837.jpg
falco_cenchroides,Nankeen Kestrel,C:\Projects\raptor_australia\dataset\raw\falco_cenchroides\falco_cenchroides_352571117_643474749.jpg,train,falco_cenchroides_352571117_643474749.jpg
falco_cenchroides,Nankeen Kestrel,C:\Projects\raptor_australia\dataset\raw\falco_cenchroides\falco_cenchroides_351446425_641355508.jpg,train,falco_cenchroides_351446425_641355508.jpg
falco_cenchroides,Nankeen Kestrel,C:\Projects\raptor_australia\dataset\raw\falco_cenchroides\falco_cenchroides_349673975_637906921.jpg,train,falco_cenchroides_349673975_637906921.jpg
falco_cenchroides,Nankeen Kestrel,C:\Projects\raptor_australia\dataset\raw\falco_cenchroides\falco_cenchroides_342844555_624398905.jpg,train,falco_cenchroides_342844555_624398905.jpg
falco_cenchroides,Nankeen Kestrel,C:\Projects\raptor_australia\dataset\raw\falco_cenchroides\falco_cenchroides_352127804_642675117.jpg,train,falco_cenchroides_352127804_642675117.jpg
falco_cenchroides,Nankeen Kestrel,C:\Projects\raptor_australia\dataset\raw\falco_cenchroides\falco_cenchroides_345040448_628751293.jpg,train,falco_cenchroides_345040448_628751293.jpg
falco_cenchroides,Nankeen Kestrel,C:\Projects\raptor_australia\dataset\raw\falco_cenchroides\falco_cenchroides_346955412_632529508.jpg,train,falco_cenchroides_346955412_632529508.jpg
falco_cenchroides,Nankeen Kestrel,C:\Projects\raptor_australia\dataset\raw\falco_cenchroides\falco_cenchroides_345853524_630352506.jpg,train,falco_cenchroides_345853524_630352506.jpg
falco_cenchroides,Nankeen Kestrel,C:\Projects\raptor_australia\dataset\raw\falco_cenchroides\falco_cenchroides_342152322_623010954.jpg,train,falco_cenchroides_342152322_623010954.jpg
falco_cenchroides,Nankeen Kestrel,C:\Projects\raptor_australia\dataset\raw\falco_cenchroides\falco_cenchroides_345631348_629919437.jpg,train,falco_cenchroides_345631348_629919437.jpg
falco_cenchroides,Nankeen Kestrel,C:\Projects\raptor_australia\dataset\raw\falco_cenchroides\falco_cenchroides_351711203_641870212.jpg,train,falco_cenchroides_351711203_641870212.jpg
falco_cenchroides,Nankeen Kestrel,C:\Projects\raptor_australia\dataset\raw\falco_cenchroides\falco_cenchroides_349459317_637489479.jpg,train,falco_cenchroides_349459317_637489479.jpg
falco_cenchroides,Nankeen Kestrel,C:\Projects\raptor_australia\dataset\raw\falco_cenchroides\falco_cenchroides_349206552_636989962.jpg,train,falco_cenchroides_349206552_636989962.jpg
falco_cenchroides,Nankeen Kestrel,C:\Projects\raptor_australia\dataset\raw\falco_cenchroides\falco_cenchroides_342232618_623178597.jpg,train,falco_cenchroides_342232618_623178597.jpg
falco_cenchroides,Nankeen Kestrel,C:\Projects\raptor_australia\dataset\raw\falco_cenchroides\falco_cenchroides_347150311_632921300.jpg,train,falco_cenchroides_347150311_632921300.jpg
falco_cenchroides,Nankeen Kestrel,C:\Projects\raptor_australia\dataset\raw\falco_cenchroides\falco_cenchroides_343746158_626230598.jpg,train,falco_cenchroides_343746158_626230598.jpg
falco_cenchroides,Nankeen Kestrel,C:\Projects\raptor_australia\dataset\raw\falco_cenchroides\falco_cenchroides_351665506_641780399.jpg,train,falco_cenchroides_351665506_641780399.jpg
falco_cenchroides,Nankeen Kestrel,C:\Projects\raptor_australia\dataset\raw\falco_cenchroides\falco_cenchroides_346955408_632526734.jpg,train,falco_cenchroides_346955408_632526734.jpg
falco_cenchroides,Nankeen Kestrel,C:\Projects\raptor_australia\dataset\raw\falco_cenchroides\falco_cenchroides_345198408_629058101.jpg,train,falco_cenchroides_345198408_629058101.jpg
falco_cenchroides,Nankeen Kestrel,C:\Projects\raptor_australia\dataset\raw\falco_cenchroides\falco_cenchroides_348217620_635037000.jpg,train,falco_cenchroides_348217620_635037000.jpg
falco_cenchroides,Nankeen Kestrel,C:\Projects\raptor_australia\dataset\raw\falco_cenchroides\falco_cenchroides_350470512_639469473.jpg,train,falco_cenchroides_350470512_639469473.jpg
falco_cenchroides,Nankeen Kestrel,C:\Projects\raptor_australia\dataset\raw\falco_cenchroides\falco_cenchroides_344159115_627043002.jpg,train,falco_cenchroides_344159115_627043002.jpg
falco_cenchroides,Nankeen Kestrel,C:\Projects\raptor_australia\dataset\raw\falco_cenchroides\falco_cenchroides_350718853_639952711.jpg,train,falco_cenchroides_350718853_639952711.jpg
falco_cenchroides,Nankeen Kestrel,C:\Projects\raptor_australia\dataset\raw\falco_cenchroides\falco_cenchroides_349739539_638038297.jpg,train,falco_cenchroides_349739539_638038297.jpg
falco_cenchroides,Nankeen Kestrel,C:\Projects\raptor_australia\dataset\raw\falco_cenchroides\falco_cenchroides_343646181_626029467.jpg,train,falco_cenchroides_343646181_626029467.jpg
falco_cenchroides,Nankeen Kestrel,C:\Projects\raptor_australia\dataset\raw\falco_cenchroides\falco_cenchroides_351396345_641256755.jpg,train,falco_cenchroides_351396345_641256755.jpg
falco_cenchroides,Nankeen Kestrel,C:\Projects\raptor_australia\dataset\raw\falco_cenchroides\falco_cenchroides_349390092_637342651.jpg,train,falco_cenchroides_349390092_637342651.jpg
falco_cenchroides,Nankeen Kestrel,C:\Projects\raptor_australia\dataset\raw\falco_cenchroides\falco_cenchroides_348643232_635880940.jpg,train,falco_cenchroides_348643232_635880940.jpg
falco_cenchroides,Nankeen Kestrel,C:\Projects\raptor_australia\dataset\raw\falco_cenchroides\falco_cenchroides_351438348_641339445.jpg,train,falco_cenchroides_351438348_641339445.jpg
falco_cenchroides,Nankeen Kestrel,C:\Projects\raptor_australia\dataset\raw\falco_cenchroides\falco_cenchroides_351400068_641262815.jpg,train,falco_cenchroides_351400068_641262815.jpg
falco_cenchroides,Nankeen Kestrel,C:\Projects\raptor_australia\dataset\raw\falco_cenchroides\falco_cenchroides_352482042_643345394.jpg,train,falco_cenchroides_352482042_643345394.jpg
falco_cenchroides,Nankeen Kestrel,C:\Projects\raptor_australia\dataset\raw\falco_cenchroides\falco_cenchroides_351416831_641297009.jpg,train,falco_cenchroides_351416831_641297009.jpg
falco_cenchroides,Nankeen Kestrel,C:\Projects\raptor_australia\dataset\raw\falco_cenchroides\falco_cenchroides_342867784_624450749.jpg,train,falco_cenchroides_342867784_624450749.jpg
falco_cenchroides,Nankeen Kestrel,C:\Projects\raptor_australia\dataset\raw\falco_cenchroides\falco_cenchroides_350232386_639000673.jpg,train,falco_cenchroides_350232386_639000673.jpg
falco_cenchroides,Nankeen Kestrel,C:\Projects\raptor_australia\dataset\raw\falco_cenchroides\falco_cenchroides_347923940_634451066.jpg,train,falco_cenchroides_347923940_634451066.jpg
falco_cenchroides,Nankeen Kestrel,C:\Projects\raptor_australia\dataset\raw\falco_cenchroides\falco_cenchroides_351378377_641217922.jpg,train,falco_cenchroides_351378377_641217922.jpg
falco_cenchroides,Nankeen Kestrel,C:\Projects\raptor_australia\dataset\raw\falco_cenchroides\falco_cenchroides_344346601_627399682.jpg,train,falco_cenchroides_344346601_627399682.jpg
falco_cenchroides,Nankeen Kestrel,C:\Projects\raptor_australia\dataset\raw\falco_cenchroides\falco_cenchroides_342851375_624415747.jpg,train,falco_cenchroides_342851375_624415747.jpg
falco_cenchroides,Nankeen Kestrel,C:\Projects\raptor_australia\dataset\raw\falco_cenchroides\falco_cenchroides_347797457_634202565.jpg,train,falco_cenchroides_347797457_634202565.jpg
falco_cenchroides,Nankeen Kestrel,C:\Projects\raptor_australia\dataset\raw\falco_cenchroides\falco_cenchroides_351617063_641682144.jpg,train,falco_cenchroides_351617063_641682144.jpg
falco_cenchroides,Nankeen Kestrel,C:\Projects\raptor_australia\dataset\raw\falco_cenchroides\falco_cenchroides_341374043_621441186.jpg,train,falco_cenchroides_341374043_621441186.jpg
falco_cenchroides,Nankeen Kestrel,C:\Projects\raptor_australia\dataset\raw\falco_cenchroides\falco_cenchroides_341640326_621987581.jpg,train,falco_cenchroides_341640326_621987581.jpg
falco_cenchroides,Nankeen Kestrel,C:\Projects\raptor_australia\dataset\raw\falco_cenchroides\falco_cenchroides_346900919_632417813.jpg,train,falco_cenchroides_346900919_632417813.jpg
falco_cenchroides,Nankeen Kestrel,C:\Projects\raptor_australia\dataset\raw\falco_cenchroides\falco_cenchroides_344304276_627319109.jpg,train,falco_cenchroides_344304276_627319109.jpg
falco_cenchroides,Nankeen Kestrel,C:\Projects\raptor_australia\dataset\raw\falco_cenchroides\falco_cenchroides_348224895_635051810.jpg,train,falco_cenchroides_348224895_635051810.jpg
falco_cenchroides,Nankeen Kestrel,C:\Projects\raptor_australia\dataset\raw\falco_cenchroides\falco_cenchroides_343065579_624843715.jpg,train,falco_cenchroides_343065579_624843715.jpg
falco_cenchroides,Nankeen Kestrel,C:\Projects\raptor_australia\dataset\raw\falco_cenchroides\falco_cenchroides_347711477_634030541.jpg,train,falco_cenchroides_347711477_634030541.jpg
falco_cenchroides,Nankeen Kestrel,C:\Projects\raptor_australia\dataset\raw\falco_cenchroides\falco_cenchroides_342866176_624447723.jpg,train,falco_cenchroides_342866176_624447723.jpg
falco_cenchroides,Nankeen Kestrel,C:\Projects\raptor_australia\dataset\raw\falco_cenchroides\falco_cenchroides_351382488_641227008.jpg,train,falco_cenchroides_351382488_641227008.jpg
falco_cenchroides,Nankeen Kestrel,C:\Projects\raptor_australia\dataset\raw\falco_cenchroides\falco_cenchroides_343059075_624834600.jpg,train,falco_cenchroides_343059075_624834600.jpg
falco_cenchroides,Nankeen Kestrel,C:\Projects\raptor_australia\dataset\raw\falco_cenchroides\falco_cenchroides_343550103_625832876.jpg,train,falco_cenchroides_343550103_625832876.jpg
falco_cenchroides,Nankeen Kestrel,C:\Projects\raptor_australia\dataset\raw\falco_cenchroides\falco_cenchroides_346553296_631736641.jpg,train,falco_cenchroides_346553296_631736641.jpg
falco_cenchroides,Nankeen Kestrel,C:\Projects\raptor_australia\dataset\raw\falco_cenchroides\falco_cenchroides_343286539_625299515.jpg,train,falco_cenchroides_343286539_625299515.jpg
falco_cenchroides,Nankeen Kestrel,C:\Projects\raptor_australia\dataset\raw\falco_cenchroides\falco_cenchroides_349173122_636923832.jpg,train,falco_cenchroides_349173122_636923832.jpg
falco_cenchroides,Nankeen Kestrel,C:\Projects\raptor_australia\dataset\raw\falco_cenchroides\falco_cenchroides_344851957_628381403.jpg,train,falco_cenchroides_344851957_628381403.jpg
falco_cenchroides,Nankeen Kestrel,C:\Projects\raptor_australia\dataset\raw\falco_cenchroides\falco_cenchroides_342395536_623514444.jpg,train,falco_cenchroides_342395536_623514444.jpg
falco_cenchroides,Nankeen Kestrel,C:\Projects\raptor_australia\dataset\raw\falco_cenchroides\falco_cenchroides_347923948_634451701.jpg,train,falco_cenchroides_347923948_634451701.jpg
falco_cenchroides,Nankeen Kestrel,C:\Projects\raptor_australia\dataset\raw\falco_cenchroides\falco_cenchroides_345263983_629194701.jpg,train,falco_cenchroides_345263983_629194701.jpg
falco_cenchroides,Nankeen Kestrel,C:\Projects\raptor_australia\dataset\raw\falco_cenchroides\falco_cenchroides_343921861_626577944.jpg,train,falco_cenchroides_343921861_626577944.jpg
falco_cenchroides,Nankeen Kestrel,C:\Projects\raptor_australia\dataset\raw\falco_cenchroides\falco_cenchroides_343300535_625323826.jpg,train,falco_cenchroides_343300535_625323826.jpg
falco_cenchroides,Nankeen Kestrel,C:\Projects\raptor_australia\dataset\raw\falco_cenchroides\falco_cenchroides_345014442_628697188.jpg,train,falco_cenchroides_345014442_628697188.jpg
falco_cenchroides,Nankeen Kestrel,C:\Projects\raptor_australia\dataset\raw\falco_cenchroides\falco_cenchroides_350002942_638548363.jpg,train,falco_cenchroides_350002942_638548363.jpg
falco_cenchroides,Nankeen Kestrel,C:\Projects\raptor_australia\dataset\raw\falco_cenchroides\falco_cenchroides_351418349_641300299.jpg,train,falco_cenchroides_351418349_641300299.jpg
falco_cenchroides,Nankeen Kestrel,C:\Projects\raptor_australia\dataset\raw\falco_cenchroides\falco_cenchroides_342881634_624478889.jpg,train,falco_cenchroides_342881634_624478889.jpg
falco_cenchroides,Nankeen Kestrel,C:\Projects\raptor_australia\dataset\raw\falco_cenchroides\falco_cenchroides_345022483_628713425.jpg,train,falco_cenchroides_345022483_628713425.jpg
falco_cenchroides,Nankeen Kestrel,C:\Projects\raptor_australia\dataset\raw\falco_cenchroides\falco_cenchroides_347217495_633055129.jpg,train,falco_cenchroides_347217495_633055129.jpg
falco_cenchroides,Nankeen Kestrel,C:\Projects\raptor_australia\dataset\raw\falco_cenchroides\falco_cenchroides_344851953_628380472.jpg,train,falco_cenchroides_344851953_628380472.jpg
falco_cenchroides,Nankeen Kestrel,C:\Projects\raptor_australia\dataset\raw\falco_cenchroides\falco_cenchroides_347754887_634120844.jpg,train,falco_cenchroides_347754887_634120844.jpg
falco_cenchroides,Nankeen Kestrel,C:\Projects\raptor_australia\dataset\raw\falco_cenchroides\falco_cenchroides_341342373_621375052.jpg,train,falco_cenchroides_341342373_621375052.jpg
falco_cenchroides,Nankeen Kestrel,C:\Projects\raptor_australia\dataset\raw\falco_cenchroides\falco_cenchroides_344655760_628011052.jpg,train,falco_cenchroides_344655760_628011052.jpg
falco_cenchroides,Nankeen Kestrel,C:\Projects\raptor_australia\dataset\raw\falco_cenchroides\falco_cenchroides_341233329_621147846.jpg,train,falco_cenchroides_341233329_621147846.jpg
falco_cenchroides,Nankeen Kestrel,C:\Projects\raptor_australia\dataset\raw\falco_cenchroides\falco_cenchroides_351064172_640625823.jpg,train,falco_cenchroides_351064172_640625823.jpg
falco_cenchroides,Nankeen Kestrel,C:\Projects\raptor_australia\dataset\raw\falco_cenchroides\falco_cenchroides_347778838_634170050.jpg,train,falco_cenchroides_347778838_634170050.jpg
falco_cenchroides,Nankeen Kestrel,C:\Projects\raptor_australia\dataset\raw\falco_cenchroides\falco_cenchroides_345427133_629517330.jpg,train,falco_cenchroides_345427133_629517330.jpg
falco_cenchroides,Nankeen Kestrel,C:\Projects\raptor_australia\dataset\raw\falco_cenchroides\falco_cenchroides_349986338_638514722.jpg,train,falco_cenchroides_349986338_638514722.jpg
falco_cenchroides,Nankeen Kestrel,C:\Projects\raptor_australia\dataset\raw\falco_cenchroides\falco_cenchroides_345545021_629740620.jpg,train,falco_cenchroides_345545021_629740620.jpg
falco_cenchroides,Nankeen Kestrel,C:\Projects\raptor_australia\dataset\raw\falco_cenchroides\falco_cenchroides_342398267_623519955.jpg,train,falco_cenchroides_342398267_623519955.jpg
falco_cenchroides,Nankeen Kestrel,C:\Projects\raptor_australia\dataset\raw\falco_cenchroides\falco_cenchroides_342668037_624060969.jpg,train,falco_cenchroides_342668037_624060969.jpg
falco_cenchroides,Nankeen Kestrel,C:\Projects\raptor_australia\dataset\raw\falco_cenchroides\falco_cenchroides_341179629_621037219.jpg,train,falco_cenchroides_341179629_621037219.jpg
falco_cenchroides,Nankeen Kestrel,C:\Projects\raptor_australia\dataset\raw\falco_cenchroides\falco_cenchroides_349967587_638480291.jpg,train,falco_cenchroides_349967587_638480291.jpg
falco_cenchroides,Nankeen Kestrel,C:\Projects\raptor_australia\dataset\raw\falco_cenchroides\falco_cenchroides_343065581_624843921.jpg,train,falco_cenchroides_343065581_624843921.jpg
falco_cenchroides,Nankeen Kestrel,C:\Projects\raptor_australia\dataset\raw\falco_cenchroides\falco_cenchroides_342547913_623819179.jpg,train,falco_cenchroides_342547913_623819179.jpg
falco_cenchroides,Nankeen Kestrel,C:\Projects\raptor_australia\dataset\raw\falco_cenchroides\falco_cenchroides_342050327_622814213.jpg,train,falco_cenchroides_342050327_622814213.jpg
falco_cenchroides,Nankeen Kestrel,C:\Projects\raptor_australia\dataset\raw\falco_cenchroides\falco_cenchroides_342713552_624140396.jpg,train,falco_cenchroides_342713552_624140396.jpg
falco_cenchroides,Nankeen Kestrel,C:\Projects\raptor_australia\dataset\raw\falco_cenchroides\falco_cenchroides_346900427_632417072.jpg,train,falco_cenchroides_346900427_632417072.jpg
falco_cenchroides,Nankeen Kestrel,C:\Projects\raptor_australia\dataset\raw\falco_cenchroides\falco_cenchroides_345451266_629563913.jpg,train,falco_cenchroides_345451266_629563913.jpg
falco_cenchroides,Nankeen Kestrel,C:\Projects\raptor_australia\dataset\raw\falco_cenchroides\falco_cenchroides_343058965_624834428.jpg,train,falco_cenchroides_343058965_624834428.jpg
falco_cenchroides,Nankeen Kestrel,C:\Projects\raptor_australia\dataset\raw\falco_cenchroides\falco_cenchroides_341643884_621995376.jpg,train,falco_cenchroides_341643884_621995376.jpg
falco_cenchroides,Nankeen Kestrel,C:\Projects\raptor_australia\dataset\raw\falco_cenchroides\falco_cenchroides_351388405_641234802.jpg,train,falco_cenchroides_351388405_641234802.jpg
falco_cenchroides,Nankeen Kestrel,C:\Projects\raptor_australia\dataset\raw\falco_cenchroides\falco_cenchroides_350654784_639824687.jpg,train,falco_cenchroides_350654784_639824687.jpg
falco_cenchroides,Nankeen Kestrel,C:\Projects\raptor_australia\dataset\raw\falco_cenchroides\falco_cenchroides_341342361_621374160.jpg,train,falco_cenchroides_341342361_621374160.jpg
falco_cenchroides,Nankeen Kestrel,C:\Projects\raptor_australia\dataset\raw\falco_cenchroides\falco_cenchroides_352675041_643603766.jpg,train,falco_cenchroides_352675041_643603766.jpg
falco_cenchroides,Nankeen Kestrel,C:\Projects\raptor_australia\dataset\raw\falco_cenchroides\falco_cenchroides_350149682_638833581.jpg,train,falco_cenchroides_350149682_638833581.jpg
falco_cenchroides,Nankeen Kestrel,C:\Projects\raptor_australia\dataset\raw\falco_cenchroides\falco_cenchroides_350757448_640028105.jpg,train,falco_cenchroides_350757448_640028105.jpg
falco_cenchroides,Nankeen Kestrel,C:\Projects\raptor_australia\dataset\raw\falco_cenchroides\falco_cenchroides_346955416_632529676.jpg,train,falco_cenchroides_346955416_632529676.jpg
falco_cenchroides,Nankeen Kestrel,C:\Projects\raptor_australia\dataset\raw\falco_cenchroides\falco_cenchroides_349390050_637324220.jpg,train,falco_cenchroides_349390050_637324220.jpg
falco_cenchroides,Nankeen Kestrel,C:\Projects\raptor_australia\dataset\raw\falco_cenchroides\falco_cenchroides_349148588_636873901.jpg,train,falco_cenchroides_349148588_636873901.jpg
falco_cenchroides,Nankeen Kestrel,C:\Projects\raptor_australia\dataset\raw\falco_cenchroides\falco_cenchroides_348236264_635076228.jpg,train,falco_cenchroides_348236264_635076228.jpg
falco_cenchroides,Nankeen Kestrel,C:\Projects\raptor_australia\dataset\raw\falco_cenchroides\falco_cenchroides_348234557_635072481.jpg,train,falco_cenchroides_348234557_635072481.jpg
falco_cenchroides,Nankeen Kestrel,C:\Projects\raptor_australia\dataset\raw\falco_cenchroides\falco_cenchroides_347196429_633014999.jpg,train,falco_cenchroides_347196429_633014999.jpg
falco_cenchroides,Nankeen Kestrel,C:\Projects\raptor_australia\dataset\raw\falco_cenchroides\falco_cenchroides_348397369_635390284.jpg,train,falco_cenchroides_348397369_635390284.jpg
falco_cenchroides,Nankeen Kestrel,C:\Projects\raptor_australia\dataset\raw\falco_cenchroides\falco_cenchroides_351396475_641257068.jpg,train,falco_cenchroides_351396475_641257068.jpg
falco_cenchroides,Nankeen Kestrel,C:\Projects\raptor_australia\dataset\raw\falco_cenchroides\falco_cenchroides_345881738_630409312.jpg,train,falco_cenchroides_345881738_630409312.jpg
falco_cenchroides,Nankeen Kestrel,C:\Projects\raptor_australia\dataset\raw\falco_cenchroides\falco_cenchroides_344851940_628376004.jpg,train,falco_cenchroides_344851940_628376004.jpg
falco_cenchroides,Nankeen Kestrel,C:\Projects\raptor_australia\dataset\raw\falco_cenchroides\falco_cenchroides_348044998_634697399.jpg,train,falco_cenchroides_348044998_634697399.jpg
falco_cenchroides,Nankeen Kestrel,C:\Projects\raptor_australia\dataset\raw\falco_cenchroides\falco_cenchroides_344981012_628631260.jpg,train,falco_cenchroides_344981012_628631260.jpg
falco_cenchroides,Nankeen Kestrel,C:\Projects\raptor_australia\dataset\raw\falco_cenchroides\falco_cenchroides_341451142_621597820.jpg,train,falco_cenchroides_341451142_621597820.jpg
falco_cenchroides,Nankeen Kestrel,C:\Projects\raptor_australia\dataset\raw\falco_cenchroides\falco_cenchroides_341152565_620981355.jpg,train,falco_cenchroides_341152565_620981355.jpg
falco_cenchroides,Nankeen Kestrel,C:\Projects\raptor_australia\dataset\raw\falco_cenchroides\falco_cenchroides_342203131_623120875.jpg,train,falco_cenchroides_342203131_623120875.jpg
falco_cenchroides,Nankeen Kestrel,C:\Projects\raptor_australia\dataset\raw\falco_cenchroides\falco_cenchroides_349909118_638330724.jpg,train,falco_cenchroides_349909118_638330724.jpg
falco_cenchroides,Nankeen Kestrel,C:\Projects\raptor_australia\dataset\raw\falco_cenchroides\falco_cenchroides_341668799_622037594.jpg,train,falco_cenchroides_341668799_622037594.jpg
falco_cenchroides,Nankeen Kestrel,C:\Projects\raptor_australia\dataset\raw\falco_cenchroides\falco_cenchroides_343748393_626233988.jpg,train,falco_cenchroides_343748393_626233988.jpg
falco_cenchroides,Nankeen Kestrel,C:\Projects\raptor_australia\dataset\raw\falco_cenchroides\falco_cenchroides_350736127_639987570.jpg,train,falco_cenchroides_350736127_639987570.jpg
falco_cenchroides,Nankeen Kestrel,C:\Projects\raptor_australia\dataset\raw\falco_cenchroides\falco_cenchroides_342232585_623172741.jpg,train,falco_cenchroides_342232585_623172741.jpg
falco_cenchroides,Nankeen Kestrel,C:\Projects\raptor_australia\dataset\raw\falco_cenchroides\falco_cenchroides_341060171_620792194.jpg,train,falco_cenchroides_341060171_620792194.jpg
falco_cenchroides,Nankeen Kestrel,C:\Projects\raptor_australia\dataset\raw\falco_cenchroides\falco_cenchroides_351699825_641847377.jpg,train,falco_cenchroides_351699825_641847377.jpg
falco_cenchroides,Nankeen Kestrel,C:\Projects\raptor_australia\dataset\raw\falco_cenchroides\falco_cenchroides_349790385_638131830.jpg,train,falco_cenchroides_349790385_638131830.jpg
falco_cenchroides,Nankeen Kestrel,C:\Projects\raptor_australia\dataset\raw\falco_cenchroides\falco_cenchroides_344314169_627340463.jpg,train,falco_cenchroides_344314169_627340463.jpg
falco_cenchroides,Nankeen Kestrel,C:\Projects\raptor_australia\dataset\raw\falco_cenchroides\falco_cenchroides_345143659_628948733.jpg,train,falco_cenchroides_345143659_628948733.jpg
falco_cenchroides,Nankeen Kestrel,C:\Projects\raptor_australia\dataset\raw\falco_cenchroides\falco_cenchroides_341342362_621374459.jpg,train,falco_cenchroides_341342362_621374459.jpg
falco_cenchroides,Nankeen Kestrel,C:\Projects\raptor_australia\dataset\raw\falco_cenchroides\falco_cenchroides_342232571_623168446.jpg,train,falco_cenchroides_342232571_623168446.jpg
falco_cenchroides,Nankeen Kestrel,C:\Projects\raptor_australia\dataset\raw\falco_cenchroides\falco_cenchroides_342692750_624112409.jpg,train,falco_cenchroides_342692750_624112409.jpg
falco_cenchroides,Nankeen Kestrel,C:\Projects\raptor_australia\dataset\raw\falco_cenchroides\falco_cenchroides_341954791_622617465.jpg,train,falco_cenchroides_341954791_622617465.jpg
falco_cenchroides,Nankeen Kestrel,C:\Projects\raptor_australia\dataset\raw\falco_cenchroides\falco_cenchroides_345070357_628809691.jpg,train,falco_cenchroides_345070357_628809691.jpg
falco_cenchroides,Nankeen Kestrel,C:\Projects\raptor_australia\dataset\raw\falco_cenchroides\falco_cenchroides_349909246_638344947.jpg,train,falco_cenchroides_349909246_638344947.jpg
falco_cenchroides,Nankeen Kestrel,C:\Projects\raptor_australia\dataset\raw\falco_cenchroides\falco_cenchroides_341060160_620792149.jpg,train,falco_cenchroides_341060160_620792149.jpg
falco_cenchroides,Nankeen Kestrel,C:\Projects\raptor_australia\dataset\raw\falco_cenchroides\falco_cenchroides_352538847_643432199.jpg,train,falco_cenchroides_352538847_643432199.jpg
falco_cenchroides,Nankeen Kestrel,C:\Projects\raptor_australia\dataset\raw\falco_cenchroides\falco_cenchroides_343065587_624845132.jpg,train,falco_cenchroides_343065587_624845132.jpg
falco_cenchroides,Nankeen Kestrel,C:\Projects\raptor_australia\dataset\raw\falco_cenchroides\falco_cenchroides_349178115_636931325.jpg,train,falco_cenchroides_349178115_636931325.jpg
falco_cenchroides,Nankeen Kestrel,C:\Projects\raptor_australia\dataset\raw\falco_cenchroides\falco_cenchroides_346389806_631409448.jpg,train,falco_cenchroides_346389806_631409448.jpg
falco_cenchroides,Nankeen Kestrel,C:\Projects\raptor_australia\dataset\raw\falco_cenchroides\falco_cenchroides_342400409_623524387.jpg,train,falco_cenchroides_342400409_623524387.jpg
falco_cenchroides,Nankeen Kestrel,C:\Projects\raptor_australia\dataset\raw\falco_cenchroides\falco_cenchroides_351066097_640607560.jpg,train,falco_cenchroides_351066097_640607560.jpg
falco_cenchroides,Nankeen Kestrel,C:\Projects\raptor_australia\dataset\raw\falco_cenchroides\falco_cenchroides_342400342_623524214.jpg,train,falco_cenchroides_342400342_623524214.jpg
falco_cenchroides,Nankeen Kestrel,C:\Projects\raptor_australia\dataset\raw\falco_cenchroides\falco_cenchroides_341847891_622404922.jpg,train,falco_cenchroides_341847891_622404922.jpg
falco_cenchroides,Nankeen Kestrel,C:\Projects\raptor_australia\dataset\raw\falco_cenchroides\falco_cenchroides_342673140_624071565.jpg,train,falco_cenchroides_342673140_624071565.jpg
falco_cenchroides,Nankeen Kestrel,C:\Projects\raptor_australia\dataset\raw\falco_cenchroides\falco_cenchroides_343169896_625045673.jpg,train,falco_cenchroides_343169896_625045673.jpg
falco_cenchroides,Nankeen Kestrel,C:\Projects\raptor_australia\dataset\raw\falco_cenchroides\falco_cenchroides_341342355_621373817.jpg,train,falco_cenchroides_341342355_621373817.jpg
falco_cenchroides,Nankeen Kestrel,C:\Projects\raptor_australia\dataset\raw\falco_cenchroides\falco_cenchroides_341175114_621027439.jpg,train,falco_cenchroides_341175114_621027439.jpg
falco_cenchroides,Nankeen Kestrel,C:\Projects\raptor_australia\dataset\raw\falco_cenchroides\falco_cenchroides_351699810_641845815.jpg,train,falco_cenchroides_351699810_641845815.jpg
falco_cenchroides,Nankeen Kestrel,C:\Projects\raptor_australia\dataset\raw\falco_cenchroides\falco_cenchroides_351069665_640613456.jpg,train,falco_cenchroides_351069665_640613456.jpg
falco_cenchroides,Nankeen Kestrel,C:\Projects\raptor_australia\dataset\raw\falco_cenchroides\falco_cenchroides_346955415_632529813.jpg,train,falco_cenchroides_346955415_632529813.jpg
falco_cenchroides,Nankeen Kestrel,C:\Projects\raptor_australia\dataset\raw\falco_cenchroides\falco_cenchroides_348901314_636396757.jpg,train,falco_cenchroides_348901314_636396757.jpg
falco_cenchroides,Nankeen Kestrel,C:\Projects\raptor_australia\dataset\raw\falco_cenchroides\falco_cenchroides_342232619_623178909.jpg,train,falco_cenchroides_342232619_623178909.jpg
falco_cenchroides,Nankeen Kestrel,C:\Projects\raptor_australia\dataset\raw\falco_cenchroides\falco_cenchroides_351385640_641233797.jpg,train,falco_cenchroides_351385640_641233797.jpg
falco_cenchroides,Nankeen Kestrel,C:\Projects\raptor_australia\dataset\raw\falco_cenchroides\falco_cenchroides_349141176_636859294.jpg,train,falco_cenchroides_349141176_636859294.jpg
falco_cenchroides,Nankeen Kestrel,C:\Projects\raptor_australia\dataset\raw\falco_cenchroides\falco_cenchroides_341342363_621374520.jpg,train,falco_cenchroides_341342363_621374520.jpg
falco_cenchroides,Nankeen Kestrel,C:\Projects\raptor_australia\dataset\raw\falco_cenchroides\falco_cenchroides_343584519_625905695.jpg,train,falco_cenchroides_343584519_625905695.jpg
falco_cenchroides,Nankeen Kestrel,C:\Projects\raptor_australia\dataset\raw\falco_cenchroides\falco_cenchroides_350439777_639396417.jpg,train,falco_cenchroides_350439777_639396417.jpg
falco_cenchroides,Nankeen Kestrel,C:\Projects\raptor_australia\dataset\raw\falco_cenchroides\falco_cenchroides_351646551_641740926.jpg,train,falco_cenchroides_351646551_641740926.jpg
falco_cenchroides,Nankeen Kestrel,C:\Projects\raptor_australia\dataset\raw\falco_cenchroides\falco_cenchroides_346789033_632190782.jpg,train,falco_cenchroides_346789033_632190782.jpg
falco_cenchroides,Nankeen Kestrel,C:\Projects\raptor_australia\dataset\raw\falco_cenchroides\falco_cenchroides_343585474_625907819.jpg,train,falco_cenchroides_343585474_625907819.jpg
falco_cenchroides,Nankeen Kestrel,C:\Projects\raptor_australia\dataset\raw\falco_cenchroides\falco_cenchroides_346972595_632565991.jpg,train,falco_cenchroides_346972595_632565991.jpg
falco_cenchroides,Nankeen Kestrel,C:\Projects\raptor_australia\dataset\raw\falco_cenchroides\falco_cenchroides_346249190_631131296.jpg,train,falco_cenchroides_346249190_631131296.jpg
falco_cenchroides,Nankeen Kestrel,C:\Projects\raptor_australia\dataset\raw\falco_cenchroides\falco_cenchroides_344366493_627449107.jpg,train,falco_cenchroides_344366493_627449107.jpg
falco_cenchroides,Nankeen Kestrel,C:\Projects\raptor_australia\dataset\raw\falco_cenchroides\falco_cenchroides_342512127_623750203.jpg,train,falco_cenchroides_342512127_623750203.jpg
falco_cenchroides,Nankeen Kestrel,C:\Projects\raptor_australia\dataset\raw\falco_cenchroides\falco_cenchroides_352210011_642839612.jpg,train,falco_cenchroides_352210011_642839612.jpg
falco_cenchroides,Nankeen Kestrel,C:\Projects\raptor_australia\dataset\raw\falco_cenchroides\falco_cenchroides_341188449_621056236.jpg,train,falco_cenchroides_341188449_621056236.jpg
falco_cenchroides,Nankeen Kestrel,C:\Projects\raptor_australia\dataset\raw\falco_cenchroides\falco_cenchroides_342861151_624437054.jpg,train,falco_cenchroides_342861151_624437054.jpg
falco_cenchroides,Nankeen Kestrel,C:\Projects\raptor_australia\dataset\raw\falco_cenchroides\falco_cenchroides_347465090_633542865.jpg,train,falco_cenchroides_347465090_633542865.jpg
falco_cenchroides,Nankeen Kestrel,C:\Projects\raptor_australia\dataset\raw\falco_cenchroides\falco_cenchroides_346007973_630648431.jpg,train,falco_cenchroides_346007973_630648431.jpg
falco_cenchroides,Nankeen Kestrel,C:\Projects\raptor_australia\dataset\raw\falco_cenchroides\falco_cenchroides_344851954_628379539.jpg,train,falco_cenchroides_344851954_628379539.jpg
falco_cenchroides,Nankeen Kestrel,C:\Projects\raptor_australia\dataset\raw\falco_cenchroides\falco_cenchroides_352602405_643517377.jpg,train,falco_cenchroides_352602405_643517377.jpg
falco_cenchroides,Nankeen Kestrel,C:\Projects\raptor_australia\dataset\raw\falco_cenchroides\falco_cenchroides_350718948_639952867.jpg,train,falco_cenchroides_350718948_639952867.jpg
falco_cenchroides,Nankeen Kestrel,C:\Projects\raptor_australia\dataset\raw\falco_cenchroides\falco_cenchroides_344092632_626911808.jpg,train,falco_cenchroides_344092632_626911808.jpg
falco_cenchroides,Nankeen Kestrel,C:\Projects\raptor_australia\dataset\raw\falco_cenchroides\falco_cenchroides_342053512_622818418.jpg,train,falco_cenchroides_342053512_622818418.jpg
falco_cenchroides,Nankeen Kestrel,C:\Projects\raptor_australia\dataset\raw\falco_cenchroides\falco_cenchroides_345749410_630144092.jpg,train,falco_cenchroides_345749410_630144092.jpg
falco_cenchroides,Nankeen Kestrel,C:\Projects\raptor_australia\dataset\raw\falco_cenchroides\falco_cenchroides_344157099_627039904.jpg,train,falco_cenchroides_344157099_627039904.jpg
falco_cenchroides,Nankeen Kestrel,C:\Projects\raptor_australia\dataset\raw\falco_cenchroides\falco_cenchroides_345421246_629504266.jpg,train,falco_cenchroides_345421246_629504266.jpg
falco_cenchroides,Nankeen Kestrel,C:\Projects\raptor_australia\dataset\raw\falco_cenchroides\falco_cenchroides_346918264_632445674.jpg,train,falco_cenchroides_346918264_632445674.jpg
falco_cenchroides,Nankeen Kestrel,C:\Projects\raptor_australia\dataset\raw\falco_cenchroides\falco_cenchroides_351978130_642379649.jpg,train,falco_cenchroides_351978130_642379649.jpg
falco_cenchroides,Nankeen Kestrel,C:\Projects\raptor_australia\dataset\raw\falco_cenchroides\falco_cenchroides_348723140_636021733.jpg,train,falco_cenchroides_348723140_636021733.jpg
falco_cenchroides,Nankeen Kestrel,C:\Projects\raptor_australia\dataset\raw\falco_cenchroides\falco_cenchroides_343746159_626230587.jpg,train,falco_cenchroides_343746159_626230587.jpg
falco_cenchroides,Nankeen Kestrel,C:\Projects\raptor_australia\dataset\raw\falco_cenchroides\falco_cenchroides_342007451_622728140.jpg,train,falco_cenchroides_342007451_622728140.jpg
falco_cenchroides,Nankeen Kestrel,C:\Projects\raptor_australia\dataset\raw\falco_cenchroides\falco_cenchroides_349390028_637319076.jpg,train,falco_cenchroides_349390028_637319076.jpg
falco_cenchroides,Nankeen Kestrel,C:\Projects\raptor_australia\dataset\raw\falco_cenchroides\falco_cenchroides_342591394_623909546.jpg,train,falco_cenchroides_342591394_623909546.jpg
falco_cenchroides,Nankeen Kestrel,C:\Projects\raptor_australia\dataset\raw\falco_cenchroides\falco_cenchroides_341491381_622249825.jpg,train,falco_cenchroides_341491381_622249825.jpg
falco_cenchroides,Nankeen Kestrel,C:\Projects\raptor_australia\dataset\raw\falco_cenchroides\falco_cenchroides_347382437_633376738.jpg,train,falco_cenchroides_347382437_633376738.jpg
falco_cenchroides,Nankeen Kestrel,C:\Projects\raptor_australia\dataset\raw\falco_cenchroides\falco_cenchroides_344851956_628381157.jpg,train,falco_cenchroides_344851956_628381157.jpg
falco_cenchroides,Nankeen Kestrel,C:\Projects\raptor_australia\dataset\raw\falco_cenchroides\falco_cenchroides_347496590_633608873.jpg,train,falco_cenchroides_347496590_633608873.jpg
falco_cenchroides,Nankeen Kestrel,C:\Projects\raptor_australia\dataset\raw\falco_cenchroides\falco_cenchroides_341188726_621056396.jpg,train,falco_cenchroides_341188726_621056396.jpg
falco_cenchroides,Nankeen Kestrel,C:\Projects\raptor_australia\dataset\raw\falco_cenchroides\falco_cenchroides_351595853_641638827.jpg,train,falco_cenchroides_351595853_641638827.jpg
falco_cenchroides,Nankeen Kestrel,C:\Projects\raptor_australia\dataset\raw\falco_cenchroides\falco_cenchroides_342021129_622750044.jpg,train,falco_cenchroides_342021129_622750044.jpg
falco_cenchroides,Nankeen Kestrel,C:\Projects\raptor_australia\dataset\raw\falco_cenchroides\falco_cenchroides_349706563_637975925.jpg,train,falco_cenchroides_349706563_637975925.jpg
falco_cenchroides,Nankeen Kestrel,C:\Projects\raptor_australia\dataset\raw\falco_cenchroides\falco_cenchroides_343911812_626557618.jpg,train,falco_cenchroides_343911812_626557618.jpg
falco_cenchroides,Nankeen Kestrel,C:\Projects\raptor_australia\dataset\raw\falco_cenchroides\falco_cenchroides_346569714_631767784.jpg,train,falco_cenchroides_346569714_631767784.jpg
falco_cenchroides,Nankeen Kestrel,C:\Projects\raptor_australia\dataset\raw\falco_cenchroides\falco_cenchroides_342900574_624515555.jpg,train,falco_cenchroides_342900574_624515555.jpg
falco_cenchroides,Nankeen Kestrel,C:\Projects\raptor_australia\dataset\raw\falco_cenchroides\falco_cenchroides_346955418_632529824.jpg,train,falco_cenchroides_346955418_632529824.jpg
falco_cenchroides,Nankeen Kestrel,C:\Projects\raptor_australia\dataset\raw\falco_cenchroides\falco_cenchroides_344831346_628341338.jpg,train,falco_cenchroides_344831346_628341338.jpg
falco_cenchroides,Nankeen Kestrel,C:\Projects\raptor_australia\dataset\raw\falco_cenchroides\falco_cenchroides_346531374_631693518.jpg,train,falco_cenchroides_346531374_631693518.jpg
falco_cenchroides,Nankeen Kestrel,C:\Projects\raptor_australia\dataset\raw\falco_cenchroides\falco_cenchroides_341342364_621374603.jpg,train,falco_cenchroides_341342364_621374603.jpg
falco_cenchroides,Nankeen Kestrel,C:\Projects\raptor_australia\dataset\raw\falco_cenchroides\falco_cenchroides_346564376_631755146.jpg,train,falco_cenchroides_346564376_631755146.jpg
falco_cenchroides,Nankeen Kestrel,C:\Projects\raptor_australia\dataset\raw\falco_cenchroides\falco_cenchroides_342518327_623762407.jpg,train,falco_cenchroides_342518327_623762407.jpg
falco_cenchroides,Nankeen Kestrel,C:\Projects\raptor_australia\dataset\raw\falco_cenchroides\falco_cenchroides_345886765_630417875.jpg,train,falco_cenchroides_345886765_630417875.jpg
falco_cenchroides,Nankeen Kestrel,C:\Projects\raptor_australia\dataset\raw\falco_cenchroides\falco_cenchroides_343065585_624844989.jpg,train,falco_cenchroides_343065585_624844989.jpg
falco_cenchroides,Nankeen Kestrel,C:\Projects\raptor_australia\dataset\raw\falco_cenchroides\falco_cenchroides_345444036_629548254.jpg,train,falco_cenchroides_345444036_629548254.jpg
falco_cenchroides,Nankeen Kestrel,C:\Projects\raptor_australia\dataset\raw\falco_cenchroides\falco_cenchroides_351093844_640657417.jpg,train,falco_cenchroides_351093844_640657417.jpg
falco_cenchroides,Nankeen Kestrel,C:\Projects\raptor_australia\dataset\raw\falco_cenchroides\falco_cenchroides_341176796_621031219.jpg,train,falco_cenchroides_341176796_621031219.jpg
falco_cenchroides,Nankeen Kestrel,C:\Projects\raptor_australia\dataset\raw\falco_cenchroides\falco_cenchroides_344851922_628371378.jpg,train,falco_cenchroides_344851922_628371378.jpg
falco_cenchroides,Nankeen Kestrel,C:\Projects\raptor_australia\dataset\raw\falco_cenchroides\falco_cenchroides_342547941_623819968.jpg,train,falco_cenchroides_342547941_623819968.jpg
falco_cenchroides,Nankeen Kestrel,C:\Projects\raptor_australia\dataset\raw\falco_cenchroides\falco_cenchroides_348568997_635728545.jpg,train,falco_cenchroides_348568997_635728545.jpg
falco_cenchroides,Nankeen Kestrel,C:\Projects\raptor_australia\dataset\raw\falco_cenchroides\falco_cenchroides_341640341_621990328.jpg,train,falco_cenchroides_341640341_621990328.jpg
falco_cenchroides,Nankeen Kestrel,C:\Projects\raptor_australia\dataset\raw\falco_cenchroides\falco_cenchroides_343600184_625938961.jpg,train,falco_cenchroides_343600184_625938961.jpg
falco_cenchroides,Nankeen Kestrel,C:\Projects\raptor_australia\dataset\raw\falco_cenchroides\falco_cenchroides_346544858_631718989.jpg,train,falco_cenchroides_346544858_631718989.jpg
falco_cenchroides,Nankeen Kestrel,C:\Projects\raptor_australia\dataset\raw\falco_cenchroides\falco_cenchroides_348248267_635100125.jpg,train,falco_cenchroides_348248267_635100125.jpg
falco_cenchroides,Nankeen Kestrel,C:\Projects\raptor_australia\dataset\raw\falco_cenchroides\falco_cenchroides_351395513_641254667.jpg,train,falco_cenchroides_351395513_641254667.jpg
falco_cenchroides,Nankeen Kestrel,C:\Projects\raptor_australia\dataset\raw\falco_cenchroides\falco_cenchroides_345656933_629968268.jpg,train,falco_cenchroides_345656933_629968268.jpg
falco_cenchroides,Nankeen Kestrel,C:\Projects\raptor_australia\dataset\raw\falco_cenchroides\falco_cenchroides_348936701_636463323.jpg,train,falco_cenchroides_348936701_636463323.jpg
falco_cenchroides,Nankeen Kestrel,C:\Projects\raptor_australia\dataset\raw\falco_cenchroides\falco_cenchroides_349190632_636959935.jpg,train,falco_cenchroides_349190632_636959935.jpg
falco_cenchroides,Nankeen Kestrel,C:\Projects\raptor_australia\dataset\raw\falco_cenchroides\falco_cenchroides_349885066_638316616.jpg,train,falco_cenchroides_349885066_638316616.jpg
falco_cenchroides,Nankeen Kestrel,C:\Projects\raptor_australia\dataset\raw\falco_cenchroides\falco_cenchroides_349193520_636923760.jpg,train,falco_cenchroides_349193520_636923760.jpg
falco_cenchroides,Nankeen Kestrel,C:\Projects\raptor_australia\dataset\raw\falco_cenchroides\falco_cenchroides_343600174_625938926.jpg,train,falco_cenchroides_343600174_625938926.jpg
falco_cenchroides,Nankeen Kestrel,C:\Projects\raptor_australia\dataset\raw\falco_cenchroides\falco_cenchroides_344659087_628017453.jpg,train,falco_cenchroides_344659087_628017453.jpg
falco_cenchroides,Nankeen Kestrel,C:\Projects\raptor_australia\dataset\raw\falco_cenchroides\falco_cenchroides_341805445_622316465.jpg,train,falco_cenchroides_341805445_622316465.jpg
falco_cenchroides,Nankeen Kestrel,C:\Projects\raptor_australia\dataset\raw\falco_cenchroides\falco_cenchroides_345273739_629207684.jpg,train,falco_cenchroides_345273739_629207684.jpg
falco_cenchroides,Nankeen Kestrel,C:\Projects\raptor_australia\dataset\raw\falco_cenchroides\falco_cenchroides_350496143_639517110.jpg,train,falco_cenchroides_350496143_639517110.jpg
falco_cenchroides,Nankeen Kestrel,C:\Projects\raptor_australia\dataset\raw\falco_cenchroides\falco_cenchroides_341156441_620989276.jpg,train,falco_cenchroides_341156441_620989276.jpg
falco_cenchroides,Nankeen Kestrel,C:\Projects\raptor_australia\dataset\raw\falco_cenchroides\falco_cenchroides_349192074_636962491.jpg,train,falco_cenchroides_349192074_636962491.jpg
falco_cenchroides,Nankeen Kestrel,C:\Projects\raptor_australia\dataset\raw\falco_cenchroides\falco_cenchroides_351447302_641357029.jpg,train,falco_cenchroides_351447302_641357029.jpg
falco_cenchroides,Nankeen Kestrel,C:\Projects\raptor_australia\dataset\raw\falco_cenchroides\falco_cenchroides_341460448_621617519.jpg,train,falco_cenchroides_341460448_621617519.jpg
falco_cenchroides,Nankeen Kestrel,C:\Projects\raptor_australia\dataset\raw\falco_cenchroides\falco_cenchroides_343600102_625938888.jpg,train,falco_cenchroides_343600102_625938888.jpg
falco_cenchroides,Nankeen Kestrel,C:\Projects\raptor_australia\dataset\raw\falco_cenchroides\falco_cenchroides_345435302_629533267.jpg,train,falco_cenchroides_345435302_629533267.jpg
falco_cenchroides,Nankeen Kestrel,C:\Projects\raptor_australia\dataset\raw\falco_cenchroides\falco_cenchroides_349980263_638504345.jpg,train,falco_cenchroides_349980263_638504345.jpg
falco_cenchroides,Nankeen Kestrel,C:\Projects\raptor_australia\dataset\raw\falco_cenchroides\falco_cenchroides_348661159_635915153.jpg,train,falco_cenchroides_348661159_635915153.jpg
falco_cenchroides,Nankeen Kestrel,C:\Projects\raptor_australia\dataset\raw\falco_cenchroides\falco_cenchroides_351699827_641847518.jpg,train,falco_cenchroides_351699827_641847518.jpg
falco_cenchroides,Nankeen Kestrel,C:\Projects\raptor_australia\dataset\raw\falco_cenchroides\falco_cenchroides_346920421_632457524.jpg,train,falco_cenchroides_346920421_632457524.jpg
falco_cenchroides,Nankeen Kestrel,C:\Projects\raptor_australia\dataset\raw\falco_cenchroides\falco_cenchroides_347203903_633028580.jpg,train,falco_cenchroides_347203903_633028580.jpg
falco_cenchroides,Nankeen Kestrel,C:\Projects\raptor_australia\dataset\raw\falco_cenchroides\falco_cenchroides_346928386_632474285.jpg,train,falco_cenchroides_346928386_632474285.jpg
falco_cenchroides,Nankeen Kestrel,C:\Projects\raptor_australia\dataset\raw\falco_cenchroides\falco_cenchroides_348902500_636398609.jpg,train,falco_cenchroides_348902500_636398609.jpg
falco_cenchroides,Nankeen Kestrel,C:\Projects\raptor_australia\dataset\raw\falco_cenchroides\falco_cenchroides_342546161_623819789.jpg,train,falco_cenchroides_342546161_623819789.jpg
falco_cenchroides,Nankeen Kestrel,C:\Projects\raptor_australia\dataset\raw\falco_cenchroides\falco_cenchroides_347521775_633651968.jpg,train,falco_cenchroides_347521775_633651968.jpg
falco_cenchroides,Nankeen Kestrel,C:\Projects\raptor_australia\dataset\raw\falco_cenchroides\falco_cenchroides_342022160_622757125.jpg,train,falco_cenchroides_342022160_622757125.jpg
falco_cenchroides,Nankeen Kestrel,C:\Projects\raptor_australia\dataset\raw\falco_cenchroides\falco_cenchroides_341342376_621375177.jpg,train,falco_cenchroides_341342376_621375177.jpg
falco_cenchroides,Nankeen Kestrel,C:\Projects\raptor_australia\dataset\raw\falco_cenchroides\falco_cenchroides_344833630_628345896.jpg,train,falco_cenchroides_344833630_628345896.jpg
falco_cenchroides,Nankeen Kestrel,C:\Projects\raptor_australia\dataset\raw\falco_cenchroides\falco_cenchroides_341651083_622010112.jpg,train,falco_cenchroides_341651083_622010112.jpg
falco_cenchroides,Nankeen Kestrel,C:\Projects\raptor_australia\dataset\raw\falco_cenchroides\falco_cenchroides_348217671_635037095.jpg,train,falco_cenchroides_348217671_635037095.jpg
falco_cenchroides,Nankeen Kestrel,C:\Projects\raptor_australia\dataset\raw\falco_cenchroides\falco_cenchroides_343207258_625131853.jpg,train,falco_cenchroides_343207258_625131853.jpg
falco_cenchroides,Nankeen Kestrel,C:\Projects\raptor_australia\dataset\raw\falco_cenchroides\falco_cenchroides_348960347_636508222.jpg,train,falco_cenchroides_348960347_636508222.jpg
falco_cenchroides,Nankeen Kestrel,C:\Projects\raptor_australia\dataset\raw\falco_cenchroides\falco_cenchroides_347482585_633581095.jpg,val,falco_cenchroides_347482585_633581095.jpg
falco_cenchroides,Nankeen Kestrel,C:\Projects\raptor_australia\dataset\raw\falco_cenchroides\falco_cenchroides_342881363_624478273.jpg,val,falco_cenchroides_342881363_624478273.jpg
falco_cenchroides,Nankeen Kestrel,C:\Projects\raptor_australia\dataset\raw\falco_cenchroides\falco_cenchroides_348217804_635037353.jpg,val,falco_cenchroides_348217804_635037353.jpg
falco_cenchroides,Nankeen Kestrel,C:\Projects\raptor_australia\dataset\raw\falco_cenchroides\falco_cenchroides_351699813_641845881.jpg,val,falco_cenchroides_351699813_641845881.jpg
falco_cenchroides,Nankeen Kestrel,C:\Projects\raptor_australia\dataset\raw\falco_cenchroides\falco_cenchroides_344851943_628377139.jpg,val,falco_cenchroides_344851943_628377139.jpg
falco_cenchroides,Nankeen Kestrel,C:\Projects\raptor_australia\dataset\raw\falco_cenchroides\falco_cenchroides_349719608_638001432.jpg,val,falco_cenchroides_349719608_638001432.jpg
falco_cenchroides,Nankeen Kestrel,C:\Projects\raptor_australia\dataset\raw\falco_cenchroides\falco_cenchroides_348303381_635203456.jpg,val,falco_cenchroides_348303381_635203456.jpg
falco_cenchroides,Nankeen Kestrel,C:\Projects\raptor_australia\dataset\raw\falco_cenchroides\falco_cenchroides_351896831_642232122.jpg,val,falco_cenchroides_351896831_642232122.jpg
falco_cenchroides,Nankeen Kestrel,C:\Projects\raptor_australia\dataset\raw\falco_cenchroides\falco_cenchroides_342697172_624121294.jpg,val,falco_cenchroides_342697172_624121294.jpg
falco_cenchroides,Nankeen Kestrel,C:\Projects\raptor_australia\dataset\raw\falco_cenchroides\falco_cenchroides_342209210_623124805.jpg,val,falco_cenchroides_342209210_623124805.jpg
falco_cenchroides,Nankeen Kestrel,C:\Projects\raptor_australia\dataset\raw\falco_cenchroides\falco_cenchroides_350718888_639952761.jpg,val,falco_cenchroides_350718888_639952761.jpg
falco_cenchroides,Nankeen Kestrel,C:\Projects\raptor_australia\dataset\raw\falco_cenchroides\falco_cenchroides_345421441_629504727.jpg,val,falco_cenchroides_345421441_629504727.jpg
falco_cenchroides,Nankeen Kestrel,C:\Projects\raptor_australia\dataset\raw\falco_cenchroides\falco_cenchroides_347216301_633052271.jpg,val,falco_cenchroides_347216301_633052271.jpg
falco_cenchroides,Nankeen Kestrel,C:\Projects\raptor_australia\dataset\raw\falco_cenchroides\falco_cenchroides_351055574_640588408.jpg,val,falco_cenchroides_351055574_640588408.jpg
falco_cenchroides,Nankeen Kestrel,C:\Projects\raptor_australia\dataset\raw\falco_cenchroides\falco_cenchroides_343776495_626290469.jpg,val,falco_cenchroides_343776495_626290469.jpg
falco_cenchroides,Nankeen Kestrel,C:\Projects\raptor_australia\dataset\raw\falco_cenchroides\falco_cenchroides_343524987_625779310.jpg,val,falco_cenchroides_343524987_625779310.jpg
falco_cenchroides,Nankeen Kestrel,C:\Projects\raptor_australia\dataset\raw\falco_cenchroides\falco_cenchroides_348373352_635342859.jpg,val,falco_cenchroides_348373352_635342859.jpg
falco_cenchroides,Nankeen Kestrel,C:\Projects\raptor_australia\dataset\raw\falco_cenchroides\falco_cenchroides_346737318_632098527.jpg,val,falco_cenchroides_346737318_632098527.jpg
falco_cenchroides,Nankeen Kestrel,C:\Projects\raptor_australia\dataset\raw\falco_cenchroides\falco_cenchroides_351604197_641655190.jpg,val,falco_cenchroides_351604197_641655190.jpg
falco_cenchroides,Nankeen Kestrel,C:\Projects\raptor_australia\dataset\raw\falco_cenchroides\falco_cenchroides_342232598_623175864.jpg,val,falco_cenchroides_342232598_623175864.jpg
falco_cenchroides,Nankeen Kestrel,C:\Projects\raptor_australia\dataset\raw\falco_cenchroides\falco_cenchroides_342719961_624153360.jpg,val,falco_cenchroides_342719961_624153360.jpg
falco_cenchroides,Nankeen Kestrel,C:\Projects\raptor_australia\dataset\raw\falco_cenchroides\falco_cenchroides_347211830_633045431.jpg,val,falco_cenchroides_347211830_633045431.jpg
falco_cenchroides,Nankeen Kestrel,C:\Projects\raptor_australia\dataset\raw\falco_cenchroides\falco_cenchroides_341342365_621374565.jpg,val,falco_cenchroides_341342365_621374565.jpg
falco_cenchroides,Nankeen Kestrel,C:\Projects\raptor_australia\dataset\raw\falco_cenchroides\falco_cenchroides_349150864_636877661.jpg,val,falco_cenchroides_349150864_636877661.jpg
falco_cenchroides,Nankeen Kestrel,C:\Projects\raptor_australia\dataset\raw\falco_cenchroides\falco_cenchroides_346114775_630865311.jpg,val,falco_cenchroides_346114775_630865311.jpg
falco_cenchroides,Nankeen Kestrel,C:\Projects\raptor_australia\dataset\raw\falco_cenchroides\falco_cenchroides_341356907_621407252.jpg,val,falco_cenchroides_341356907_621407252.jpg
falco_cenchroides,Nankeen Kestrel,C:\Projects\raptor_australia\dataset\raw\falco_cenchroides\falco_cenchroides_342392235_623500143.jpg,val,falco_cenchroides_342392235_623500143.jpg
falco_cenchroides,Nankeen Kestrel,C:\Projects\raptor_australia\dataset\raw\falco_cenchroides\falco_cenchroides_342853505_624420593.jpg,val,falco_cenchroides_342853505_624420593.jpg
falco_cenchroides,Nankeen Kestrel,C:\Projects\raptor_australia\dataset\raw\falco_cenchroides\falco_cenchroides_351917335_642272275.jpg,val,falco_cenchroides_351917335_642272275.jpg
falco_cenchroides,Nankeen Kestrel,C:\Projects\raptor_australia\dataset\raw\falco_cenchroides\falco_cenchroides_343724984_626187487.jpg,val,falco_cenchroides_343724984_626187487.jpg
falco_cenchroides,Nankeen Kestrel,C:\Projects\raptor_australia\dataset\raw\falco_cenchroides\falco_cenchroides_344346606_627400487.jpg,test,falco_cenchroides_344346606_627400487.jpg
falco_cenchroides,Nankeen Kestrel,C:\Projects\raptor_australia\dataset\raw\falco_cenchroides\falco_cenchroides_346955422_632531436.jpg,test,falco_cenchroides_346955422_632531436.jpg
falco_cenchroides,Nankeen Kestrel,C:\Projects\raptor_australia\dataset\raw\falco_cenchroides\falco_cenchroides_344662361_628023931.jpg,test,falco_cenchroides_344662361_628023931.jpg
falco_cenchroides,Nankeen Kestrel,C:\Projects\raptor_australia\dataset\raw\falco_cenchroides\falco_cenchroides_345595963_629844426.jpg,test,falco_cenchroides_345595963_629844426.jpg
falco_cenchroides,Nankeen Kestrel,C:\Projects\raptor_australia\dataset\raw\falco_cenchroides\falco_cenchroides_350242605_639020148.jpg,test,falco_cenchroides_350242605_639020148.jpg
falco_cenchroides,Nankeen Kestrel,C:\Projects\raptor_australia\dataset\raw\falco_cenchroides\falco_cenchroides_341621382_621947219.jpg,test,falco_cenchroides_341621382_621947219.jpg
falco_cenchroides,Nankeen Kestrel,C:\Projects\raptor_australia\dataset\raw\falco_cenchroides\falco_cenchroides_341172593_621022216.jpg,test,falco_cenchroides_341172593_621022216.jpg
falco_cenchroides,Nankeen Kestrel,C:\Projects\raptor_australia\dataset\raw\falco_cenchroides\falco_cenchroides_345425945_629514644.jpg,test,falco_cenchroides_345425945_629514644.jpg
falco_cenchroides,Nankeen Kestrel,C:\Projects\raptor_australia\dataset\raw\falco_cenchroides\falco_cenchroides_347992396_634593310.jpg,test,falco_cenchroides_347992396_634593310.jpg
falco_cenchroides,Nankeen Kestrel,C:\Projects\raptor_australia\dataset\raw\falco_cenchroides\falco_cenchroides_341342354_621373748.jpg,test,falco_cenchroides_341342354_621373748.jpg
falco_cenchroides,Nankeen Kestrel,C:\Projects\raptor_australia\dataset\raw\falco_cenchroides\falco_cenchroides_351614324_641676180.jpg,test,falco_cenchroides_351614324_641676180.jpg
falco_cenchroides,Nankeen Kestrel,C:\Projects\raptor_australia\dataset\raw\falco_cenchroides\falco_cenchroides_345816561_630277149.jpg,test,falco_cenchroides_345816561_630277149.jpg
falco_cenchroides,Nankeen Kestrel,C:\Projects\raptor_australia\dataset\raw\falco_cenchroides\falco_cenchroides_347180322_632984297.jpg,test,falco_cenchroides_347180322_632984297.jpg
falco_cenchroides,Nankeen Kestrel,C:\Projects\raptor_australia\dataset\raw\falco_cenchroides\falco_cenchroides_347736055_634082486.jpg,test,falco_cenchroides_347736055_634082486.jpg
falco_cenchroides,Nankeen Kestrel,C:\Projects\raptor_australia\dataset\raw\falco_cenchroides\falco_cenchroides_344851925_628371478.jpg,test,falco_cenchroides_344851925_628371478.jpg
falco_cenchroides,Nankeen Kestrel,C:\Projects\raptor_australia\dataset\raw\falco_cenchroides\falco_cenchroides_342433105_623586060.jpg,test,falco_cenchroides_342433105_623586060.jpg
falco_cenchroides,Nankeen Kestrel,C:\Projects\raptor_australia\dataset\raw\falco_cenchroides\falco_cenchroides_349962493_638470749.jpg,test,falco_cenchroides_349962493_638470749.jpg
falco_cenchroides,Nankeen Kestrel,C:\Projects\raptor_australia\dataset\raw\falco_cenchroides\falco_cenchroides_347746832_634106083.jpg,test,falco_cenchroides_347746832_634106083.jpg
falco_cenchroides,Nankeen Kestrel,C:\Projects\raptor_australia\dataset\raw\falco_cenchroides\falco_cenchroides_343776483_626290369.jpg,test,falco_cenchroides_343776483_626290369.jpg
falco_cenchroides,Nankeen Kestrel,C:\Projects\raptor_australia\dataset\raw\falco_cenchroides\falco_cenchroides_345880364_630407453.jpg,test,falco_cenchroides_345880364_630407453.jpg
falco_cenchroides,Nankeen Kestrel,C:\Projects\raptor_australia\dataset\raw\falco_cenchroides\falco_cenchroides_349224175_636962925.jpg,test,falco_cenchroides_349224175_636962925.jpg
falco_cenchroides,Nankeen Kestrel,C:\Projects\raptor_australia\dataset\raw\falco_cenchroides\falco_cenchroides_344851961_628382724.jpg,test,falco_cenchroides_344851961_628382724.jpg
falco_cenchroides,Nankeen Kestrel,C:\Projects\raptor_australia\dataset\raw\falco_cenchroides\falco_cenchroides_348685215_635965810.jpg,test,falco_cenchroides_348685215_635965810.jpg
falco_cenchroides,Nankeen Kestrel,C:\Projects\raptor_australia\dataset\raw\falco_cenchroides\falco_cenchroides_345853526_630352856.jpg,test,falco_cenchroides_345853526_630352856.jpg
falco_cenchroides,Nankeen Kestrel,C:\Projects\raptor_australia\dataset\raw\falco_cenchroides\falco_cenchroides_346955414_632529599.jpg,test,falco_cenchroides_346955414_632529599.jpg
falco_cenchroides,Nankeen Kestrel,C:\Projects\raptor_australia\dataset\raw\falco_cenchroides\falco_cenchroides_349163963_636906366.jpg,test,falco_cenchroides_349163963_636906366.jpg
falco_cenchroides,Nankeen Kestrel,C:\Projects\raptor_australia\dataset\raw\falco_cenchroides\falco_cenchroides_342025551_622763902.jpg,test,falco_cenchroides_342025551_622763902.jpg
falco_cenchroides,Nankeen Kestrel,C:\Projects\raptor_australia\dataset\raw\falco_cenchroides\falco_cenchroides_343065576_624842642.jpg,test,falco_cenchroides_343065576_624842642.jpg
falco_cenchroides,Nankeen Kestrel,C:\Projects\raptor_australia\dataset\raw\falco_cenchroides\falco_cenchroides_351425882_641310618.jpg,test,falco_cenchroides_351425882_641310618.jpg
falco_cenchroides,Nankeen Kestrel,C:\Projects\raptor_australia\dataset\raw\falco_cenchroides\falco_cenchroides_345628401_629914462.jpg,test,falco_cenchroides_345628401_629914462.jpg
falco_cenchroides,Nankeen Kestrel,C:\Projects\raptor_australia\dataset\raw\falco_cenchroides\falco_cenchroides_349589259_637742155.jpg,test,falco_cenchroides_349589259_637742155.jpg
elanus_axillaris,Black-shouldered Kite,C:\Projects\raptor_australia\dataset\raw\elanus_axillaris\elanus_axillaris_349895838_638338146.jpg,train,elanus_axillaris_349895838_638338146.jpg
elanus_axillaris,Black-shouldered Kite,C:\Projects\raptor_australia\dataset\raw\elanus_axillaris\elanus_axillaris_347780206_634169192.jpg,train,elanus_axillaris_347780206_634169192.jpg
elanus_axillaris,Black-shouldered Kite,C:\Projects\raptor_australia\dataset\raw\elanus_axillaris\elanus_axillaris_338532811_615674692.jpg,train,elanus_axillaris_338532811_615674692.jpg
elanus_axillaris,Black-shouldered Kite,C:\Projects\raptor_australia\dataset\raw\elanus_axillaris\elanus_axillaris_338275978_615136003.jpg,train,elanus_axillaris_338275978_615136003.jpg
elanus_axillaris,Black-shouldered Kite,C:\Projects\raptor_australia\dataset\raw\elanus_axillaris\elanus_axillaris_338864886_616329542.jpg,train,elanus_axillaris_338864886_616329542.jpg
elanus_axillaris,Black-shouldered Kite,C:\Projects\raptor_australia\dataset\raw\elanus_axillaris\elanus_axillaris_343512959_625743411.jpg,train,elanus_axillaris_343512959_625743411.jpg
elanus_axillaris,Black-shouldered Kite,C:\Projects\raptor_australia\dataset\raw\elanus_axillaris\elanus_axillaris_337121718_612771890.jpg,train,elanus_axillaris_337121718_612771890.jpg
elanus_axillaris,Black-shouldered Kite,C:\Projects\raptor_australia\dataset\raw\elanus_axillaris\elanus_axillaris_347202522_633023862.jpg,train,elanus_axillaris_347202522_633023862.jpg
elanus_axillaris,Black-shouldered Kite,C:\Projects\raptor_australia\dataset\raw\elanus_axillaris\elanus_axillaris_350225576_638988285.jpg,train,elanus_axillaris_350225576_638988285.jpg
elanus_axillaris,Black-shouldered Kite,C:\Projects\raptor_australia\dataset\raw\elanus_axillaris\elanus_axillaris_343292719_625310305.jpg,train,elanus_axillaris_343292719_625310305.jpg
elanus_axillaris,Black-shouldered Kite,C:\Projects\raptor_australia\dataset\raw\elanus_axillaris\elanus_axillaris_346669326_631961451.jpg,train,elanus_axillaris_346669326_631961451.jpg
elanus_axillaris,Black-shouldered Kite,C:\Projects\raptor_australia\dataset\raw\elanus_axillaris\elanus_axillaris_339673063_617961884.jpg,train,elanus_axillaris_339673063_617961884.jpg
elanus_axillaris,Black-shouldered Kite,C:\Projects\raptor_australia\dataset\raw\elanus_axillaris\elanus_axillaris_342557311_623841447.jpg,train,elanus_axillaris_342557311_623841447.jpg
elanus_axillaris,Black-shouldered Kite,C:\Projects\raptor_australia\dataset\raw\elanus_axillaris\elanus_axillaris_342885936_624485152.jpg,train,elanus_axillaris_342885936_624485152.jpg
elanus_axillaris,Black-shouldered Kite,C:\Projects\raptor_australia\dataset\raw\elanus_axillaris\elanus_axillaris_340743679_620137191.jpg,train,elanus_axillaris_340743679_620137191.jpg
elanus_axillaris,Black-shouldered Kite,C:\Projects\raptor_australia\dataset\raw\elanus_axillaris\elanus_axillaris_350680046_639874040.jpg,train,elanus_axillaris_350680046_639874040.jpg
elanus_axillaris,Black-shouldered Kite,C:\Projects\raptor_australia\dataset\raw\elanus_axillaris\elanus_axillaris_342049888_622813371.jpg,train,elanus_axillaris_342049888_622813371.jpg
elanus_axillaris,Black-shouldered Kite,C:\Projects\raptor_australia\dataset\raw\elanus_axillaris\elanus_axillaris_340495230_619639431.jpg,train,elanus_axillaris_340495230_619639431.jpg
elanus_axillaris,Black-shouldered Kite,C:\Projects\raptor_australia\dataset\raw\elanus_axillaris\elanus_axillaris_349749435_638056261.jpg,train,elanus_axillaris_349749435_638056261.jpg
elanus_axillaris,Black-shouldered Kite,C:\Projects\raptor_australia\dataset\raw\elanus_axillaris\elanus_axillaris_343394011_625514816.jpg,train,elanus_axillaris_343394011_625514816.jpg
elanus_axillaris,Black-shouldered Kite,C:\Projects\raptor_australia\dataset\raw\elanus_axillaris\elanus_axillaris_337495663_613539866.jpg,train,elanus_axillaris_337495663_613539866.jpg
elanus_axillaris,Black-shouldered Kite,C:\Projects\raptor_australia\dataset\raw\elanus_axillaris\elanus_axillaris_350646782_639809154.jpg,train,elanus_axillaris_350646782_639809154.jpg
elanus_axillaris,Black-shouldered Kite,C:\Projects\raptor_australia\dataset\raw\elanus_axillaris\elanus_axillaris_344066743_626860443.jpg,train,elanus_axillaris_344066743_626860443.jpg
elanus_axillaris,Black-shouldered Kite,C:\Projects\raptor_australia\dataset\raw\elanus_axillaris\elanus_axillaris_337187470_612905495.jpg,train,elanus_axillaris_337187470_612905495.jpg
elanus_axillaris,Black-shouldered Kite,C:\Projects\raptor_australia\dataset\raw\elanus_axillaris\elanus_axillaris_341323302_621332856.jpg,train,elanus_axillaris_341323302_621332856.jpg
elanus_axillaris,Black-shouldered Kite,C:\Projects\raptor_australia\dataset\raw\elanus_axillaris\elanus_axillaris_347490033_633596142.jpg,train,elanus_axillaris_347490033_633596142.jpg
elanus_axillaris,Black-shouldered Kite,C:\Projects\raptor_australia\dataset\raw\elanus_axillaris\elanus_axillaris_341642564_621991323.jpg,train,elanus_axillaris_341642564_621991323.jpg
elanus_axillaris,Black-shouldered Kite,C:\Projects\raptor_australia\dataset\raw\elanus_axillaris\elanus_axillaris_347779329_634170789.jpg,train,elanus_axillaris_347779329_634170789.jpg
elanus_axillaris,Black-shouldered Kite,C:\Projects\raptor_australia\dataset\raw\elanus_axillaris\elanus_axillaris_350146564_638827476.jpg,train,elanus_axillaris_350146564_638827476.jpg
elanus_axillaris,Black-shouldered Kite,C:\Projects\raptor_australia\dataset\raw\elanus_axillaris\elanus_axillaris_347835337_634277956.jpg,train,elanus_axillaris_347835337_634277956.jpg
elanus_axillaris,Black-shouldered Kite,C:\Projects\raptor_australia\dataset\raw\elanus_axillaris\elanus_axillaris_346265406_631163290.jpg,train,elanus_axillaris_346265406_631163290.jpg
elanus_axillaris,Black-shouldered Kite,C:\Projects\raptor_australia\dataset\raw\elanus_axillaris\elanus_axillaris_348920618_636425062.jpg,train,elanus_axillaris_348920618_636425062.jpg
elanus_axillaris,Black-shouldered Kite,C:\Projects\raptor_australia\dataset\raw\elanus_axillaris\elanus_axillaris_343964700_626663451.jpg,train,elanus_axillaris_343964700_626663451.jpg
elanus_axillaris,Black-shouldered Kite,C:\Projects\raptor_australia\dataset\raw\elanus_axillaris\elanus_axillaris_351690934_641829884.jpg,train,elanus_axillaris_351690934_641829884.jpg
elanus_axillaris,Black-shouldered Kite,C:\Projects\raptor_australia\dataset\raw\elanus_axillaris\elanus_axillaris_341006423_620679182.jpg,train,elanus_axillaris_341006423_620679182.jpg
elanus_axillaris,Black-shouldered Kite,C:\Projects\raptor_australia\dataset\raw\elanus_axillaris\elanus_axillaris_339152128_616896458.jpg,train,elanus_axillaris_339152128_616896458.jpg
elanus_axillaris,Black-shouldered Kite,C:\Projects\raptor_australia\dataset\raw\elanus_axillaris\elanus_axillaris_346139913_630914542.jpg,train,elanus_axillaris_346139913_630914542.jpg
elanus_axillaris,Black-shouldered Kite,C:\Projects\raptor_australia\dataset\raw\elanus_axillaris\elanus_axillaris_337931141_614432062.jpg,train,elanus_axillaris_337931141_614432062.jpg
elanus_axillaris,Black-shouldered Kite,C:\Projects\raptor_australia\dataset\raw\elanus_axillaris\elanus_axillaris_343017119_624747145.jpg,train,elanus_axillaris_343017119_624747145.jpg
elanus_axillaris,Black-shouldered Kite,C:\Projects\raptor_australia\dataset\raw\elanus_axillaris\elanus_axillaris_347734568_634080142.jpg,train,elanus_axillaris_347734568_634080142.jpg
elanus_axillaris,Black-shouldered Kite,C:\Projects\raptor_australia\dataset\raw\elanus_axillaris\elanus_axillaris_338807459_616210823.jpg,train,elanus_axillaris_338807459_616210823.jpg
elanus_axillaris,Black-shouldered Kite,C:\Projects\raptor_australia\dataset\raw\elanus_axillaris\elanus_axillaris_345870613_630387699.jpg,train,elanus_axillaris_345870613_630387699.jpg
elanus_axillaris,Black-shouldered Kite,C:\Projects\raptor_australia\dataset\raw\elanus_axillaris\elanus_axillaris_338840485_616283083.jpg,train,elanus_axillaris_338840485_616283083.jpg
elanus_axillaris,Black-shouldered Kite,C:\Projects\raptor_australia\dataset\raw\elanus_axillaris\elanus_axillaris_337791645_614145388.jpg,train,elanus_axillaris_337791645_614145388.jpg
elanus_axillaris,Black-shouldered Kite,C:\Projects\raptor_australia\dataset\raw\elanus_axillaris\elanus_axillaris_348411142_635412225.jpg,train,elanus_axillaris_348411142_635412225.jpg
elanus_axillaris,Black-shouldered Kite,C:\Projects\raptor_australia\dataset\raw\elanus_axillaris\elanus_axillaris_341009160_620684105.jpg,train,elanus_axillaris_341009160_620684105.jpg
elanus_axillaris,Black-shouldered Kite,C:\Projects\raptor_australia\dataset\raw\elanus_axillaris\elanus_axillaris_346555833_631738209.jpg,train,elanus_axillaris_346555833_631738209.jpg
elanus_axillaris,Black-shouldered Kite,C:\Projects\raptor_australia\dataset\raw\elanus_axillaris\elanus_axillaris_341074168_620819485.jpg,train,elanus_axillaris_341074168_620819485.jpg
elanus_axillaris,Black-shouldered Kite,C:\Projects\raptor_australia\dataset\raw\elanus_axillaris\elanus_axillaris_343881692_626496237.jpg,train,elanus_axillaris_343881692_626496237.jpg
elanus_axillaris,Black-shouldered Kite,C:\Projects\raptor_australia\dataset\raw\elanus_axillaris\elanus_axillaris_345621286_629899679.jpg,train,elanus_axillaris_345621286_629899679.jpg
elanus_axillaris,Black-shouldered Kite,C:\Projects\raptor_australia\dataset\raw\elanus_axillaris\elanus_axillaris_342554546_623836414.jpg,train,elanus_axillaris_342554546_623836414.jpg
elanus_axillaris,Black-shouldered Kite,C:\Projects\raptor_australia\dataset\raw\elanus_axillaris\elanus_axillaris_348907073_636407915.jpg,train,elanus_axillaris_348907073_636407915.jpg
elanus_axillaris,Black-shouldered Kite,C:\Projects\raptor_australia\dataset\raw\elanus_axillaris\elanus_axillaris_349200297_636953094.jpg,train,elanus_axillaris_349200297_636953094.jpg
elanus_axillaris,Black-shouldered Kite,C:\Projects\raptor_australia\dataset\raw\elanus_axillaris\elanus_axillaris_345658411_629971559.jpg,train,elanus_axillaris_345658411_629971559.jpg
elanus_axillaris,Black-shouldered Kite,C:\Projects\raptor_australia\dataset\raw\elanus_axillaris\elanus_axillaris_344648402_628000250.jpg,train,elanus_axillaris_344648402_628000250.jpg
elanus_axillaris,Black-shouldered Kite,C:\Projects\raptor_australia\dataset\raw\elanus_axillaris\elanus_axillaris_341006743_620679860.jpg,train,elanus_axillaris_341006743_620679860.jpg
elanus_axillaris,Black-shouldered Kite,C:\Projects\raptor_australia\dataset\raw\elanus_axillaris\elanus_axillaris_346977782_632576113.jpg,train,elanus_axillaris_346977782_632576113.jpg
elanus_axillaris,Black-shouldered Kite,C:\Projects\raptor_australia\dataset\raw\elanus_axillaris\elanus_axillaris_340585938_619823458.jpg,train,elanus_axillaris_340585938_619823458.jpg
elanus_axillaris,Black-shouldered Kite,C:\Projects\raptor_australia\dataset\raw\elanus_axillaris\elanus_axillaris_345654790_629963925.jpg,train,elanus_axillaris_345654790_629963925.jpg
elanus_axillaris,Black-shouldered Kite,C:\Projects\raptor_australia\dataset\raw\elanus_axillaris\elanus_axillaris_341476363_621611221.jpg,train,elanus_axillaris_341476363_621611221.jpg
elanus_axillaris,Black-shouldered Kite,C:\Projects\raptor_australia\dataset\raw\elanus_axillaris\elanus_axillaris_339316216_617239376.jpg,train,elanus_axillaris_339316216_617239376.jpg
elanus_axillaris,Black-shouldered Kite,C:\Projects\raptor_australia\dataset\raw\elanus_axillaris\elanus_axillaris_343025073_624763525.jpg,train,elanus_axillaris_343025073_624763525.jpg
elanus_axillaris,Black-shouldered Kite,C:\Projects\raptor_australia\dataset\raw\elanus_axillaris\elanus_axillaris_343602519_625943575.jpg,train,elanus_axillaris_343602519_625943575.jpg
elanus_axillaris,Black-shouldered Kite,C:\Projects\raptor_australia\dataset\raw\elanus_axillaris\elanus_axillaris_348668386_635928953.jpg,train,elanus_axillaris_348668386_635928953.jpg
elanus_axillaris,Black-shouldered Kite,C:\Projects\raptor_australia\dataset\raw\elanus_axillaris\elanus_axillaris_340745997_620148868.jpg,train,elanus_axillaris_340745997_620148868.jpg
elanus_axillaris,Black-shouldered Kite,C:\Projects\raptor_australia\dataset\raw\elanus_axillaris\elanus_axillaris_338164899_614909844.jpg,train,elanus_axillaris_338164899_614909844.jpg
elanus_axillaris,Black-shouldered Kite,C:\Projects\raptor_australia\dataset\raw\elanus_axillaris\elanus_axillaris_342357055_623430690.jpg,train,elanus_axillaris_342357055_623430690.jpg
elanus_axillaris,Black-shouldered Kite,C:\Projects\raptor_australia\dataset\raw\elanus_axillaris\elanus_axillaris_340144292_618932385.jpg,train,elanus_axillaris_340144292_618932385.jpg
elanus_axillaris,Black-shouldered Kite,C:\Projects\raptor_australia\dataset\raw\elanus_axillaris\elanus_axillaris_337365999_613269718.jpg,train,elanus_axillaris_337365999_613269718.jpg
elanus_axillaris,Black-shouldered Kite,C:\Projects\raptor_australia\dataset\raw\elanus_axillaris\elanus_axillaris_339801842_618223821.jpg,train,elanus_axillaris_339801842_618223821.jpg
elanus_axillaris,Black-shouldered Kite,C:\Projects\raptor_australia\dataset\raw\elanus_axillaris\elanus_axillaris_337260635_613053120.jpg,train,elanus_axillaris_337260635_613053120.jpg
elanus_axillaris,Black-shouldered Kite,C:\Projects\raptor_australia\dataset\raw\elanus_axillaris\elanus_axillaris_338652981_615904297.jpg,train,elanus_axillaris_338652981_615904297.jpg
elanus_axillaris,Black-shouldered Kite,C:\Projects\raptor_australia\dataset\raw\elanus_axillaris\elanus_axillaris_337256966_613044458.jpg,train,elanus_axillaris_337256966_613044458.jpg
elanus_axillaris,Black-shouldered Kite,C:\Projects\raptor_australia\dataset\raw\elanus_axillaris\elanus_axillaris_340739826_620136022.jpg,train,elanus_axillaris_340739826_620136022.jpg
elanus_axillaris,Black-shouldered Kite,C:\Projects\raptor_australia\dataset\raw\elanus_axillaris\elanus_axillaris_346743933_632112676.jpg,train,elanus_axillaris_346743933_632112676.jpg
elanus_axillaris,Black-shouldered Kite,C:\Projects\raptor_australia\dataset\raw\elanus_axillaris\elanus_axillaris_345567676_629787033.jpg,train,elanus_axillaris_345567676_629787033.jpg
elanus_axillaris,Black-shouldered Kite,C:\Projects\raptor_australia\dataset\raw\elanus_axillaris\elanus_axillaris_343746154_626230579.jpg,train,elanus_axillaris_343746154_626230579.jpg
elanus_axillaris,Black-shouldered Kite,C:\Projects\raptor_australia\dataset\raw\elanus_axillaris\elanus_axillaris_341650453_622008730.jpg,train,elanus_axillaris_341650453_622008730.jpg
elanus_axillaris,Black-shouldered Kite,C:\Projects\raptor_australia\dataset\raw\elanus_axillaris\elanus_axillaris_349941689_638428900.jpg,train,elanus_axillaris_349941689_638428900.jpg
elanus_axillaris,Black-shouldered Kite,C:\Projects\raptor_australia\dataset\raw\elanus_axillaris\elanus_axillaris_343734006_626206835.jpg,train,elanus_axillaris_343734006_626206835.jpg
elanus_axillaris,Black-shouldered Kite,C:\Projects\raptor_australia\dataset\raw\elanus_axillaris\elanus_axillaris_342694716_624116940.jpg,train,elanus_axillaris_342694716_624116940.jpg
elanus_axillaris,Black-shouldered Kite,C:\Projects\raptor_australia\dataset\raw\elanus_axillaris\elanus_axillaris_339512328_617632949.jpg,train,elanus_axillaris_339512328_617632949.jpg
elanus_axillaris,Black-shouldered Kite,C:\Projects\raptor_australia\dataset\raw\elanus_axillaris\elanus_axillaris_339662883_617942026.jpg,train,elanus_axillaris_339662883_617942026.jpg
elanus_axillaris,Black-shouldered Kite,C:\Projects\raptor_australia\dataset\raw\elanus_axillaris\elanus_axillaris_340558938_619772418.jpg,train,elanus_axillaris_340558938_619772418.jpg
elanus_axillaris,Black-shouldered Kite,C:\Projects\raptor_australia\dataset\raw\elanus_axillaris\elanus_axillaris_344396381_627507030.jpg,train,elanus_axillaris_344396381_627507030.jpg
elanus_axillaris,Black-shouldered Kite,C:\Projects\raptor_australia\dataset\raw\elanus_axillaris\elanus_axillaris_338115351_614807294.jpg,train,elanus_axillaris_338115351_614807294.jpg
elanus_axillaris,Black-shouldered Kite,C:\Projects\raptor_australia\dataset\raw\elanus_axillaris\elanus_axillaris_341061832_620794565.jpg,train,elanus_axillaris_341061832_620794565.jpg
elanus_axillaris,Black-shouldered Kite,C:\Projects\raptor_australia\dataset\raw\elanus_axillaris\elanus_axillaris_343920707_626575587.jpg,train,elanus_axillaris_343920707_626575587.jpg
elanus_axillaris,Black-shouldered Kite,C:\Projects\raptor_australia\dataset\raw\elanus_axillaris\elanus_axillaris_342707534_624128688.jpg,train,elanus_axillaris_342707534_624128688.jpg
elanus_axillaris,Black-shouldered Kite,C:\Projects\raptor_australia\dataset\raw\elanus_axillaris\elanus_axillaris_340826294_620309515.jpg,train,elanus_axillaris_340826294_620309515.jpg
elanus_axillaris,Black-shouldered Kite,C:\Projects\raptor_australia\dataset\raw\elanus_axillaris\elanus_axillaris_345254174_629176312.jpg,train,elanus_axillaris_345254174_629176312.jpg
elanus_axillaris,Black-shouldered Kite,C:\Projects\raptor_australia\dataset\raw\elanus_axillaris\elanus_axillaris_343512957_625744616.jpg,train,elanus_axillaris_343512957_625744616.jpg
elanus_axillaris,Black-shouldered Kite,C:\Projects\raptor_australia\dataset\raw\elanus_axillaris\elanus_axillaris_351546142_641540522.jpg,train,elanus_axillaris_351546142_641540522.jpg
elanus_axillaris,Black-shouldered Kite,C:\Projects\raptor_australia\dataset\raw\elanus_axillaris\elanus_axillaris_341060795_620793489.jpg,train,elanus_axillaris_341060795_620793489.jpg
elanus_axillaris,Black-shouldered Kite,C:\Projects\raptor_australia\dataset\raw\elanus_axillaris\elanus_axillaris_341779045_622263780.jpg,train,elanus_axillaris_341779045_622263780.jpg
elanus_axillaris,Black-shouldered Kite,C:\Projects\raptor_australia\dataset\raw\elanus_axillaris\elanus_axillaris_342863929_624442623.jpg,train,elanus_axillaris_342863929_624442623.jpg
elanus_axillaris,Black-shouldered Kite,C:\Projects\raptor_australia\dataset\raw\elanus_axillaris\elanus_axillaris_345656769_629968065.jpg,train,elanus_axillaris_345656769_629968065.jpg
elanus_axillaris,Black-shouldered Kite,C:\Projects\raptor_australia\dataset\raw\elanus_axillaris\elanus_axillaris_347648449_633902149.jpg,train,elanus_axillaris_347648449_633902149.jpg
elanus_axillaris,Black-shouldered Kite,C:\Projects\raptor_australia\dataset\raw\elanus_axillaris\elanus_axillaris_342347461_623413051.jpg,train,elanus_axillaris_342347461_623413051.jpg
elanus_axillaris,Black-shouldered Kite,C:\Projects\raptor_australia\dataset\raw\elanus_axillaris\elanus_axillaris_349197505_636973308.jpg,train,elanus_axillaris_349197505_636973308.jpg
elanus_axillaris,Black-shouldered Kite,C:\Projects\raptor_australia\dataset\raw\elanus_axillaris\elanus_axillaris_337933318_614436184.jpg,train,elanus_axillaris_337933318_614436184.jpg
elanus_axillaris,Black-shouldered Kite,C:\Projects\raptor_australia\dataset\raw\elanus_axillaris\elanus_axillaris_352192004_642806216.jpg,train,elanus_axillaris_352192004_642806216.jpg
elanus_axillaris,Black-shouldered Kite,C:\Projects\raptor_australia\dataset\raw\elanus_axillaris\elanus_axillaris_350281950_639092808.jpg,train,elanus_axillaris_350281950_639092808.jpg
elanus_axillaris,Black-shouldered Kite,C:\Projects\raptor_australia\dataset\raw\elanus_axillaris\elanus_axillaris_344173305_627070885.jpg,train,elanus_axillaris_344173305_627070885.jpg
elanus_axillaris,Black-shouldered Kite,C:\Projects\raptor_australia\dataset\raw\elanus_axillaris\elanus_axillaris_341847927_622407183.jpg,train,elanus_axillaris_341847927_622407183.jpg
elanus_axillaris,Black-shouldered Kite,C:\Projects\raptor_australia\dataset\raw\elanus_axillaris\elanus_axillaris_344149826_627026771.jpg,train,elanus_axillaris_344149826_627026771.jpg
elanus_axillaris,Black-shouldered Kite,C:\Projects\raptor_australia\dataset\raw\elanus_axillaris\elanus_axillaris_340745453_620147440.jpg,train,elanus_axillaris_340745453_620147440.jpg
elanus_axillaris,Black-shouldered Kite,C:\Projects\raptor_australia\dataset\raw\elanus_axillaris\elanus_axillaris_349442381_637434479.jpg,train,elanus_axillaris_349442381_637434479.jpg
elanus_axillaris,Black-shouldered Kite,C:\Projects\raptor_australia\dataset\raw\elanus_axillaris\elanus_axillaris_347987490_634582612.jpg,train,elanus_axillaris_347987490_634582612.jpg
elanus_axillaris,Black-shouldered Kite,C:\Projects\raptor_australia\dataset\raw\elanus_axillaris\elanus_axillaris_344297152_627306511.jpg,train,elanus_axillaris_344297152_627306511.jpg
elanus_axillaris,Black-shouldered Kite,C:\Projects\raptor_australia\dataset\raw\elanus_axillaris\elanus_axillaris_351855955_642145944.jpg,train,elanus_axillaris_351855955_642145944.jpg
elanus_axillaris,Black-shouldered Kite,C:\Projects\raptor_australia\dataset\raw\elanus_axillaris\elanus_axillaris_348723142_636021744.jpg,train,elanus_axillaris_348723142_636021744.jpg
elanus_axillaris,Black-shouldered Kite,C:\Projects\raptor_australia\dataset\raw\elanus_axillaris\elanus_axillaris_339372097_617353142.jpg,train,elanus_axillaris_339372097_617353142.jpg
elanus_axillaris,Black-shouldered Kite,C:\Projects\raptor_australia\dataset\raw\elanus_axillaris\elanus_axillaris_340275306_619198210.jpg,train,elanus_axillaris_340275306_619198210.jpg
elanus_axillaris,Black-shouldered Kite,C:\Projects\raptor_australia\dataset\raw\elanus_axillaris\elanus_axillaris_349726696_638014725.jpg,train,elanus_axillaris_349726696_638014725.jpg
elanus_axillaris,Black-shouldered Kite,C:\Projects\raptor_australia\dataset\raw\elanus_axillaris\elanus_axillaris_347136293_632891022.jpg,train,elanus_axillaris_347136293_632891022.jpg
elanus_axillaris,Black-shouldered Kite,C:\Projects\raptor_australia\dataset\raw\elanus_axillaris\elanus_axillaris_346101773_630814214.jpg,train,elanus_axillaris_346101773_630814214.jpg
elanus_axillaris,Black-shouldered Kite,C:\Projects\raptor_australia\dataset\raw\elanus_axillaris\elanus_axillaris_346029462_630693690.jpg,train,elanus_axillaris_346029462_630693690.jpg
elanus_axillaris,Black-shouldered Kite,C:\Projects\raptor_australia\dataset\raw\elanus_axillaris\elanus_axillaris_349127323_636829950.jpg,train,elanus_axillaris_349127323_636829950.jpg
elanus_axillaris,Black-shouldered Kite,C:\Projects\raptor_australia\dataset\raw\elanus_axillaris\elanus_axillaris_337296648_613126913.jpg,train,elanus_axillaris_337296648_613126913.jpg
elanus_axillaris,Black-shouldered Kite,C:\Projects\raptor_australia\dataset\raw\elanus_axillaris\elanus_axillaris_338292530_615171589.jpg,train,elanus_axillaris_338292530_615171589.jpg
elanus_axillaris,Black-shouldered Kite,C:\Projects\raptor_australia\dataset\raw\elanus_axillaris\elanus_axillaris_344315479_627343810.jpg,train,elanus_axillaris_344315479_627343810.jpg
elanus_axillaris,Black-shouldered Kite,C:\Projects\raptor_australia\dataset\raw\elanus_axillaris\elanus_axillaris_338693971_615988863.jpg,train,elanus_axillaris_338693971_615988863.jpg
elanus_axillaris,Black-shouldered Kite,C:\Projects\raptor_australia\dataset\raw\elanus_axillaris\elanus_axillaris_337257705_613046684.jpg,train,elanus_axillaris_337257705_613046684.jpg
elanus_axillaris,Black-shouldered Kite,C:\Projects\raptor_australia\dataset\raw\elanus_axillaris\elanus_axillaris_346581268_631785115.jpg,train,elanus_axillaris_346581268_631785115.jpg
elanus_axillaris,Black-shouldered Kite,C:\Projects\raptor_australia\dataset\raw\elanus_axillaris\elanus_axillaris_338999165_616587837.jpg,train,elanus_axillaris_338999165_616587837.jpg
elanus_axillaris,Black-shouldered Kite,C:\Projects\raptor_australia\dataset\raw\elanus_axillaris\elanus_axillaris_339020838_616629744.jpg,train,elanus_axillaris_339020838_616629744.jpg
elanus_axillaris,Black-shouldered Kite,C:\Projects\raptor_australia\dataset\raw\elanus_axillaris\elanus_axillaris_343719226_626171430.jpg,train,elanus_axillaris_343719226_626171430.jpg
elanus_axillaris,Black-shouldered Kite,C:\Projects\raptor_australia\dataset\raw\elanus_axillaris\elanus_axillaris_345433358_629529661.jpg,train,elanus_axillaris_345433358_629529661.jpg
elanus_axillaris,Black-shouldered Kite,C:\Projects\raptor_australia\dataset\raw\elanus_axillaris\elanus_axillaris_345547015_629744983.jpg,train,elanus_axillaris_345547015_629744983.jpg
elanus_axillaris,Black-shouldered Kite,C:\Projects\raptor_australia\dataset\raw\elanus_axillaris\elanus_axillaris_346970533_632561858.jpg,train,elanus_axillaris_346970533_632561858.jpg
elanus_axillaris,Black-shouldered Kite,C:\Projects\raptor_australia\dataset\raw\elanus_axillaris\elanus_axillaris_339714676_618046737.jpg,train,elanus_axillaris_339714676_618046737.jpg
elanus_axillaris,Black-shouldered Kite,C:\Projects\raptor_australia\dataset\raw\elanus_axillaris\elanus_axillaris_346734691_632092364.jpg,train,elanus_axillaris_346734691_632092364.jpg
elanus_axillaris,Black-shouldered Kite,C:\Projects\raptor_australia\dataset\raw\elanus_axillaris\elanus_axillaris_348685903_635961759.jpg,train,elanus_axillaris_348685903_635961759.jpg
elanus_axillaris,Black-shouldered Kite,C:\Projects\raptor_australia\dataset\raw\elanus_axillaris\elanus_axillaris_341620739_621945066.jpg,train,elanus_axillaris_341620739_621945066.jpg
elanus_axillaris,Black-shouldered Kite,C:\Projects\raptor_australia\dataset\raw\elanus_axillaris\elanus_axillaris_337602551_613757876.jpg,train,elanus_axillaris_337602551_613757876.jpg
elanus_axillaris,Black-shouldered Kite,C:\Projects\raptor_australia\dataset\raw\elanus_axillaris\elanus_axillaris_341198307_621077109.jpg,train,elanus_axillaris_341198307_621077109.jpg
elanus_axillaris,Black-shouldered Kite,C:\Projects\raptor_australia\dataset\raw\elanus_axillaris\elanus_axillaris_338509773_615625304.jpg,train,elanus_axillaris_338509773_615625304.jpg
elanus_axillaris,Black-shouldered Kite,C:\Projects\raptor_australia\dataset\raw\elanus_axillaris\elanus_axillaris_348262807_635128115.jpg,train,elanus_axillaris_348262807_635128115.jpg
elanus_axillaris,Black-shouldered Kite,C:\Projects\raptor_australia\dataset\raw\elanus_axillaris\elanus_axillaris_340520005_619691000.jpg,train,elanus_axillaris_340520005_619691000.jpg
elanus_axillaris,Black-shouldered Kite,C:\Projects\raptor_australia\dataset\raw\elanus_axillaris\elanus_axillaris_352253692_642921416.jpg,train,elanus_axillaris_352253692_642921416.jpg
elanus_axillaris,Black-shouldered Kite,C:\Projects\raptor_australia\dataset\raw\elanus_axillaris\elanus_axillaris_341466537_621732865.jpg,train,elanus_axillaris_341466537_621732865.jpg
elanus_axillaris,Black-shouldered Kite,C:\Projects\raptor_australia\dataset\raw\elanus_axillaris\elanus_axillaris_341847929_622407297.jpg,train,elanus_axillaris_341847929_622407297.jpg
elanus_axillaris,Black-shouldered Kite,C:\Projects\raptor_australia\dataset\raw\elanus_axillaris\elanus_axillaris_338675103_615950883.jpg,train,elanus_axillaris_338675103_615950883.jpg
elanus_axillaris,Black-shouldered Kite,C:\Projects\raptor_australia\dataset\raw\elanus_axillaris\elanus_axillaris_343450539_625632752.jpg,train,elanus_axillaris_343450539_625632752.jpg
elanus_axillaris,Black-shouldered Kite,C:\Projects\raptor_australia\dataset\raw\elanus_axillaris\elanus_axillaris_338524436_615679980.jpg,train,elanus_axillaris_338524436_615679980.jpg
elanus_axillaris,Black-shouldered Kite,C:\Projects\raptor_australia\dataset\raw\elanus_axillaris\elanus_axillaris_345874300_630396354.jpg,train,elanus_axillaris_345874300_630396354.jpg
elanus_axillaris,Black-shouldered Kite,C:\Projects\raptor_australia\dataset\raw\elanus_axillaris\elanus_axillaris_338824014_616247703.jpg,train,elanus_axillaris_338824014_616247703.jpg
elanus_axillaris,Black-shouldered Kite,C:\Projects\raptor_australia\dataset\raw\elanus_axillaris\elanus_axillaris_351661519_641771848.jpg,train,elanus_axillaris_351661519_641771848.jpg
elanus_axillaris,Black-shouldered Kite,C:\Projects\raptor_australia\dataset\raw\elanus_axillaris\elanus_axillaris_343077873_624873011.jpg,train,elanus_axillaris_343077873_624873011.jpg
elanus_axillaris,Black-shouldered Kite,C:\Projects\raptor_australia\dataset\raw\elanus_axillaris\elanus_axillaris_349442233_637432739.jpg,train,elanus_axillaris_349442233_637432739.jpg
elanus_axillaris,Black-shouldered Kite,C:\Projects\raptor_australia\dataset\raw\elanus_axillaris\elanus_axillaris_339147798_616893296.jpg,train,elanus_axillaris_339147798_616893296.jpg
elanus_axillaris,Black-shouldered Kite,C:\Projects\raptor_australia\dataset\raw\elanus_axillaris\elanus_axillaris_338311233_615208973.jpg,train,elanus_axillaris_338311233_615208973.jpg
elanus_axillaris,Black-shouldered Kite,C:\Projects\raptor_australia\dataset\raw\elanus_axillaris\elanus_axillaris_343276362_625277070.jpg,train,elanus_axillaris_343276362_625277070.jpg
elanus_axillaris,Black-shouldered Kite,C:\Projects\raptor_australia\dataset\raw\elanus_axillaris\elanus_axillaris_340728220_620113688.jpg,train,elanus_axillaris_340728220_620113688.jpg
elanus_axillaris,Black-shouldered Kite,C:\Projects\raptor_australia\dataset\raw\elanus_axillaris\elanus_axillaris_338811098_616220099.jpg,train,elanus_axillaris_338811098_616220099.jpg
elanus_axillaris,Black-shouldered Kite,C:\Projects\raptor_australia\dataset\raw\elanus_axillaris\elanus_axillaris_349453168_637477250.jpg,train,elanus_axillaris_349453168_637477250.jpg
elanus_axillaris,Black-shouldered Kite,C:\Projects\raptor_australia\dataset\raw\elanus_axillaris\elanus_axillaris_342391618_623505800.jpg,train,elanus_axillaris_342391618_623505800.jpg
elanus_axillaris,Black-shouldered Kite,C:\Projects\raptor_australia\dataset\raw\elanus_axillaris\elanus_axillaris_344182827_627087174.jpg,train,elanus_axillaris_344182827_627087174.jpg
elanus_axillaris,Black-shouldered Kite,C:\Projects\raptor_australia\dataset\raw\elanus_axillaris\elanus_axillaris_342216985_623149688.jpg,train,elanus_axillaris_342216985_623149688.jpg
elanus_axillaris,Black-shouldered Kite,C:\Projects\raptor_australia\dataset\raw\elanus_axillaris\elanus_axillaris_345040084_628750579.jpg,train,elanus_axillaris_345040084_628750579.jpg
elanus_axillaris,Black-shouldered Kite,C:\Projects\raptor_australia\dataset\raw\elanus_axillaris\elanus_axillaris_345656680_629967947.jpg,train,elanus_axillaris_345656680_629967947.jpg
elanus_axillaris,Black-shouldered Kite,C:\Projects\raptor_australia\dataset\raw\elanus_axillaris\elanus_axillaris_340567721_619790142.jpg,train,elanus_axillaris_340567721_619790142.jpg
elanus_axillaris,Black-shouldered Kite,C:\Projects\raptor_australia\dataset\raw\elanus_axillaris\elanus_axillaris_347099574_632816474.jpg,train,elanus_axillaris_347099574_632816474.jpg
elanus_axillaris,Black-shouldered Kite,C:\Projects\raptor_australia\dataset\raw\elanus_axillaris\elanus_axillaris_340576581_619803026.jpg,train,elanus_axillaris_340576581_619803026.jpg
elanus_axillaris,Black-shouldered Kite,C:\Projects\raptor_australia\dataset\raw\elanus_axillaris\elanus_axillaris_349398557_637361822.jpg,train,elanus_axillaris_349398557_637361822.jpg
elanus_axillaris,Black-shouldered Kite,C:\Projects\raptor_australia\dataset\raw\elanus_axillaris\elanus_axillaris_345398358_629455345.jpg,train,elanus_axillaris_345398358_629455345.jpg
elanus_axillaris,Black-shouldered Kite,C:\Projects\raptor_australia\dataset\raw\elanus_axillaris\elanus_axillaris_337785175_614132614.jpg,train,elanus_axillaris_337785175_614132614.jpg
elanus_axillaris,Black-shouldered Kite,C:\Projects\raptor_australia\dataset\raw\elanus_axillaris\elanus_axillaris_347471842_633559525.jpg,train,elanus_axillaris_347471842_633559525.jpg
elanus_axillaris,Black-shouldered Kite,C:\Projects\raptor_australia\dataset\raw\elanus_axillaris\elanus_axillaris_341049535_620767642.jpg,train,elanus_axillaris_341049535_620767642.jpg
elanus_axillaris,Black-shouldered Kite,C:\Projects\raptor_australia\dataset\raw\elanus_axillaris\elanus_axillaris_343065590_624845966.jpg,train,elanus_axillaris_343065590_624845966.jpg
elanus_axillaris,Black-shouldered Kite,C:\Projects\raptor_australia\dataset\raw\elanus_axillaris\elanus_axillaris_349497362_637565493.jpg,train,elanus_axillaris_349497362_637565493.jpg
elanus_axillaris,Black-shouldered Kite,C:\Projects\raptor_australia\dataset\raw\elanus_axillaris\elanus_axillaris_339280193_617168338.jpg,train,elanus_axillaris_339280193_617168338.jpg
elanus_axillaris,Black-shouldered Kite,C:\Projects\raptor_australia\dataset\raw\elanus_axillaris\elanus_axillaris_338017416_614606828.jpg,train,elanus_axillaris_338017416_614606828.jpg
elanus_axillaris,Black-shouldered Kite,C:\Projects\raptor_australia\dataset\raw\elanus_axillaris\elanus_axillaris_345113008_628891035.jpg,train,elanus_axillaris_345113008_628891035.jpg
elanus_axillaris,Black-shouldered Kite,C:\Projects\raptor_australia\dataset\raw\elanus_axillaris\elanus_axillaris_337867784_614299738.jpg,train,elanus_axillaris_337867784_614299738.jpg
elanus_axillaris,Black-shouldered Kite,C:\Projects\raptor_australia\dataset\raw\elanus_axillaris\elanus_axillaris_350497408_639514091.jpg,train,elanus_axillaris_350497408_639514091.jpg
elanus_axillaris,Black-shouldered Kite,C:\Projects\raptor_australia\dataset\raw\elanus_axillaris\elanus_axillaris_343963978_626661522.jpg,train,elanus_axillaris_343963978_626661522.jpg
elanus_axillaris,Black-shouldered Kite,C:\Projects\raptor_australia\dataset\raw\elanus_axillaris\elanus_axillaris_346535853_631702108.jpg,train,elanus_axillaris_346535853_631702108.jpg
elanus_axillaris,Black-shouldered Kite,C:\Projects\raptor_australia\dataset\raw\elanus_axillaris\elanus_axillaris_350770753_640053356.jpg,train,elanus_axillaris_350770753_640053356.jpg
elanus_axillaris,Black-shouldered Kite,C:\Projects\raptor_australia\dataset\raw\elanus_axillaris\elanus_axillaris_349442264_637433197.jpg,train,elanus_axillaris_349442264_637433197.jpg
elanus_axillaris,Black-shouldered Kite,C:\Projects\raptor_australia\dataset\raw\elanus_axillaris\elanus_axillaris_346294131_631216574.jpg,train,elanus_axillaris_346294131_631216574.jpg
elanus_axillaris,Black-shouldered Kite,C:\Projects\raptor_australia\dataset\raw\elanus_axillaris\elanus_axillaris_337247784_613027260.jpg,train,elanus_axillaris_337247784_613027260.jpg
elanus_axillaris,Black-shouldered Kite,C:\Projects\raptor_australia\dataset\raw\elanus_axillaris\elanus_axillaris_345392470_629443310.jpg,train,elanus_axillaris_345392470_629443310.jpg
elanus_axillaris,Black-shouldered Kite,C:\Projects\raptor_australia\dataset\raw\elanus_axillaris\elanus_axillaris_347838821_634285106.jpg,train,elanus_axillaris_347838821_634285106.jpg
elanus_axillaris,Black-shouldered Kite,C:\Projects\raptor_australia\dataset\raw\elanus_axillaris\elanus_axillaris_346302140_631239036.jpg,train,elanus_axillaris_346302140_631239036.jpg
elanus_axillaris,Black-shouldered Kite,C:\Projects\raptor_australia\dataset\raw\elanus_axillaris\elanus_axillaris_348678562_635953165.jpg,train,elanus_axillaris_348678562_635953165.jpg
elanus_axillaris,Black-shouldered Kite,C:\Projects\raptor_australia\dataset\raw\elanus_axillaris\elanus_axillaris_343580884_625897594.jpg,train,elanus_axillaris_343580884_625897594.jpg
elanus_axillaris,Black-shouldered Kite,C:\Projects\raptor_australia\dataset\raw\elanus_axillaris\elanus_axillaris_344129190_626983317.jpg,train,elanus_axillaris_344129190_626983317.jpg
elanus_axillaris,Black-shouldered Kite,C:\Projects\raptor_australia\dataset\raw\elanus_axillaris\elanus_axillaris_341059738_620791080.jpg,train,elanus_axillaris_341059738_620791080.jpg
elanus_axillaris,Black-shouldered Kite,C:\Projects\raptor_australia\dataset\raw\elanus_axillaris\elanus_axillaris_342970999_624655161.jpg,train,elanus_axillaris_342970999_624655161.jpg
elanus_axillaris,Black-shouldered Kite,C:\Projects\raptor_australia\dataset\raw\elanus_axillaris\elanus_axillaris_341075944_620825094.jpg,train,elanus_axillaris_341075944_620825094.jpg
elanus_axillaris,Black-shouldered Kite,C:\Projects\raptor_australia\dataset\raw\elanus_axillaris\elanus_axillaris_343011565_624736845.jpg,train,elanus_axillaris_343011565_624736845.jpg
elanus_axillaris,Black-shouldered Kite,C:\Projects\raptor_australia\dataset\raw\elanus_axillaris\elanus_axillaris_349230982_637035955.jpg,train,elanus_axillaris_349230982_637035955.jpg
elanus_axillaris,Black-shouldered Kite,C:\Projects\raptor_australia\dataset\raw\elanus_axillaris\elanus_axillaris_337746504_614050694.jpg,train,elanus_axillaris_337746504_614050694.jpg
elanus_axillaris,Black-shouldered Kite,C:\Projects\raptor_australia\dataset\raw\elanus_axillaris\elanus_axillaris_341358842_621410732.jpg,train,elanus_axillaris_341358842_621410732.jpg
elanus_axillaris,Black-shouldered Kite,C:\Projects\raptor_australia\dataset\raw\elanus_axillaris\elanus_axillaris_337200671_612932478.jpg,train,elanus_axillaris_337200671_612932478.jpg
elanus_axillaris,Black-shouldered Kite,C:\Projects\raptor_australia\dataset\raw\elanus_axillaris\elanus_axillaris_341164977_621005473.jpg,train,elanus_axillaris_341164977_621005473.jpg
elanus_axillaris,Black-shouldered Kite,C:\Projects\raptor_australia\dataset\raw\elanus_axillaris\elanus_axillaris_337307591_613150070.jpg,train,elanus_axillaris_337307591_613150070.jpg
elanus_axillaris,Black-shouldered Kite,C:\Projects\raptor_australia\dataset\raw\elanus_axillaris\elanus_axillaris_349459613_637490040.jpg,train,elanus_axillaris_349459613_637490040.jpg
elanus_axillaris,Black-shouldered Kite,C:\Projects\raptor_australia\dataset\raw\elanus_axillaris\elanus_axillaris_347008673_632635252.jpg,train,elanus_axillaris_347008673_632635252.jpg
elanus_axillaris,Black-shouldered Kite,C:\Projects\raptor_australia\dataset\raw\elanus_axillaris\elanus_axillaris_337616746_613788236.jpg,train,elanus_axillaris_337616746_613788236.jpg
elanus_axillaris,Black-shouldered Kite,C:\Projects\raptor_australia\dataset\raw\elanus_axillaris\elanus_axillaris_340730319_620117877.jpg,train,elanus_axillaris_340730319_620117877.jpg
elanus_axillaris,Black-shouldered Kite,C:\Projects\raptor_australia\dataset\raw\elanus_axillaris\elanus_axillaris_343871312_626475295.jpg,train,elanus_axillaris_343871312_626475295.jpg
elanus_axillaris,Black-shouldered Kite,C:\Projects\raptor_australia\dataset\raw\elanus_axillaris\elanus_axillaris_342852192_624417075.jpg,train,elanus_axillaris_342852192_624417075.jpg
elanus_axillaris,Black-shouldered Kite,C:\Projects\raptor_australia\dataset\raw\elanus_axillaris\elanus_axillaris_342021067_622749093.jpg,train,elanus_axillaris_342021067_622749093.jpg
elanus_axillaris,Black-shouldered Kite,C:\Projects\raptor_australia\dataset\raw\elanus_axillaris\elanus_axillaris_352179353_642781958.jpg,train,elanus_axillaris_352179353_642781958.jpg
elanus_axillaris,Black-shouldered Kite,C:\Projects\raptor_australia\dataset\raw\elanus_axillaris\elanus_axillaris_344116081_626959744.jpg,train,elanus_axillaris_344116081_626959744.jpg
elanus_axillaris,Black-shouldered Kite,C:\Projects\raptor_australia\dataset\raw\elanus_axillaris\elanus_axillaris_351116349_640694790.jpg,train,elanus_axillaris_351116349_640694790.jpg
elanus_axillaris,Black-shouldered Kite,C:\Projects\raptor_australia\dataset\raw\elanus_axillaris\elanus_axillaris_340935090_620524792.jpg,train,elanus_axillaris_340935090_620524792.jpg
elanus_axillaris,Black-shouldered Kite,C:\Projects\raptor_australia\dataset\raw\elanus_axillaris\elanus_axillaris_338187661_614955154.jpg,train,elanus_axillaris_338187661_614955154.jpg
elanus_axillaris,Black-shouldered Kite,C:\Projects\raptor_australia\dataset\raw\elanus_axillaris\elanus_axillaris_338673340_615946649.jpg,train,elanus_axillaris_338673340_615946649.jpg
elanus_axillaris,Black-shouldered Kite,C:\Projects\raptor_australia\dataset\raw\elanus_axillaris\elanus_axillaris_347797624_634206188.jpg,train,elanus_axillaris_347797624_634206188.jpg
elanus_axillaris,Black-shouldered Kite,C:\Projects\raptor_australia\dataset\raw\elanus_axillaris\elanus_axillaris_344649643_627992924.jpg,train,elanus_axillaris_344649643_627992924.jpg
elanus_axillaris,Black-shouldered Kite,C:\Projects\raptor_australia\dataset\raw\elanus_axillaris\elanus_axillaris_341863864_622435330.jpg,train,elanus_axillaris_341863864_622435330.jpg
elanus_axillaris,Black-shouldered Kite,C:\Projects\raptor_australia\dataset\raw\elanus_axillaris\elanus_axillaris_346916105_632449540.jpg,train,elanus_axillaris_346916105_632449540.jpg
elanus_axillaris,Black-shouldered Kite,C:\Projects\raptor_australia\dataset\raw\elanus_axillaris\elanus_axillaris_338060221_614696328.jpg,train,elanus_axillaris_338060221_614696328.jpg
elanus_axillaris,Black-shouldered Kite,C:\Projects\raptor_australia\dataset\raw\elanus_axillaris\elanus_axillaris_340549222_619752522.jpg,train,elanus_axillaris_340549222_619752522.jpg
elanus_axillaris,Black-shouldered Kite,C:\Projects\raptor_australia\dataset\raw\elanus_axillaris\elanus_axillaris_340110221_618860424.jpg,train,elanus_axillaris_340110221_618860424.jpg
elanus_axillaris,Black-shouldered Kite,C:\Projects\raptor_australia\dataset\raw\elanus_axillaris\elanus_axillaris_339495501_617602370.jpg,train,elanus_axillaris_339495501_617602370.jpg
elanus_axillaris,Black-shouldered Kite,C:\Projects\raptor_australia\dataset\raw\elanus_axillaris\elanus_axillaris_345042925_628756503.jpg,train,elanus_axillaris_345042925_628756503.jpg
elanus_axillaris,Black-shouldered Kite,C:\Projects\raptor_australia\dataset\raw\elanus_axillaris\elanus_axillaris_350222013_638981468.jpg,train,elanus_axillaris_350222013_638981468.jpg
elanus_axillaris,Black-shouldered Kite,C:\Projects\raptor_australia\dataset\raw\elanus_axillaris\elanus_axillaris_345051635_628773452.jpg,train,elanus_axillaris_345051635_628773452.jpg
elanus_axillaris,Black-shouldered Kite,C:\Projects\raptor_australia\dataset\raw\elanus_axillaris\elanus_axillaris_338865743_616331600.jpg,train,elanus_axillaris_338865743_616331600.jpg
elanus_axillaris,Black-shouldered Kite,C:\Projects\raptor_australia\dataset\raw\elanus_axillaris\elanus_axillaris_340276404_619200343.jpg,train,elanus_axillaris_340276404_619200343.jpg
elanus_axillaris,Black-shouldered Kite,C:\Projects\raptor_australia\dataset\raw\elanus_axillaris\elanus_axillaris_338842437_616286241.jpg,train,elanus_axillaris_338842437_616286241.jpg
elanus_axillaris,Black-shouldered Kite,C:\Projects\raptor_australia\dataset\raw\elanus_axillaris\elanus_axillaris_337181290_612891590.jpg,train,elanus_axillaris_337181290_612891590.jpg
elanus_axillaris,Black-shouldered Kite,C:\Projects\raptor_australia\dataset\raw\elanus_axillaris\elanus_axillaris_351297103_641049941.jpg,train,elanus_axillaris_351297103_641049941.jpg
elanus_axillaris,Black-shouldered Kite,C:\Projects\raptor_australia\dataset\raw\elanus_axillaris\elanus_axillaris_343090953_624899013.jpg,train,elanus_axillaris_343090953_624899013.jpg
elanus_axillaris,Black-shouldered Kite,C:\Projects\raptor_australia\dataset\raw\elanus_axillaris\elanus_axillaris_341048674_620767185.jpg,train,elanus_axillaris_341048674_620767185.jpg
elanus_axillaris,Black-shouldered Kite,C:\Projects\raptor_australia\dataset\raw\elanus_axillaris\elanus_axillaris_338969950_616525687.jpg,train,elanus_axillaris_338969950_616525687.jpg
elanus_axillaris,Black-shouldered Kite,C:\Projects\raptor_australia\dataset\raw\elanus_axillaris\elanus_axillaris_337360328_613258979.jpg,train,elanus_axillaris_337360328_613258979.jpg
elanus_axillaris,Black-shouldered Kite,C:\Projects\raptor_australia\dataset\raw\elanus_axillaris\elanus_axillaris_340376359_619399670.jpg,train,elanus_axillaris_340376359_619399670.jpg
elanus_axillaris,Black-shouldered Kite,C:\Projects\raptor_australia\dataset\raw\elanus_axillaris\elanus_axillaris_343867205_626467523.jpg,train,elanus_axillaris_343867205_626467523.jpg
elanus_axillaris,Black-shouldered Kite,C:\Projects\raptor_australia\dataset\raw\elanus_axillaris\elanus_axillaris_342357056_623430806.jpg,train,elanus_axillaris_342357056_623430806.jpg
elanus_axillaris,Black-shouldered Kite,C:\Projects\raptor_australia\dataset\raw\elanus_axillaris\elanus_axillaris_348894563_636382223.jpg,train,elanus_axillaris_348894563_636382223.jpg
elanus_axillaris,Black-shouldered Kite,C:\Projects\raptor_australia\dataset\raw\elanus_axillaris\elanus_axillaris_343066700_624849362.jpg,train,elanus_axillaris_343066700_624849362.jpg
elanus_axillaris,Black-shouldered Kite,C:\Projects\raptor_australia\dataset\raw\elanus_axillaris\elanus_axillaris_347770792_634154479.jpg,train,elanus_axillaris_347770792_634154479.jpg
elanus_axillaris,Black-shouldered Kite,C:\Projects\raptor_australia\dataset\raw\elanus_axillaris\elanus_axillaris_350755117_640023635.jpg,train,elanus_axillaris_350755117_640023635.jpg
elanus_axillaris,Black-shouldered Kite,C:\Projects\raptor_australia\dataset\raw\elanus_axillaris\elanus_axillaris_350196479_638930108.jpg,val,elanus_axillaris_350196479_638930108.jpg
elanus_axillaris,Black-shouldered Kite,C:\Projects\raptor_australia\dataset\raw\elanus_axillaris\elanus_axillaris_338034444_614641860.jpg,val,elanus_axillaris_338034444_614641860.jpg
elanus_axillaris,Black-shouldered Kite,C:\Projects\raptor_australia\dataset\raw\elanus_axillaris\elanus_axillaris_349914654_638374671.jpg,val,elanus_axillaris_349914654_638374671.jpg
elanus_axillaris,Black-shouldered Kite,C:\Projects\raptor_australia\dataset\raw\elanus_axillaris\elanus_axillaris_340585939_619823557.jpg,val,elanus_axillaris_340585939_619823557.jpg
elanus_axillaris,Black-shouldered Kite,C:\Projects\raptor_australia\dataset\raw\elanus_axillaris\elanus_axillaris_338056238_614689300.jpg,val,elanus_axillaris_338056238_614689300.jpg
elanus_axillaris,Black-shouldered Kite,C:\Projects\raptor_australia\dataset\raw\elanus_axillaris\elanus_axillaris_342232575_623170501.jpg,val,elanus_axillaris_342232575_623170501.jpg
elanus_axillaris,Black-shouldered Kite,C:\Projects\raptor_australia\dataset\raw\elanus_axillaris\elanus_axillaris_344831336_628341318.jpg,val,elanus_axillaris_344831336_628341318.jpg
elanus_axillaris,Black-shouldered Kite,C:\Projects\raptor_australia\dataset\raw\elanus_axillaris\elanus_axillaris_352235425_642885966.jpg,val,elanus_axillaris_352235425_642885966.jpg
elanus_axillaris,Black-shouldered Kite,C:\Projects\raptor_australia\dataset\raw\elanus_axillaris\elanus_axillaris_339699798_618016653.jpg,val,elanus_axillaris_339699798_618016653.jpg
elanus_axillaris,Black-shouldered Kite,C:\Projects\raptor_australia\dataset\raw\elanus_axillaris\elanus_axillaris_341063379_620798847.jpg,val,elanus_axillaris_341063379_620798847.jpg
elanus_axillaris,Black-shouldered Kite,C:\Projects\raptor_australia\dataset\raw\elanus_axillaris\elanus_axillaris_348959047_636505512.jpg,val,elanus_axillaris_348959047_636505512.jpg
elanus_axillaris,Black-shouldered Kite,C:\Projects\raptor_australia\dataset\raw\elanus_axillaris\elanus_axillaris_343280821_625287648.jpg,val,elanus_axillaris_343280821_625287648.jpg
elanus_axillaris,Black-shouldered Kite,C:\Projects\raptor_australia\dataset\raw\elanus_axillaris\elanus_axillaris_341835877_622383279.jpg,val,elanus_axillaris_341835877_622383279.jpg
elanus_axillaris,Black-shouldered Kite,C:\Projects\raptor_australia\dataset\raw\elanus_axillaris\elanus_axillaris_341075361_620823234.jpg,val,elanus_axillaris_341075361_620823234.jpg
elanus_axillaris,Black-shouldered Kite,C:\Projects\raptor_australia\dataset\raw\elanus_axillaris\elanus_axillaris_343773711_626284549.jpg,val,elanus_axillaris_343773711_626284549.jpg
elanus_axillaris,Black-shouldered Kite,C:\Projects\raptor_australia\dataset\raw\elanus_axillaris\elanus_axillaris_341200738_621082208.jpg,val,elanus_axillaris_341200738_621082208.jpg
elanus_axillaris,Black-shouldered Kite,C:\Projects\raptor_australia\dataset\raw\elanus_axillaris\elanus_axillaris_351048972_640572551.jpg,val,elanus_axillaris_351048972_640572551.jpg
elanus_axillaris,Black-shouldered Kite,C:\Projects\raptor_australia\dataset\raw\elanus_axillaris\elanus_axillaris_338537154_615683541.jpg,val,elanus_axillaris_338537154_615683541.jpg
elanus_axillaris,Black-shouldered Kite,C:\Projects\raptor_australia\dataset\raw\elanus_axillaris\elanus_axillaris_337946188_614463183.jpg,val,elanus_axillaris_337946188_614463183.jpg
elanus_axillaris,Black-shouldered Kite,C:\Projects\raptor_australia\dataset\raw\elanus_axillaris\elanus_axillaris_349465506_637461164.jpg,val,elanus_axillaris_349465506_637461164.jpg
elanus_axillaris,Black-shouldered Kite,C:\Projects\raptor_australia\dataset\raw\elanus_axillaris\elanus_axillaris_340433422_619519491.jpg,val,elanus_axillaris_340433422_619519491.jpg
elanus_axillaris,Black-shouldered Kite,C:\Projects\raptor_australia\dataset\raw\elanus_axillaris\elanus_axillaris_338000397_614571851.jpg,val,elanus_axillaris_338000397_614571851.jpg
elanus_axillaris,Black-shouldered Kite,C:\Projects\raptor_australia\dataset\raw\elanus_axillaris\elanus_axillaris_338656689_615912287.jpg,val,elanus_axillaris_338656689_615912287.jpg
elanus_axillaris,Black-shouldered Kite,C:\Projects\raptor_australia\dataset\raw\elanus_axillaris\elanus_axillaris_343728005_626194593.jpg,val,elanus_axillaris_343728005_626194593.jpg
elanus_axillaris,Black-shouldered Kite,C:\Projects\raptor_australia\dataset\raw\elanus_axillaris\elanus_axillaris_343447354_625626126.jpg,val,elanus_axillaris_343447354_625626126.jpg
elanus_axillaris,Black-shouldered Kite,C:\Projects\raptor_australia\dataset\raw\elanus_axillaris\elanus_axillaris_344645841_627996691.jpg,val,elanus_axillaris_344645841_627996691.jpg
elanus_axillaris,Black-shouldered Kite,C:\Projects\raptor_australia\dataset\raw\elanus_axillaris\elanus_axillaris_340434610_619521922.jpg,val,elanus_axillaris_340434610_619521922.jpg
elanus_axillaris,Black-shouldered Kite,C:\Projects\raptor_australia\dataset\raw\elanus_axillaris\elanus_axillaris_343913070_626559723.jpg,val,elanus_axillaris_343913070_626559723.jpg
elanus_axillaris,Black-shouldered Kite,C:\Projects\raptor_australia\dataset\raw\elanus_axillaris\elanus_axillaris_347141079_632901457.jpg,val,elanus_axillaris_347141079_632901457.jpg
elanus_axillaris,Black-shouldered Kite,C:\Projects\raptor_australia\dataset\raw\elanus_axillaris\elanus_axillaris_346117680_630870661.jpg,test,elanus_axillaris_346117680_630870661.jpg
elanus_axillaris,Black-shouldered Kite,C:\Projects\raptor_australia\dataset\raw\elanus_axillaris\elanus_axillaris_344650560_628001224.jpg,test,elanus_axillaris_344650560_628001224.jpg
elanus_axillaris,Black-shouldered Kite,C:\Projects\raptor_australia\dataset\raw\elanus_axillaris\elanus_axillaris_341138308_620949875.jpg,test,elanus_axillaris_341138308_620949875.jpg
elanus_axillaris,Black-shouldered Kite,C:\Projects\raptor_australia\dataset\raw\elanus_axillaris\elanus_axillaris_349939235_638424288.jpg,test,elanus_axillaris_349939235_638424288.jpg
elanus_axillaris,Black-shouldered Kite,C:\Projects\raptor_australia\dataset\raw\elanus_axillaris\elanus_axillaris_338685320_615971776.jpg,test,elanus_axillaris_338685320_615971776.jpg
elanus_axillaris,Black-shouldered Kite,C:\Projects\raptor_australia\dataset\raw\elanus_axillaris\elanus_axillaris_337442284_613422989.jpg,test,elanus_axillaris_337442284_613422989.jpg
elanus_axillaris,Black-shouldered Kite,C:\Projects\raptor_australia\dataset\raw\elanus_axillaris\elanus_axillaris_339877309_618379296.jpg,test,elanus_axillaris_339877309_618379296.jpg
elanus_axillaris,Black-shouldered Kite,C:\Projects\raptor_australia\dataset\raw\elanus_axillaris\elanus_axillaris_338288724_615162845.jpg,test,elanus_axillaris_338288724_615162845.jpg
elanus_axillaris,Black-shouldered Kite,C:\Projects\raptor_australia\dataset\raw\elanus_axillaris\elanus_axillaris_345628801_629915528.jpg,test,elanus_axillaris_345628801_629915528.jpg
elanus_axillaris,Black-shouldered Kite,C:\Projects\raptor_australia\dataset\raw\elanus_axillaris\elanus_axillaris_340006764_618643755.jpg,test,elanus_axillaris_340006764_618643755.jpg
elanus_axillaris,Black-shouldered Kite,C:\Projects\raptor_australia\dataset\raw\elanus_axillaris\elanus_axillaris_352200199_642821346.jpg,test,elanus_axillaris_352200199_642821346.jpg
elanus_axillaris,Black-shouldered Kite,C:\Projects\raptor_australia\dataset\raw\elanus_axillaris\elanus_axillaris_337191692_612915110.jpg,test,elanus_axillaris_337191692_612915110.jpg
elanus_axillaris,Black-shouldered Kite,C:\Projects\raptor_australia\dataset\raw\elanus_axillaris\elanus_axillaris_352206507_642832917.jpg,test,elanus_axillaris_352206507_642832917.jpg
elanus_axillaris,Black-shouldered Kite,C:\Projects\raptor_australia\dataset\raw\elanus_axillaris\elanus_axillaris_343907957_626549418.jpg,test,elanus_axillaris_343907957_626549418.jpg
elanus_axillaris,Black-shouldered Kite,C:\Projects\raptor_australia\dataset\raw\elanus_axillaris\elanus_axillaris_343442633_625617328.jpg,test,elanus_axillaris_343442633_625617328.jpg
elanus_axillaris,Black-shouldered Kite,C:\Projects\raptor_australia\dataset\raw\elanus_axillaris\elanus_axillaris_342656506_624038036.jpg,test,elanus_axillaris_342656506_624038036.jpg
elanus_axillaris,Black-shouldered Kite,C:\Projects\raptor_australia\dataset\raw\elanus_axillaris\elanus_axillaris_340741436_620138549.jpg,test,elanus_axillaris_340741436_620138549.jpg
elanus_axillaris,Black-shouldered Kite,C:\Projects\raptor_australia\dataset\raw\elanus_axillaris\elanus_axillaris_337422817_613391705.jpg,test,elanus_axillaris_337422817_613391705.jpg
elanus_axillaris,Black-shouldered Kite,C:\Projects\raptor_australia\dataset\raw\elanus_axillaris\elanus_axillaris_342391662_623506592.jpg,test,elanus_axillaris_342391662_623506592.jpg
elanus_axillaris,Black-shouldered Kite,C:\Projects\raptor_australia\dataset\raw\elanus_axillaris\elanus_axillaris_337388133_613316764.jpg,test,elanus_axillaris_337388133_613316764.jpg
elanus_axillaris,Black-shouldered Kite,C:\Projects\raptor_australia\dataset\raw\elanus_axillaris\elanus_axillaris_351056154_640588971.jpg,test,elanus_axillaris_351056154_640588971.jpg
elanus_axillaris,Black-shouldered Kite,C:\Projects\raptor_australia\dataset\raw\elanus_axillaris\elanus_axillaris_351152996_640769958.jpg,test,elanus_axillaris_351152996_640769958.jpg
elanus_axillaris,Black-shouldered Kite,C:\Projects\raptor_australia\dataset\raw\elanus_axillaris\elanus_axillaris_346327315_631288412.jpg,test,elanus_axillaris_346327315_631288412.jpg
elanus_axillaris,Black-shouldered Kite,C:\Projects\raptor_australia\dataset\raw\elanus_axillaris\elanus_axillaris_341303188_621290009.jpg,test,elanus_axillaris_341303188_621290009.jpg
elanus_axillaris,Black-shouldered Kite,C:\Projects\raptor_australia\dataset\raw\elanus_axillaris\elanus_axillaris_342851669_624416505.jpg,test,elanus_axillaris_342851669_624416505.jpg
elanus_axillaris,Black-shouldered Kite,C:\Projects\raptor_australia\dataset\raw\elanus_axillaris\elanus_axillaris_339019747_616630022.jpg,test,elanus_axillaris_339019747_616630022.jpg
elanus_axillaris,Black-shouldered Kite,C:\Projects\raptor_australia\dataset\raw\elanus_axillaris\elanus_axillaris_344611051_627922961.jpg,test,elanus_axillaris_344611051_627922961.jpg
elanus_axillaris,Black-shouldered Kite,C:\Projects\raptor_australia\dataset\raw\elanus_axillaris\elanus_axillaris_351049250_640574147.jpg,test,elanus_axillaris_351049250_640574147.jpg
elanus_axillaris,Black-shouldered Kite,C:\Projects\raptor_australia\dataset\raw\elanus_axillaris\elanus_axillaris_344093405_626913721.jpg,test,elanus_axillaris_344093405_626913721.jpg
elanus_axillaris,Black-shouldered Kite,C:\Projects\raptor_australia\dataset\raw\elanus_axillaris\elanus_axillaris_338945142_616481446.jpg,test,elanus_axillaris_338945142_616481446.jpg
elanus_axillaris,Black-shouldered Kite,C:\Projects\raptor_australia\dataset\raw\elanus_axillaris\elanus_axillaris_341208022_621097907.jpg,test,elanus_axillaris_341208022_621097907.jpg
lophoictinia_isura,Square-tailed Kite,C:\Projects\raptor_australia\dataset\raw\lophoictinia_isura\lophoictinia_isura_338944445_616480212.jpg,train,lophoictinia_isura_338944445_616480212.jpg
lophoictinia_isura,Square-tailed Kite,C:\Projects\raptor_australia\dataset\raw\lophoictinia_isura\lophoictinia_isura_328363949_595000502.jpg,train,lophoictinia_isura_328363949_595000502.jpg
lophoictinia_isura,Square-tailed Kite,C:\Projects\raptor_australia\dataset\raw\lophoictinia_isura\lophoictinia_isura_337270965_613074263.jpg,train,lophoictinia_isura_337270965_613074263.jpg
lophoictinia_isura,Square-tailed Kite,C:\Projects\raptor_australia\dataset\raw\lophoictinia_isura\lophoictinia_isura_332969949_604404866.jpg,train,lophoictinia_isura_332969949_604404866.jpg
lophoictinia_isura,Square-tailed Kite,C:\Projects\raptor_australia\dataset\raw\lophoictinia_isura\lophoictinia_isura_335566681_609631931.jpg,train,lophoictinia_isura_335566681_609631931.jpg
lophoictinia_isura,Square-tailed Kite,C:\Projects\raptor_australia\dataset\raw\lophoictinia_isura\lophoictinia_isura_328963724_596213873.jpg,train,lophoictinia_isura_328963724_596213873.jpg
lophoictinia_isura,Square-tailed Kite,C:\Projects\raptor_australia\dataset\raw\lophoictinia_isura\lophoictinia_isura_332846695_604146330.jpg,train,lophoictinia_isura_332846695_604146330.jpg
lophoictinia_isura,Square-tailed Kite,C:\Projects\raptor_australia\dataset\raw\lophoictinia_isura\lophoictinia_isura_335546809_609590447.jpg,train,lophoictinia_isura_335546809_609590447.jpg
lophoictinia_isura,Square-tailed Kite,C:\Projects\raptor_australia\dataset\raw\lophoictinia_isura\lophoictinia_isura_336025383_610551371.jpg,train,lophoictinia_isura_336025383_610551371.jpg
lophoictinia_isura,Square-tailed Kite,C:\Projects\raptor_australia\dataset\raw\lophoictinia_isura\lophoictinia_isura_343593187_625924082.jpg,train,lophoictinia_isura_343593187_625924082.jpg
lophoictinia_isura,Square-tailed Kite,C:\Projects\raptor_australia\dataset\raw\lophoictinia_isura\lophoictinia_isura_332406220_603247574.jpg,train,lophoictinia_isura_332406220_603247574.jpg
lophoictinia_isura,Square-tailed Kite,C:\Projects\raptor_australia\dataset\raw\lophoictinia_isura\lophoictinia_isura_331404256_601190920.jpg,train,lophoictinia_isura_331404256_601190920.jpg
lophoictinia_isura,Square-tailed Kite,C:\Projects\raptor_australia\dataset\raw\lophoictinia_isura\lophoictinia_isura_334792771_608057163.jpg,train,lophoictinia_isura_334792771_608057163.jpg
lophoictinia_isura,Square-tailed Kite,C:\Projects\raptor_australia\dataset\raw\lophoictinia_isura\lophoictinia_isura_337299619_613134102.jpg,train,lophoictinia_isura_337299619_613134102.jpg
lophoictinia_isura,Square-tailed Kite,C:\Projects\raptor_australia\dataset\raw\lophoictinia_isura\lophoictinia_isura_333109917_604690405.jpg,train,lophoictinia_isura_333109917_604690405.jpg
lophoictinia_isura,Square-tailed Kite,C:\Projects\raptor_australia\dataset\raw\lophoictinia_isura\lophoictinia_isura_334823401_608120877.jpg,train,lophoictinia_isura_334823401_608120877.jpg
lophoictinia_isura,Square-tailed Kite,C:\Projects\raptor_australia\dataset\raw\lophoictinia_isura\lophoictinia_isura_335572259_609642117.jpg,train,lophoictinia_isura_335572259_609642117.jpg
lophoictinia_isura,Square-tailed Kite,C:\Projects\raptor_australia\dataset\raw\lophoictinia_isura\lophoictinia_isura_349184614_636947942.jpg,train,lophoictinia_isura_349184614_636947942.jpg
lophoictinia_isura,Square-tailed Kite,C:\Projects\raptor_australia\dataset\raw\lophoictinia_isura\lophoictinia_isura_348907236_636408232.jpg,train,lophoictinia_isura_348907236_636408232.jpg
lophoictinia_isura,Square-tailed Kite,C:\Projects\raptor_australia\dataset\raw\lophoictinia_isura\lophoictinia_isura_330686440_599714300.jpg,train,lophoictinia_isura_330686440_599714300.jpg
lophoictinia_isura,Square-tailed Kite,C:\Projects\raptor_australia\dataset\raw\lophoictinia_isura\lophoictinia_isura_330074072_598451819.jpg,train,lophoictinia_isura_330074072_598451819.jpg
lophoictinia_isura,Square-tailed Kite,C:\Projects\raptor_australia\dataset\raw\lophoictinia_isura\lophoictinia_isura_329834219_597966248.jpg,train,lophoictinia_isura_329834219_597966248.jpg
lophoictinia_isura,Square-tailed Kite,C:\Projects\raptor_australia\dataset\raw\lophoictinia_isura\lophoictinia_isura_345058344_628786717.jpg,train,lophoictinia_isura_345058344_628786717.jpg
lophoictinia_isura,Square-tailed Kite,C:\Projects\raptor_australia\dataset\raw\lophoictinia_isura\lophoictinia_isura_347453235_633521932.jpg,train,lophoictinia_isura_347453235_633521932.jpg
lophoictinia_isura,Square-tailed Kite,C:\Projects\raptor_australia\dataset\raw\lophoictinia_isura\lophoictinia_isura_327505178_593347633.jpg,train,lophoictinia_isura_327505178_593347633.jpg
lophoictinia_isura,Square-tailed Kite,C:\Projects\raptor_australia\dataset\raw\lophoictinia_isura\lophoictinia_isura_334458708_607382784.jpg,train,lophoictinia_isura_334458708_607382784.jpg
lophoictinia_isura,Square-tailed Kite,C:\Projects\raptor_australia\dataset\raw\lophoictinia_isura\lophoictinia_isura_326935644_592212070.jpg,train,lophoictinia_isura_326935644_592212070.jpg
lophoictinia_isura,Square-tailed Kite,C:\Projects\raptor_australia\dataset\raw\lophoictinia_isura\lophoictinia_isura_327655271_593640939.jpg,train,lophoictinia_isura_327655271_593640939.jpg
lophoictinia_isura,Square-tailed Kite,C:\Projects\raptor_australia\dataset\raw\lophoictinia_isura\lophoictinia_isura_328455165_595189615.jpg,train,lophoictinia_isura_328455165_595189615.jpg
lophoictinia_isura,Square-tailed Kite,C:\Projects\raptor_australia\dataset\raw\lophoictinia_isura\lophoictinia_isura_328564991_595411733.jpg,train,lophoictinia_isura_328564991_595411733.jpg
lophoictinia_isura,Square-tailed Kite,C:\Projects\raptor_australia\dataset\raw\lophoictinia_isura\lophoictinia_isura_336440274_611383277.jpg,train,lophoictinia_isura_336440274_611383277.jpg
lophoictinia_isura,Square-tailed Kite,C:\Projects\raptor_australia\dataset\raw\lophoictinia_isura\lophoictinia_isura_335470856_609438088.jpg,train,lophoictinia_isura_335470856_609438088.jpg
lophoictinia_isura,Square-tailed Kite,C:\Projects\raptor_australia\dataset\raw\lophoictinia_isura\lophoictinia_isura_334463812_607393187.jpg,train,lophoictinia_isura_334463812_607393187.jpg
lophoictinia_isura,Square-tailed Kite,C:\Projects\raptor_australia\dataset\raw\lophoictinia_isura\lophoictinia_isura_331074838_600512815.jpg,train,lophoictinia_isura_331074838_600512815.jpg
lophoictinia_isura,Square-tailed Kite,C:\Projects\raptor_australia\dataset\raw\lophoictinia_isura\lophoictinia_isura_339004957_616599915.jpg,train,lophoictinia_isura_339004957_616599915.jpg
lophoictinia_isura,Square-tailed Kite,C:\Projects\raptor_australia\dataset\raw\lophoictinia_isura\lophoictinia_isura_335043801_608578170.jpg,train,lophoictinia_isura_335043801_608578170.jpg
lophoictinia_isura,Square-tailed Kite,C:\Projects\raptor_australia\dataset\raw\lophoictinia_isura\lophoictinia_isura_340943646_620549958.jpg,train,lophoictinia_isura_340943646_620549958.jpg
lophoictinia_isura,Square-tailed Kite,C:\Projects\raptor_australia\dataset\raw\lophoictinia_isura\lophoictinia_isura_338054728_614685984.jpg,train,lophoictinia_isura_338054728_614685984.jpg
lophoictinia_isura,Square-tailed Kite,C:\Projects\raptor_australia\dataset\raw\lophoictinia_isura\lophoictinia_isura_340004425_618639240.jpg,train,lophoictinia_isura_340004425_618639240.jpg
lophoictinia_isura,Square-tailed Kite,C:\Projects\raptor_australia\dataset\raw\lophoictinia_isura\lophoictinia_isura_338531257_615671199.jpg,train,lophoictinia_isura_338531257_615671199.jpg
lophoictinia_isura,Square-tailed Kite,C:\Projects\raptor_australia\dataset\raw\lophoictinia_isura\lophoictinia_isura_330896637_600140778.jpg,train,lophoictinia_isura_330896637_600140778.jpg
lophoictinia_isura,Square-tailed Kite,C:\Projects\raptor_australia\dataset\raw\lophoictinia_isura\lophoictinia_isura_343299746_625324538.jpg,train,lophoictinia_isura_343299746_625324538.jpg
lophoictinia_isura,Square-tailed Kite,C:\Projects\raptor_australia\dataset\raw\lophoictinia_isura\lophoictinia_isura_348255979_635114629.jpg,train,lophoictinia_isura_348255979_635114629.jpg
lophoictinia_isura,Square-tailed Kite,C:\Projects\raptor_australia\dataset\raw\lophoictinia_isura\lophoictinia_isura_328708106_595707577.jpg,train,lophoictinia_isura_328708106_595707577.jpg
lophoictinia_isura,Square-tailed Kite,C:\Projects\raptor_australia\dataset\raw\lophoictinia_isura\lophoictinia_isura_326589045_591521491.jpg,train,lophoictinia_isura_326589045_591521491.jpg
lophoictinia_isura,Square-tailed Kite,C:\Projects\raptor_australia\dataset\raw\lophoictinia_isura\lophoictinia_isura_340122707_618888328.jpg,train,lophoictinia_isura_340122707_618888328.jpg
lophoictinia_isura,Square-tailed Kite,C:\Projects\raptor_australia\dataset\raw\lophoictinia_isura\lophoictinia_isura_330434543_599187352.jpg,train,lophoictinia_isura_330434543_599187352.jpg
lophoictinia_isura,Square-tailed Kite,C:\Projects\raptor_australia\dataset\raw\lophoictinia_isura\lophoictinia_isura_329657921_597607553.jpg,train,lophoictinia_isura_329657921_597607553.jpg
lophoictinia_isura,Square-tailed Kite,C:\Projects\raptor_australia\dataset\raw\lophoictinia_isura\lophoictinia_isura_339268888_617143965.jpg,train,lophoictinia_isura_339268888_617143965.jpg
lophoictinia_isura,Square-tailed Kite,C:\Projects\raptor_australia\dataset\raw\lophoictinia_isura\lophoictinia_isura_331627741_601647121.jpg,train,lophoictinia_isura_331627741_601647121.jpg
lophoictinia_isura,Square-tailed Kite,C:\Projects\raptor_australia\dataset\raw\lophoictinia_isura\lophoictinia_isura_338275979_615136006.jpg,train,lophoictinia_isura_338275979_615136006.jpg
lophoictinia_isura,Square-tailed Kite,C:\Projects\raptor_australia\dataset\raw\lophoictinia_isura\lophoictinia_isura_350236369_639007595.jpg,train,lophoictinia_isura_350236369_639007595.jpg
lophoictinia_isura,Square-tailed Kite,C:\Projects\raptor_australia\dataset\raw\lophoictinia_isura\lophoictinia_isura_331076278_600516312.jpg,train,lophoictinia_isura_331076278_600516312.jpg
lophoictinia_isura,Square-tailed Kite,C:\Projects\raptor_australia\dataset\raw\lophoictinia_isura\lophoictinia_isura_340194613_619034197.jpg,train,lophoictinia_isura_340194613_619034197.jpg
lophoictinia_isura,Square-tailed Kite,C:\Projects\raptor_australia\dataset\raw\lophoictinia_isura\lophoictinia_isura_326292229_597128473.jpg,train,lophoictinia_isura_326292229_597128473.jpg
lophoictinia_isura,Square-tailed Kite,C:\Projects\raptor_australia\dataset\raw\lophoictinia_isura\lophoictinia_isura_347664631_633933353.jpg,train,lophoictinia_isura_347664631_633933353.jpg
lophoictinia_isura,Square-tailed Kite,C:\Projects\raptor_australia\dataset\raw\lophoictinia_isura\lophoictinia_isura_328010854_594295841.jpg,train,lophoictinia_isura_328010854_594295841.jpg
lophoictinia_isura,Square-tailed Kite,C:\Projects\raptor_australia\dataset\raw\lophoictinia_isura\lophoictinia_isura_330065197_598433920.jpg,train,lophoictinia_isura_330065197_598433920.jpg
lophoictinia_isura,Square-tailed Kite,C:\Projects\raptor_australia\dataset\raw\lophoictinia_isura\lophoictinia_isura_332520741_603480901.jpg,train,lophoictinia_isura_332520741_603480901.jpg
lophoictinia_isura,Square-tailed Kite,C:\Projects\raptor_australia\dataset\raw\lophoictinia_isura\lophoictinia_isura_342876092_624467510.jpg,train,lophoictinia_isura_342876092_624467510.jpg
lophoictinia_isura,Square-tailed Kite,C:\Projects\raptor_australia\dataset\raw\lophoictinia_isura\lophoictinia_isura_344563566_627827749.jpg,train,lophoictinia_isura_344563566_627827749.jpg
lophoictinia_isura,Square-tailed Kite,C:\Projects\raptor_australia\dataset\raw\lophoictinia_isura\lophoictinia_isura_337637475_613831586.jpg,train,lophoictinia_isura_337637475_613831586.jpg
lophoictinia_isura,Square-tailed Kite,C:\Projects\raptor_australia\dataset\raw\lophoictinia_isura\lophoictinia_isura_334721543_607914648.jpg,train,lophoictinia_isura_334721543_607914648.jpg
lophoictinia_isura,Square-tailed Kite,C:\Projects\raptor_australia\dataset\raw\lophoictinia_isura\lophoictinia_isura_335278159_609047137.jpg,train,lophoictinia_isura_335278159_609047137.jpg
lophoictinia_isura,Square-tailed Kite,C:\Projects\raptor_australia\dataset\raw\lophoictinia_isura\lophoictinia_isura_349512441_637593447.jpg,train,lophoictinia_isura_349512441_637593447.jpg
lophoictinia_isura,Square-tailed Kite,C:\Projects\raptor_australia\dataset\raw\lophoictinia_isura\lophoictinia_isura_339694427_618005941.jpg,train,lophoictinia_isura_339694427_618005941.jpg
lophoictinia_isura,Square-tailed Kite,C:\Projects\raptor_australia\dataset\raw\lophoictinia_isura\lophoictinia_isura_327498081_593309285.jpg,train,lophoictinia_isura_327498081_593309285.jpg
lophoictinia_isura,Square-tailed Kite,C:\Projects\raptor_australia\dataset\raw\lophoictinia_isura\lophoictinia_isura_326294664_590932390.jpg,train,lophoictinia_isura_326294664_590932390.jpg
lophoictinia_isura,Square-tailed Kite,C:\Projects\raptor_australia\dataset\raw\lophoictinia_isura\lophoictinia_isura_350234509_639004468.jpg,train,lophoictinia_isura_350234509_639004468.jpg
lophoictinia_isura,Square-tailed Kite,C:\Projects\raptor_australia\dataset\raw\lophoictinia_isura\lophoictinia_isura_346501837_631631800.jpg,train,lophoictinia_isura_346501837_631631800.jpg
lophoictinia_isura,Square-tailed Kite,C:\Projects\raptor_australia\dataset\raw\lophoictinia_isura\lophoictinia_isura_347216496_633053746.jpg,train,lophoictinia_isura_347216496_633053746.jpg
lophoictinia_isura,Square-tailed Kite,C:\Projects\raptor_australia\dataset\raw\lophoictinia_isura\lophoictinia_isura_341593571_621886475.jpg,train,lophoictinia_isura_341593571_621886475.jpg
lophoictinia_isura,Square-tailed Kite,C:\Projects\raptor_australia\dataset\raw\lophoictinia_isura\lophoictinia_isura_336923255_612367435.jpg,train,lophoictinia_isura_336923255_612367435.jpg
lophoictinia_isura,Square-tailed Kite,C:\Projects\raptor_australia\dataset\raw\lophoictinia_isura\lophoictinia_isura_343593325_625924270.jpg,train,lophoictinia_isura_343593325_625924270.jpg
lophoictinia_isura,Square-tailed Kite,C:\Projects\raptor_australia\dataset\raw\lophoictinia_isura\lophoictinia_isura_342229169_623174204.jpg,train,lophoictinia_isura_342229169_623174204.jpg
lophoictinia_isura,Square-tailed Kite,C:\Projects\raptor_australia\dataset\raw\lophoictinia_isura\lophoictinia_isura_332680005_603808633.jpg,train,lophoictinia_isura_332680005_603808633.jpg
lophoictinia_isura,Square-tailed Kite,C:\Projects\raptor_australia\dataset\raw\lophoictinia_isura\lophoictinia_isura_334470467_607406352.jpg,train,lophoictinia_isura_334470467_607406352.jpg
lophoictinia_isura,Square-tailed Kite,C:\Projects\raptor_australia\dataset\raw\lophoictinia_isura\lophoictinia_isura_336133719_610767642.jpg,train,lophoictinia_isura_336133719_610767642.jpg
lophoictinia_isura,Square-tailed Kite,C:\Projects\raptor_australia\dataset\raw\lophoictinia_isura\lophoictinia_isura_332245244_602916585.jpg,train,lophoictinia_isura_332245244_602916585.jpg
lophoictinia_isura,Square-tailed Kite,C:\Projects\raptor_australia\dataset\raw\lophoictinia_isura\lophoictinia_isura_339995204_618626602.jpg,train,lophoictinia_isura_339995204_618626602.jpg
lophoictinia_isura,Square-tailed Kite,C:\Projects\raptor_australia\dataset\raw\lophoictinia_isura\lophoictinia_isura_333282288_605039670.jpg,train,lophoictinia_isura_333282288_605039670.jpg
lophoictinia_isura,Square-tailed Kite,C:\Projects\raptor_australia\dataset\raw\lophoictinia_isura\lophoictinia_isura_342561146_623849679.jpg,train,lophoictinia_isura_342561146_623849679.jpg
lophoictinia_isura,Square-tailed Kite,C:\Projects\raptor_australia\dataset\raw\lophoictinia_isura\lophoictinia_isura_344345082_627405553.jpg,train,lophoictinia_isura_344345082_627405553.jpg
lophoictinia_isura,Square-tailed Kite,C:\Projects\raptor_australia\dataset\raw\lophoictinia_isura\lophoictinia_isura_333293746_605063180.jpg,train,lophoictinia_isura_333293746_605063180.jpg
lophoictinia_isura,Square-tailed Kite,C:\Projects\raptor_australia\dataset\raw\lophoictinia_isura\lophoictinia_isura_343614193_625966300.jpg,train,lophoictinia_isura_343614193_625966300.jpg
lophoictinia_isura,Square-tailed Kite,C:\Projects\raptor_australia\dataset\raw\lophoictinia_isura\lophoictinia_isura_328913516_596115314.jpg,train,lophoictinia_isura_328913516_596115314.jpg
lophoictinia_isura,Square-tailed Kite,C:\Projects\raptor_australia\dataset\raw\lophoictinia_isura\lophoictinia_isura_336568311_611642703.jpg,train,lophoictinia_isura_336568311_611642703.jpg
lophoictinia_isura,Square-tailed Kite,C:\Projects\raptor_australia\dataset\raw\lophoictinia_isura\lophoictinia_isura_332089232_602593301.jpg,train,lophoictinia_isura_332089232_602593301.jpg
lophoictinia_isura,Square-tailed Kite,C:\Projects\raptor_australia\dataset\raw\lophoictinia_isura\lophoictinia_isura_335657390_609810606.jpg,train,lophoictinia_isura_335657390_609810606.jpg
lophoictinia_isura,Square-tailed Kite,C:\Projects\raptor_australia\dataset\raw\lophoictinia_isura\lophoictinia_isura_332697668_603844965.jpg,train,lophoictinia_isura_332697668_603844965.jpg
lophoictinia_isura,Square-tailed Kite,C:\Projects\raptor_australia\dataset\raw\lophoictinia_isura\lophoictinia_isura_345444932_629550052.jpg,train,lophoictinia_isura_345444932_629550052.jpg
lophoictinia_isura,Square-tailed Kite,C:\Projects\raptor_australia\dataset\raw\lophoictinia_isura\lophoictinia_isura_328984212_596254714.jpg,train,lophoictinia_isura_328984212_596254714.jpg
lophoictinia_isura,Square-tailed Kite,C:\Projects\raptor_australia\dataset\raw\lophoictinia_isura\lophoictinia_isura_342809127_624328015.jpg,train,lophoictinia_isura_342809127_624328015.jpg
lophoictinia_isura,Square-tailed Kite,C:\Projects\raptor_australia\dataset\raw\lophoictinia_isura\lophoictinia_isura_330939329_600230099.jpg,train,lophoictinia_isura_330939329_600230099.jpg
lophoictinia_isura,Square-tailed Kite,C:\Projects\raptor_australia\dataset\raw\lophoictinia_isura\lophoictinia_isura_339672268_617960577.jpg,train,lophoictinia_isura_339672268_617960577.jpg
lophoictinia_isura,Square-tailed Kite,C:\Projects\raptor_australia\dataset\raw\lophoictinia_isura\lophoictinia_isura_339111802_616815314.jpg,train,lophoictinia_isura_339111802_616815314.jpg
lophoictinia_isura,Square-tailed Kite,C:\Projects\raptor_australia\dataset\raw\lophoictinia_isura\lophoictinia_isura_333717473_605870127.jpg,train,lophoictinia_isura_333717473_605870127.jpg
lophoictinia_isura,Square-tailed Kite,C:\Projects\raptor_australia\dataset\raw\lophoictinia_isura\lophoictinia_isura_332787054_604024403.jpg,train,lophoictinia_isura_332787054_604024403.jpg
lophoictinia_isura,Square-tailed Kite,C:\Projects\raptor_australia\dataset\raw\lophoictinia_isura\lophoictinia_isura_329955894_598213442.jpg,train,lophoictinia_isura_329955894_598213442.jpg
lophoictinia_isura,Square-tailed Kite,C:\Projects\raptor_australia\dataset\raw\lophoictinia_isura\lophoictinia_isura_332499798_603436176.jpg,train,lophoictinia_isura_332499798_603436176.jpg
lophoictinia_isura,Square-tailed Kite,C:\Projects\raptor_australia\dataset\raw\lophoictinia_isura\lophoictinia_isura_334931678_608344317.jpg,train,lophoictinia_isura_334931678_608344317.jpg
lophoictinia_isura,Square-tailed Kite,C:\Projects\raptor_australia\dataset\raw\lophoictinia_isura\lophoictinia_isura_351936834_642308683.jpg,train,lophoictinia_isura_351936834_642308683.jpg
lophoictinia_isura,Square-tailed Kite,C:\Projects\raptor_australia\dataset\raw\lophoictinia_isura\lophoictinia_isura_330666657_599671055.jpg,train,lophoictinia_isura_330666657_599671055.jpg
lophoictinia_isura,Square-tailed Kite,C:\Projects\raptor_australia\dataset\raw\lophoictinia_isura\lophoictinia_isura_335194432_608882180.jpg,train,lophoictinia_isura_335194432_608882180.jpg
lophoictinia_isura,Square-tailed Kite,C:\Projects\raptor_australia\dataset\raw\lophoictinia_isura\lophoictinia_isura_333783683_606003638.jpg,train,lophoictinia_isura_333783683_606003638.jpg
lophoictinia_isura,Square-tailed Kite,C:\Projects\raptor_australia\dataset\raw\lophoictinia_isura\lophoictinia_isura_338696660_615993679.jpg,train,lophoictinia_isura_338696660_615993679.jpg
lophoictinia_isura,Square-tailed Kite,C:\Projects\raptor_australia\dataset\raw\lophoictinia_isura\lophoictinia_isura_350758500_640029785.jpg,train,lophoictinia_isura_350758500_640029785.jpg
lophoictinia_isura,Square-tailed Kite,C:\Projects\raptor_australia\dataset\raw\lophoictinia_isura\lophoictinia_isura_351924802_642286108.jpg,train,lophoictinia_isura_351924802_642286108.jpg
lophoictinia_isura,Square-tailed Kite,C:\Projects\raptor_australia\dataset\raw\lophoictinia_isura\lophoictinia_isura_327802469_593915644.jpg,train,lophoictinia_isura_327802469_593915644.jpg
lophoictinia_isura,Square-tailed Kite,C:\Projects\raptor_australia\dataset\raw\lophoictinia_isura\lophoictinia_isura_329155156_596595322.jpg,train,lophoictinia_isura_329155156_596595322.jpg
lophoictinia_isura,Square-tailed Kite,C:\Projects\raptor_australia\dataset\raw\lophoictinia_isura\lophoictinia_isura_329434786_597160254.jpg,train,lophoictinia_isura_329434786_597160254.jpg
lophoictinia_isura,Square-tailed Kite,C:\Projects\raptor_australia\dataset\raw\lophoictinia_isura\lophoictinia_isura_330039119_598379805.jpg,train,lophoictinia_isura_330039119_598379805.jpg
lophoictinia_isura,Square-tailed Kite,C:\Projects\raptor_australia\dataset\raw\lophoictinia_isura\lophoictinia_isura_338533906_615676827.jpg,train,lophoictinia_isura_338533906_615676827.jpg
lophoictinia_isura,Square-tailed Kite,C:\Projects\raptor_australia\dataset\raw\lophoictinia_isura\lophoictinia_isura_337993980_614559371.jpg,train,lophoictinia_isura_337993980_614559371.jpg
lophoictinia_isura,Square-tailed Kite,C:\Projects\raptor_australia\dataset\raw\lophoictinia_isura\lophoictinia_isura_346330726_631296882.jpg,train,lophoictinia_isura_346330726_631296882.jpg
lophoictinia_isura,Square-tailed Kite,C:\Projects\raptor_australia\dataset\raw\lophoictinia_isura\lophoictinia_isura_340270997_619189694.jpg,train,lophoictinia_isura_340270997_619189694.jpg
lophoictinia_isura,Square-tailed Kite,C:\Projects\raptor_australia\dataset\raw\lophoictinia_isura\lophoictinia_isura_337061553_612649951.jpg,train,lophoictinia_isura_337061553_612649951.jpg
lophoictinia_isura,Square-tailed Kite,C:\Projects\raptor_australia\dataset\raw\lophoictinia_isura\lophoictinia_isura_348920633_636425119.jpg,train,lophoictinia_isura_348920633_636425119.jpg
lophoictinia_isura,Square-tailed Kite,C:\Projects\raptor_australia\dataset\raw\lophoictinia_isura\lophoictinia_isura_327215114_592764211.jpg,train,lophoictinia_isura_327215114_592764211.jpg
lophoictinia_isura,Square-tailed Kite,C:\Projects\raptor_australia\dataset\raw\lophoictinia_isura\lophoictinia_isura_350210698_638957310.jpg,train,lophoictinia_isura_350210698_638957310.jpg
lophoictinia_isura,Square-tailed Kite,C:\Projects\raptor_australia\dataset\raw\lophoictinia_isura\lophoictinia_isura_347161305_632946491.jpg,train,lophoictinia_isura_347161305_632946491.jpg
lophoictinia_isura,Square-tailed Kite,C:\Projects\raptor_australia\dataset\raw\lophoictinia_isura\lophoictinia_isura_331906372_602218710.jpg,train,lophoictinia_isura_331906372_602218710.jpg
lophoictinia_isura,Square-tailed Kite,C:\Projects\raptor_australia\dataset\raw\lophoictinia_isura\lophoictinia_isura_334466933_607399643.jpg,train,lophoictinia_isura_334466933_607399643.jpg
lophoictinia_isura,Square-tailed Kite,C:\Projects\raptor_australia\dataset\raw\lophoictinia_isura\lophoictinia_isura_326321661_590985380.jpg,train,lophoictinia_isura_326321661_590985380.jpg
lophoictinia_isura,Square-tailed Kite,C:\Projects\raptor_australia\dataset\raw\lophoictinia_isura\lophoictinia_isura_335793982_610089923.jpg,train,lophoictinia_isura_335793982_610089923.jpg
lophoictinia_isura,Square-tailed Kite,C:\Projects\raptor_australia\dataset\raw\lophoictinia_isura\lophoictinia_isura_333282109_605036362.jpg,train,lophoictinia_isura_333282109_605036362.jpg
lophoictinia_isura,Square-tailed Kite,C:\Projects\raptor_australia\dataset\raw\lophoictinia_isura\lophoictinia_isura_329171902_596629554.jpg,train,lophoictinia_isura_329171902_596629554.jpg
lophoictinia_isura,Square-tailed Kite,C:\Projects\raptor_australia\dataset\raw\lophoictinia_isura\lophoictinia_isura_342339444_623395356.jpg,train,lophoictinia_isura_342339444_623395356.jpg
lophoictinia_isura,Square-tailed Kite,C:\Projects\raptor_australia\dataset\raw\lophoictinia_isura\lophoictinia_isura_329397553_597083572.jpg,train,lophoictinia_isura_329397553_597083572.jpg
lophoictinia_isura,Square-tailed Kite,C:\Projects\raptor_australia\dataset\raw\lophoictinia_isura\lophoictinia_isura_346543885_631717767.jpg,train,lophoictinia_isura_346543885_631717767.jpg
lophoictinia_isura,Square-tailed Kite,C:\Projects\raptor_australia\dataset\raw\lophoictinia_isura\lophoictinia_isura_335797784_610097882.jpg,train,lophoictinia_isura_335797784_610097882.jpg
lophoictinia_isura,Square-tailed Kite,C:\Projects\raptor_australia\dataset\raw\lophoictinia_isura\lophoictinia_isura_334157306_606766790.jpg,train,lophoictinia_isura_334157306_606766790.jpg
lophoictinia_isura,Square-tailed Kite,C:\Projects\raptor_australia\dataset\raw\lophoictinia_isura\lophoictinia_isura_332830939_604114197.jpg,train,lophoictinia_isura_332830939_604114197.jpg
lophoictinia_isura,Square-tailed Kite,C:\Projects\raptor_australia\dataset\raw\lophoictinia_isura\lophoictinia_isura_342212829_623141529.jpg,train,lophoictinia_isura_342212829_623141529.jpg
lophoictinia_isura,Square-tailed Kite,C:\Projects\raptor_australia\dataset\raw\lophoictinia_isura\lophoictinia_isura_331627868_601647309.jpg,train,lophoictinia_isura_331627868_601647309.jpg
lophoictinia_isura,Square-tailed Kite,C:\Projects\raptor_australia\dataset\raw\lophoictinia_isura\lophoictinia_isura_331650989_601694558.jpg,train,lophoictinia_isura_331650989_601694558.jpg
lophoictinia_isura,Square-tailed Kite,C:\Projects\raptor_australia\dataset\raw\lophoictinia_isura\lophoictinia_isura_326717087_591774628.jpg,train,lophoictinia_isura_326717087_591774628.jpg
lophoictinia_isura,Square-tailed Kite,C:\Projects\raptor_australia\dataset\raw\lophoictinia_isura\lophoictinia_isura_335490657_609474954.jpg,train,lophoictinia_isura_335490657_609474954.jpg
lophoictinia_isura,Square-tailed Kite,C:\Projects\raptor_australia\dataset\raw\lophoictinia_isura\lophoictinia_isura_340263410_619175562.jpg,train,lophoictinia_isura_340263410_619175562.jpg
lophoictinia_isura,Square-tailed Kite,C:\Projects\raptor_australia\dataset\raw\lophoictinia_isura\lophoictinia_isura_329801486_597894870.jpg,train,lophoictinia_isura_329801486_597894870.jpg
lophoictinia_isura,Square-tailed Kite,C:\Projects\raptor_australia\dataset\raw\lophoictinia_isura\lophoictinia_isura_346510367_631650247.jpg,train,lophoictinia_isura_346510367_631650247.jpg
lophoictinia_isura,Square-tailed Kite,C:\Projects\raptor_australia\dataset\raw\lophoictinia_isura\lophoictinia_isura_342655440_624036070.jpg,train,lophoictinia_isura_342655440_624036070.jpg
lophoictinia_isura,Square-tailed Kite,C:\Projects\raptor_australia\dataset\raw\lophoictinia_isura\lophoictinia_isura_342831933_624374435.jpg,train,lophoictinia_isura_342831933_624374435.jpg
lophoictinia_isura,Square-tailed Kite,C:\Projects\raptor_australia\dataset\raw\lophoictinia_isura\lophoictinia_isura_338290882_615167796.jpg,train,lophoictinia_isura_338290882_615167796.jpg
lophoictinia_isura,Square-tailed Kite,C:\Projects\raptor_australia\dataset\raw\lophoictinia_isura\lophoictinia_isura_335566676_609631913.jpg,train,lophoictinia_isura_335566676_609631913.jpg
lophoictinia_isura,Square-tailed Kite,C:\Projects\raptor_australia\dataset\raw\lophoictinia_isura\lophoictinia_isura_347439593_633489063.jpg,train,lophoictinia_isura_347439593_633489063.jpg
lophoictinia_isura,Square-tailed Kite,C:\Projects\raptor_australia\dataset\raw\lophoictinia_isura\lophoictinia_isura_351429023_641320543.jpg,train,lophoictinia_isura_351429023_641320543.jpg
lophoictinia_isura,Square-tailed Kite,C:\Projects\raptor_australia\dataset\raw\lophoictinia_isura\lophoictinia_isura_334032291_606512999.jpg,train,lophoictinia_isura_334032291_606512999.jpg
lophoictinia_isura,Square-tailed Kite,C:\Projects\raptor_australia\dataset\raw\lophoictinia_isura\lophoictinia_isura_329163405_596612506.jpg,train,lophoictinia_isura_329163405_596612506.jpg
lophoictinia_isura,Square-tailed Kite,C:\Projects\raptor_australia\dataset\raw\lophoictinia_isura\lophoictinia_isura_332237601_602901087.jpg,train,lophoictinia_isura_332237601_602901087.jpg
lophoictinia_isura,Square-tailed Kite,C:\Projects\raptor_australia\dataset\raw\lophoictinia_isura\lophoictinia_isura_336427146_611356986.jpg,train,lophoictinia_isura_336427146_611356986.jpg
lophoictinia_isura,Square-tailed Kite,C:\Projects\raptor_australia\dataset\raw\lophoictinia_isura\lophoictinia_isura_337164825_612857959.jpg,train,lophoictinia_isura_337164825_612857959.jpg
lophoictinia_isura,Square-tailed Kite,C:\Projects\raptor_australia\dataset\raw\lophoictinia_isura\lophoictinia_isura_342868704_624449561.jpg,train,lophoictinia_isura_342868704_624449561.jpg
lophoictinia_isura,Square-tailed Kite,C:\Projects\raptor_australia\dataset\raw\lophoictinia_isura\lophoictinia_isura_328713632_595712761.jpg,train,lophoictinia_isura_328713632_595712761.jpg
lophoictinia_isura,Square-tailed Kite,C:\Projects\raptor_australia\dataset\raw\lophoictinia_isura\lophoictinia_isura_342866581_624448391.jpg,train,lophoictinia_isura_342866581_624448391.jpg
lophoictinia_isura,Square-tailed Kite,C:\Projects\raptor_australia\dataset\raw\lophoictinia_isura\lophoictinia_isura_335464130_609423789.jpg,train,lophoictinia_isura_335464130_609423789.jpg
lophoictinia_isura,Square-tailed Kite,C:\Projects\raptor_australia\dataset\raw\lophoictinia_isura\lophoictinia_isura_347984112_634575475.jpg,train,lophoictinia_isura_347984112_634575475.jpg
lophoictinia_isura,Square-tailed Kite,C:\Projects\raptor_australia\dataset\raw\lophoictinia_isura\lophoictinia_isura_337155241_612837030.jpg,train,lophoictinia_isura_337155241_612837030.jpg
lophoictinia_isura,Square-tailed Kite,C:\Projects\raptor_australia\dataset\raw\lophoictinia_isura\lophoictinia_isura_332367797_603167117.jpg,train,lophoictinia_isura_332367797_603167117.jpg
lophoictinia_isura,Square-tailed Kite,C:\Projects\raptor_australia\dataset\raw\lophoictinia_isura\lophoictinia_isura_336536413_611575902.jpg,train,lophoictinia_isura_336536413_611575902.jpg
lophoictinia_isura,Square-tailed Kite,C:\Projects\raptor_australia\dataset\raw\lophoictinia_isura\lophoictinia_isura_332412379_603261098.jpg,train,lophoictinia_isura_332412379_603261098.jpg
lophoictinia_isura,Square-tailed Kite,C:\Projects\raptor_australia\dataset\raw\lophoictinia_isura\lophoictinia_isura_337927040_614423711.jpg,train,lophoictinia_isura_337927040_614423711.jpg
lophoictinia_isura,Square-tailed Kite,C:\Projects\raptor_australia\dataset\raw\lophoictinia_isura\lophoictinia_isura_330515618_599357334.jpg,train,lophoictinia_isura_330515618_599357334.jpg
lophoictinia_isura,Square-tailed Kite,C:\Projects\raptor_australia\dataset\raw\lophoictinia_isura\lophoictinia_isura_343774364_626287400.jpg,train,lophoictinia_isura_343774364_626287400.jpg
lophoictinia_isura,Square-tailed Kite,C:\Projects\raptor_australia\dataset\raw\lophoictinia_isura\lophoictinia_isura_336066182_610632714.jpg,train,lophoictinia_isura_336066182_610632714.jpg
lophoictinia_isura,Square-tailed Kite,C:\Projects\raptor_australia\dataset\raw\lophoictinia_isura\lophoictinia_isura_335702792_609904888.jpg,train,lophoictinia_isura_335702792_609904888.jpg
lophoictinia_isura,Square-tailed Kite,C:\Projects\raptor_australia\dataset\raw\lophoictinia_isura\lophoictinia_isura_326745797_596608889.jpg,train,lophoictinia_isura_326745797_596608889.jpg
lophoictinia_isura,Square-tailed Kite,C:\Projects\raptor_australia\dataset\raw\lophoictinia_isura\lophoictinia_isura_352263675_642938549.jpg,train,lophoictinia_isura_352263675_642938549.jpg
lophoictinia_isura,Square-tailed Kite,C:\Projects\raptor_australia\dataset\raw\lophoictinia_isura\lophoictinia_isura_350445031_639417318.jpg,train,lophoictinia_isura_350445031_639417318.jpg
lophoictinia_isura,Square-tailed Kite,C:\Projects\raptor_australia\dataset\raw\lophoictinia_isura\lophoictinia_isura_326308774_590959684.jpg,train,lophoictinia_isura_326308774_590959684.jpg
lophoictinia_isura,Square-tailed Kite,C:\Projects\raptor_australia\dataset\raw\lophoictinia_isura\lophoictinia_isura_335194163_609161887.jpg,train,lophoictinia_isura_335194163_609161887.jpg
lophoictinia_isura,Square-tailed Kite,C:\Projects\raptor_australia\dataset\raw\lophoictinia_isura\lophoictinia_isura_336427071_611356853.jpg,train,lophoictinia_isura_336427071_611356853.jpg
lophoictinia_isura,Square-tailed Kite,C:\Projects\raptor_australia\dataset\raw\lophoictinia_isura\lophoictinia_isura_334688229_607844156.jpg,train,lophoictinia_isura_334688229_607844156.jpg
lophoictinia_isura,Square-tailed Kite,C:\Projects\raptor_australia\dataset\raw\lophoictinia_isura\lophoictinia_isura_346971515_632563702.jpg,train,lophoictinia_isura_346971515_632563702.jpg
lophoictinia_isura,Square-tailed Kite,C:\Projects\raptor_australia\dataset\raw\lophoictinia_isura\lophoictinia_isura_336646662_611804780.jpg,train,lophoictinia_isura_336646662_611804780.jpg
lophoictinia_isura,Square-tailed Kite,C:\Projects\raptor_australia\dataset\raw\lophoictinia_isura\lophoictinia_isura_327318818_592975914.jpg,train,lophoictinia_isura_327318818_592975914.jpg
lophoictinia_isura,Square-tailed Kite,C:\Projects\raptor_australia\dataset\raw\lophoictinia_isura\lophoictinia_isura_332439170_603312984.jpg,train,lophoictinia_isura_332439170_603312984.jpg
lophoictinia_isura,Square-tailed Kite,C:\Projects\raptor_australia\dataset\raw\lophoictinia_isura\lophoictinia_isura_334874697_608227883.jpg,train,lophoictinia_isura_334874697_608227883.jpg
lophoictinia_isura,Square-tailed Kite,C:\Projects\raptor_australia\dataset\raw\lophoictinia_isura\lophoictinia_isura_327626760_593584356.jpg,train,lophoictinia_isura_327626760_593584356.jpg
lophoictinia_isura,Square-tailed Kite,C:\Projects\raptor_australia\dataset\raw\lophoictinia_isura\lophoictinia_isura_336223476_610945008.jpg,train,lophoictinia_isura_336223476_610945008.jpg
lophoictinia_isura,Square-tailed Kite,C:\Projects\raptor_australia\dataset\raw\lophoictinia_isura\lophoictinia_isura_336133979_610768140.jpg,train,lophoictinia_isura_336133979_610768140.jpg
lophoictinia_isura,Square-tailed Kite,C:\Projects\raptor_australia\dataset\raw\lophoictinia_isura\lophoictinia_isura_329261720_596806475.jpg,train,lophoictinia_isura_329261720_596806475.jpg
lophoictinia_isura,Square-tailed Kite,C:\Projects\raptor_australia\dataset\raw\lophoictinia_isura\lophoictinia_isura_333121589_604711376.jpg,train,lophoictinia_isura_333121589_604711376.jpg
lophoictinia_isura,Square-tailed Kite,C:\Projects\raptor_australia\dataset\raw\lophoictinia_isura\lophoictinia_isura_335434769_609364828.jpg,train,lophoictinia_isura_335434769_609364828.jpg
lophoictinia_isura,Square-tailed Kite,C:\Projects\raptor_australia\dataset\raw\lophoictinia_isura\lophoictinia_isura_337629005_613814737.jpg,train,lophoictinia_isura_337629005_613814737.jpg
lophoictinia_isura,Square-tailed Kite,C:\Projects\raptor_australia\dataset\raw\lophoictinia_isura\lophoictinia_isura_332406233_603247881.jpg,train,lophoictinia_isura_332406233_603247881.jpg
lophoictinia_isura,Square-tailed Kite,C:\Projects\raptor_australia\dataset\raw\lophoictinia_isura\lophoictinia_isura_341216887_621115056.jpg,train,lophoictinia_isura_341216887_621115056.jpg
lophoictinia_isura,Square-tailed Kite,C:\Projects\raptor_australia\dataset\raw\lophoictinia_isura\lophoictinia_isura_325408062_589163158.jpg,train,lophoictinia_isura_325408062_589163158.jpg
lophoictinia_isura,Square-tailed Kite,C:\Projects\raptor_australia\dataset\raw\lophoictinia_isura\lophoictinia_isura_333222766_604918030.jpg,train,lophoictinia_isura_333222766_604918030.jpg
lophoictinia_isura,Square-tailed Kite,C:\Projects\raptor_australia\dataset\raw\lophoictinia_isura\lophoictinia_isura_331362410_601106881.jpg,train,lophoictinia_isura_331362410_601106881.jpg
lophoictinia_isura,Square-tailed Kite,C:\Projects\raptor_australia\dataset\raw\lophoictinia_isura\lophoictinia_isura_328877444_596042425.jpg,train,lophoictinia_isura_328877444_596042425.jpg
lophoictinia_isura,Square-tailed Kite,C:\Projects\raptor_australia\dataset\raw\lophoictinia_isura\lophoictinia_isura_337135937_612798796.jpg,train,lophoictinia_isura_337135937_612798796.jpg
lophoictinia_isura,Square-tailed Kite,C:\Projects\raptor_australia\dataset\raw\lophoictinia_isura\lophoictinia_isura_338872955_616342905.jpg,train,lophoictinia_isura_338872955_616342905.jpg
lophoictinia_isura,Square-tailed Kite,C:\Projects\raptor_australia\dataset\raw\lophoictinia_isura\lophoictinia_isura_335438268_609372112.jpg,train,lophoictinia_isura_335438268_609372112.jpg
lophoictinia_isura,Square-tailed Kite,C:\Projects\raptor_australia\dataset\raw\lophoictinia_isura\lophoictinia_isura_334778201_608027027.jpg,train,lophoictinia_isura_334778201_608027027.jpg
lophoictinia_isura,Square-tailed Kite,C:\Projects\raptor_australia\dataset\raw\lophoictinia_isura\lophoictinia_isura_335665534_609828854.jpg,train,lophoictinia_isura_335665534_609828854.jpg
lophoictinia_isura,Square-tailed Kite,C:\Projects\raptor_australia\dataset\raw\lophoictinia_isura\lophoictinia_isura_340729209_623054623.jpg,train,lophoictinia_isura_340729209_623054623.jpg
lophoictinia_isura,Square-tailed Kite,C:\Projects\raptor_australia\dataset\raw\lophoictinia_isura\lophoictinia_isura_335031699_608553213.jpg,train,lophoictinia_isura_335031699_608553213.jpg
lophoictinia_isura,Square-tailed Kite,C:\Projects\raptor_australia\dataset\raw\lophoictinia_isura\lophoictinia_isura_335566644_609631810.jpg,train,lophoictinia_isura_335566644_609631810.jpg
lophoictinia_isura,Square-tailed Kite,C:\Projects\raptor_australia\dataset\raw\lophoictinia_isura\lophoictinia_isura_334592670_607654846.jpg,train,lophoictinia_isura_334592670_607654846.jpg
lophoictinia_isura,Square-tailed Kite,C:\Projects\raptor_australia\dataset\raw\lophoictinia_isura\lophoictinia_isura_347738003_634085872.jpg,train,lophoictinia_isura_347738003_634085872.jpg
lophoictinia_isura,Square-tailed Kite,C:\Projects\raptor_australia\dataset\raw\lophoictinia_isura\lophoictinia_isura_327237603_592810716.jpg,train,lophoictinia_isura_327237603_592810716.jpg
lophoictinia_isura,Square-tailed Kite,C:\Projects\raptor_australia\dataset\raw\lophoictinia_isura\lophoictinia_isura_333845836_606261254.jpg,train,lophoictinia_isura_333845836_606261254.jpg
lophoictinia_isura,Square-tailed Kite,C:\Projects\raptor_australia\dataset\raw\lophoictinia_isura\lophoictinia_isura_335641834_609779006.jpg,train,lophoictinia_isura_335641834_609779006.jpg
lophoictinia_isura,Square-tailed Kite,C:\Projects\raptor_australia\dataset\raw\lophoictinia_isura\lophoictinia_isura_338507636_615619626.jpg,train,lophoictinia_isura_338507636_615619626.jpg
lophoictinia_isura,Square-tailed Kite,C:\Projects\raptor_australia\dataset\raw\lophoictinia_isura\lophoictinia_isura_335784832_610071574.jpg,train,lophoictinia_isura_335784832_610071574.jpg
lophoictinia_isura,Square-tailed Kite,C:\Projects\raptor_australia\dataset\raw\lophoictinia_isura\lophoictinia_isura_333121600_604711409.jpg,train,lophoictinia_isura_333121600_604711409.jpg
lophoictinia_isura,Square-tailed Kite,C:\Projects\raptor_australia\dataset\raw\lophoictinia_isura\lophoictinia_isura_330432675_599184902.jpg,train,lophoictinia_isura_330432675_599184902.jpg
lophoictinia_isura,Square-tailed Kite,C:\Projects\raptor_australia\dataset\raw\lophoictinia_isura\lophoictinia_isura_326745835_591834597.jpg,train,lophoictinia_isura_326745835_591834597.jpg
lophoictinia_isura,Square-tailed Kite,C:\Projects\raptor_australia\dataset\raw\lophoictinia_isura\lophoictinia_isura_328464835_595207216.jpg,train,lophoictinia_isura_328464835_595207216.jpg
lophoictinia_isura,Square-tailed Kite,C:\Projects\raptor_australia\dataset\raw\lophoictinia_isura\lophoictinia_isura_331519734_601429882.jpg,train,lophoictinia_isura_331519734_601429882.jpg
lophoictinia_isura,Square-tailed Kite,C:\Projects\raptor_australia\dataset\raw\lophoictinia_isura\lophoictinia_isura_330407397_599134855.jpg,train,lophoictinia_isura_330407397_599134855.jpg
lophoictinia_isura,Square-tailed Kite,C:\Projects\raptor_australia\dataset\raw\lophoictinia_isura\lophoictinia_isura_343437091_625606779.jpg,train,lophoictinia_isura_343437091_625606779.jpg
lophoictinia_isura,Square-tailed Kite,C:\Projects\raptor_australia\dataset\raw\lophoictinia_isura\lophoictinia_isura_338001232_614574004.jpg,train,lophoictinia_isura_338001232_614574004.jpg
lophoictinia_isura,Square-tailed Kite,C:\Projects\raptor_australia\dataset\raw\lophoictinia_isura\lophoictinia_isura_328322178_594919958.jpg,train,lophoictinia_isura_328322178_594919958.jpg
lophoictinia_isura,Square-tailed Kite,C:\Projects\raptor_australia\dataset\raw\lophoictinia_isura\lophoictinia_isura_333131003_604733807.jpg,train,lophoictinia_isura_333131003_604733807.jpg
lophoictinia_isura,Square-tailed Kite,C:\Projects\raptor_australia\dataset\raw\lophoictinia_isura\lophoictinia_isura_334884472_608246514.jpg,train,lophoictinia_isura_334884472_608246514.jpg
lophoictinia_isura,Square-tailed Kite,C:\Projects\raptor_australia\dataset\raw\lophoictinia_isura\lophoictinia_isura_335570985_609637388.jpg,train,lophoictinia_isura_335570985_609637388.jpg
lophoictinia_isura,Square-tailed Kite,C:\Projects\raptor_australia\dataset\raw\lophoictinia_isura\lophoictinia_isura_337186583_612903740.jpg,train,lophoictinia_isura_337186583_612903740.jpg
lophoictinia_isura,Square-tailed Kite,C:\Projects\raptor_australia\dataset\raw\lophoictinia_isura\lophoictinia_isura_335140451_608774697.jpg,train,lophoictinia_isura_335140451_608774697.jpg
lophoictinia_isura,Square-tailed Kite,C:\Projects\raptor_australia\dataset\raw\lophoictinia_isura\lophoictinia_isura_328904133_596096852.jpg,train,lophoictinia_isura_328904133_596096852.jpg
lophoictinia_isura,Square-tailed Kite,C:\Projects\raptor_australia\dataset\raw\lophoictinia_isura\lophoictinia_isura_339576860_617769664.jpg,train,lophoictinia_isura_339576860_617769664.jpg
lophoictinia_isura,Square-tailed Kite,C:\Projects\raptor_australia\dataset\raw\lophoictinia_isura\lophoictinia_isura_330033668_598368313.jpg,train,lophoictinia_isura_330033668_598368313.jpg
lophoictinia_isura,Square-tailed Kite,C:\Projects\raptor_australia\dataset\raw\lophoictinia_isura\lophoictinia_isura_330536362_599399221.jpg,train,lophoictinia_isura_330536362_599399221.jpg
lophoictinia_isura,Square-tailed Kite,C:\Projects\raptor_australia\dataset\raw\lophoictinia_isura\lophoictinia_isura_326302748_590948902.jpg,train,lophoictinia_isura_326302748_590948902.jpg
lophoictinia_isura,Square-tailed Kite,C:\Projects\raptor_australia\dataset\raw\lophoictinia_isura\lophoictinia_isura_344076568_626880121.jpg,train,lophoictinia_isura_344076568_626880121.jpg
lophoictinia_isura,Square-tailed Kite,C:\Projects\raptor_australia\dataset\raw\lophoictinia_isura\lophoictinia_isura_326271748_590885966.jpg,train,lophoictinia_isura_326271748_590885966.jpg
lophoictinia_isura,Square-tailed Kite,C:\Projects\raptor_australia\dataset\raw\lophoictinia_isura\lophoictinia_isura_335585415_609665756.jpg,train,lophoictinia_isura_335585415_609665756.jpg
lophoictinia_isura,Square-tailed Kite,C:\Projects\raptor_australia\dataset\raw\lophoictinia_isura\lophoictinia_isura_333713143_605861350.jpg,train,lophoictinia_isura_333713143_605861350.jpg
lophoictinia_isura,Square-tailed Kite,C:\Projects\raptor_australia\dataset\raw\lophoictinia_isura\lophoictinia_isura_342542677_623812068.jpg,train,lophoictinia_isura_342542677_623812068.jpg
lophoictinia_isura,Square-tailed Kite,C:\Projects\raptor_australia\dataset\raw\lophoictinia_isura\lophoictinia_isura_337038382_612599939.jpg,train,lophoictinia_isura_337038382_612599939.jpg
lophoictinia_isura,Square-tailed Kite,C:\Projects\raptor_australia\dataset\raw\lophoictinia_isura\lophoictinia_isura_337642901_613842046.jpg,train,lophoictinia_isura_337642901_613842046.jpg
lophoictinia_isura,Square-tailed Kite,C:\Projects\raptor_australia\dataset\raw\lophoictinia_isura\lophoictinia_isura_350447985_639424490.jpg,train,lophoictinia_isura_350447985_639424490.jpg
lophoictinia_isura,Square-tailed Kite,C:\Projects\raptor_australia\dataset\raw\lophoictinia_isura\lophoictinia_isura_350211118_638959365.jpg,train,lophoictinia_isura_350211118_638959365.jpg
lophoictinia_isura,Square-tailed Kite,C:\Projects\raptor_australia\dataset\raw\lophoictinia_isura\lophoictinia_isura_345608586_629872186.jpg,train,lophoictinia_isura_345608586_629872186.jpg
lophoictinia_isura,Square-tailed Kite,C:\Projects\raptor_australia\dataset\raw\lophoictinia_isura\lophoictinia_isura_344372356_627461712.jpg,train,lophoictinia_isura_344372356_627461712.jpg
lophoictinia_isura,Square-tailed Kite,C:\Projects\raptor_australia\dataset\raw\lophoictinia_isura\lophoictinia_isura_345398376_629455407.jpg,train,lophoictinia_isura_345398376_629455407.jpg
lophoictinia_isura,Square-tailed Kite,C:\Projects\raptor_australia\dataset\raw\lophoictinia_isura\lophoictinia_isura_342512931_623751811.jpg,train,lophoictinia_isura_342512931_623751811.jpg
lophoictinia_isura,Square-tailed Kite,C:\Projects\raptor_australia\dataset\raw\lophoictinia_isura\lophoictinia_isura_331159014_600684395.jpg,val,lophoictinia_isura_331159014_600684395.jpg
lophoictinia_isura,Square-tailed Kite,C:\Projects\raptor_australia\dataset\raw\lophoictinia_isura\lophoictinia_isura_326712195_591765647.jpg,val,lophoictinia_isura_326712195_591765647.jpg
lophoictinia_isura,Square-tailed Kite,C:\Projects\raptor_australia\dataset\raw\lophoictinia_isura\lophoictinia_isura_328729609_595746329.jpg,val,lophoictinia_isura_328729609_595746329.jpg
lophoictinia_isura,Square-tailed Kite,C:\Projects\raptor_australia\dataset\raw\lophoictinia_isura\lophoictinia_isura_328883367_596040867.jpg,val,lophoictinia_isura_328883367_596040867.jpg
lophoictinia_isura,Square-tailed Kite,C:\Projects\raptor_australia\dataset\raw\lophoictinia_isura\lophoictinia_isura_349453677_637478188.jpg,val,lophoictinia_isura_349453677_637478188.jpg
lophoictinia_isura,Square-tailed Kite,C:\Projects\raptor_australia\dataset\raw\lophoictinia_isura\lophoictinia_isura_332217667_602857001.jpg,val,lophoictinia_isura_332217667_602857001.jpg
lophoictinia_isura,Square-tailed Kite,C:\Projects\raptor_australia\dataset\raw\lophoictinia_isura\lophoictinia_isura_335921866_610349207.jpg,val,lophoictinia_isura_335921866_610349207.jpg
lophoictinia_isura,Square-tailed Kite,C:\Projects\raptor_australia\dataset\raw\lophoictinia_isura\lophoictinia_isura_337064513_612655968.jpg,val,lophoictinia_isura_337064513_612655968.jpg
lophoictinia_isura,Square-tailed Kite,C:\Projects\raptor_australia\dataset\raw\lophoictinia_isura\lophoictinia_isura_349172909_636924556.jpg,val,lophoictinia_isura_349172909_636924556.jpg
lophoictinia_isura,Square-tailed Kite,C:\Projects\raptor_australia\dataset\raw\lophoictinia_isura\lophoictinia_isura_328040546_594355349.jpg,val,lophoictinia_isura_328040546_594355349.jpg
lophoictinia_isura,Square-tailed Kite,C:\Projects\raptor_australia\dataset\raw\lophoictinia_isura\lophoictinia_isura_342647661_624024221.jpg,val,lophoictinia_isura_342647661_624024221.jpg
lophoictinia_isura,Square-tailed Kite,C:\Projects\raptor_australia\dataset\raw\lophoictinia_isura\lophoictinia_isura_331660913_601713899.jpg,val,lophoictinia_isura_331660913_601713899.jpg
lophoictinia_isura,Square-tailed Kite,C:\Projects\raptor_australia\dataset\raw\lophoictinia_isura\lophoictinia_isura_326574784_591489488.jpg,val,lophoictinia_isura_326574784_591489488.jpg
lophoictinia_isura,Square-tailed Kite,C:\Projects\raptor_australia\dataset\raw\lophoictinia_isura\lophoictinia_isura_330040195_598381876.jpg,val,lophoictinia_isura_330040195_598381876.jpg
lophoictinia_isura,Square-tailed Kite,C:\Projects\raptor_australia\dataset\raw\lophoictinia_isura\lophoictinia_isura_332660828_603767380.jpg,val,lophoictinia_isura_332660828_603767380.jpg
lophoictinia_isura,Square-tailed Kite,C:\Projects\raptor_australia\dataset\raw\lophoictinia_isura\lophoictinia_isura_327612675_593554872.jpg,val,lophoictinia_isura_327612675_593554872.jpg
lophoictinia_isura,Square-tailed Kite,C:\Projects\raptor_australia\dataset\raw\lophoictinia_isura\lophoictinia_isura_332707353_603863361.jpg,val,lophoictinia_isura_332707353_603863361.jpg
lophoictinia_isura,Square-tailed Kite,C:\Projects\raptor_australia\dataset\raw\lophoictinia_isura\lophoictinia_isura_334060432_606571321.jpg,val,lophoictinia_isura_334060432_606571321.jpg
lophoictinia_isura,Square-tailed Kite,C:\Projects\raptor_australia\dataset\raw\lophoictinia_isura\lophoictinia_isura_337429249_613403471.jpg,val,lophoictinia_isura_337429249_613403471.jpg
lophoictinia_isura,Square-tailed Kite,C:\Projects\raptor_australia\dataset\raw\lophoictinia_isura\lophoictinia_isura_338298720_615184359.jpg,val,lophoictinia_isura_338298720_615184359.jpg
lophoictinia_isura,Square-tailed Kite,C:\Projects\raptor_australia\dataset\raw\lophoictinia_isura\lophoictinia_isura_328256331_594784942.jpg,val,lophoictinia_isura_328256331_594784942.jpg
lophoictinia_isura,Square-tailed Kite,C:\Projects\raptor_australia\dataset\raw\lophoictinia_isura\lophoictinia_isura_339397590_617407604.jpg,val,lophoictinia_isura_339397590_617407604.jpg
lophoictinia_isura,Square-tailed Kite,C:\Projects\raptor_australia\dataset\raw\lophoictinia_isura\lophoictinia_isura_326919495_592180566.jpg,val,lophoictinia_isura_326919495_592180566.jpg
lophoictinia_isura,Square-tailed Kite,C:\Projects\raptor_australia\dataset\raw\lophoictinia_isura\lophoictinia_isura_336663347_611839438.jpg,val,lophoictinia_isura_336663347_611839438.jpg
lophoictinia_isura,Square-tailed Kite,C:\Projects\raptor_australia\dataset\raw\lophoictinia_isura\lophoictinia_isura_346930389_632478091.jpg,val,lophoictinia_isura_346930389_632478091.jpg
lophoictinia_isura,Square-tailed Kite,C:\Projects\raptor_australia\dataset\raw\lophoictinia_isura\lophoictinia_isura_333669429_605771456.jpg,val,lophoictinia_isura_333669429_605771456.jpg
lophoictinia_isura,Square-tailed Kite,C:\Projects\raptor_australia\dataset\raw\lophoictinia_isura\lophoictinia_isura_329231787_596747089.jpg,val,lophoictinia_isura_329231787_596747089.jpg
lophoictinia_isura,Square-tailed Kite,C:\Projects\raptor_australia\dataset\raw\lophoictinia_isura\lophoictinia_isura_340708178_620070128.jpg,val,lophoictinia_isura_340708178_620070128.jpg
lophoictinia_isura,Square-tailed Kite,C:\Projects\raptor_australia\dataset\raw\lophoictinia_isura\lophoictinia_isura_331401710_601186036.jpg,val,lophoictinia_isura_331401710_601186036.jpg
lophoictinia_isura,Square-tailed Kite,C:\Projects\raptor_australia\dataset\raw\lophoictinia_isura\lophoictinia_isura_345649453_629952843.jpg,test,lophoictinia_isura_345649453_629952843.jpg
lophoictinia_isura,Square-tailed Kite,C:\Projects\raptor_australia\dataset\raw\lophoictinia_isura\lophoictinia_isura_342037712_622790637.jpg,test,lophoictinia_isura_342037712_622790637.jpg
lophoictinia_isura,Square-tailed Kite,C:\Projects\raptor_australia\dataset\raw\lophoictinia_isura\lophoictinia_isura_335052472_608596103.jpg,test,lophoictinia_isura_335052472_608596103.jpg
lophoictinia_isura,Square-tailed Kite,C:\Projects\raptor_australia\dataset\raw\lophoictinia_isura\lophoictinia_isura_348920634_636425125.jpg,test,lophoictinia_isura_348920634_636425125.jpg
lophoictinia_isura,Square-tailed Kite,C:\Projects\raptor_australia\dataset\raw\lophoictinia_isura\lophoictinia_isura_329049053_596385114.jpg,test,lophoictinia_isura_329049053_596385114.jpg
lophoictinia_isura,Square-tailed Kite,C:\Projects\raptor_australia\dataset\raw\lophoictinia_isura\lophoictinia_isura_335422345_609337589.jpg,test,lophoictinia_isura_335422345_609337589.jpg
lophoictinia_isura,Square-tailed Kite,C:\Projects\raptor_australia\dataset\raw\lophoictinia_isura\lophoictinia_isura_330506854_599339734.jpg,test,lophoictinia_isura_330506854_599339734.jpg
lophoictinia_isura,Square-tailed Kite,C:\Projects\raptor_australia\dataset\raw\lophoictinia_isura\lophoictinia_isura_346332143_631299728.jpg,test,lophoictinia_isura_346332143_631299728.jpg
lophoictinia_isura,Square-tailed Kite,C:\Projects\raptor_australia\dataset\raw\lophoictinia_isura\lophoictinia_isura_329822631_597941086.jpg,test,lophoictinia_isura_329822631_597941086.jpg
lophoictinia_isura,Square-tailed Kite,C:\Projects\raptor_australia\dataset\raw\lophoictinia_isura\lophoictinia_isura_337307528_613149966.jpg,test,lophoictinia_isura_337307528_613149966.jpg
lophoictinia_isura,Square-tailed Kite,C:\Projects\raptor_australia\dataset\raw\lophoictinia_isura\lophoictinia_isura_343293480_625311567.jpg,test,lophoictinia_isura_343293480_625311567.jpg
lophoictinia_isura,Square-tailed Kite,C:\Projects\raptor_australia\dataset\raw\lophoictinia_isura\lophoictinia_isura_328161959_594596130.jpg,test,lophoictinia_isura_328161959_594596130.jpg
lophoictinia_isura,Square-tailed Kite,C:\Projects\raptor_australia\dataset\raw\lophoictinia_isura\lophoictinia_isura_334687299_607843830.jpg,test,lophoictinia_isura_334687299_607843830.jpg
lophoictinia_isura,Square-tailed Kite,C:\Projects\raptor_australia\dataset\raw\lophoictinia_isura\lophoictinia_isura_331036437_600433691.jpg,test,lophoictinia_isura_331036437_600433691.jpg
lophoictinia_isura,Square-tailed Kite,C:\Projects\raptor_australia\dataset\raw\lophoictinia_isura\lophoictinia_isura_332833227_604119645.jpg,test,lophoictinia_isura_332833227_604119645.jpg
lophoictinia_isura,Square-tailed Kite,C:\Projects\raptor_australia\dataset\raw\lophoictinia_isura\lophoictinia_isura_331772283_601941628.jpg,test,lophoictinia_isura_331772283_601941628.jpg
lophoictinia_isura,Square-tailed Kite,C:\Projects\raptor_australia\dataset\raw\lophoictinia_isura\lophoictinia_isura_339652123_617919362.jpg,test,lophoictinia_isura_339652123_617919362.jpg
lophoictinia_isura,Square-tailed Kite,C:\Projects\raptor_australia\dataset\raw\lophoictinia_isura\lophoictinia_isura_346976344_632573343.jpg,test,lophoictinia_isura_346976344_632573343.jpg
lophoictinia_isura,Square-tailed Kite,C:\Projects\raptor_australia\dataset\raw\lophoictinia_isura\lophoictinia_isura_344585873_627872012.jpg,test,lophoictinia_isura_344585873_627872012.jpg
lophoictinia_isura,Square-tailed Kite,C:\Projects\raptor_australia\dataset\raw\lophoictinia_isura\lophoictinia_isura_337926186_614421751.jpg,test,lophoictinia_isura_337926186_614421751.jpg
lophoictinia_isura,Square-tailed Kite,C:\Projects\raptor_australia\dataset\raw\lophoictinia_isura\lophoictinia_isura_335408455_609309806.jpg,test,lophoictinia_isura_335408455_609309806.jpg
lophoictinia_isura,Square-tailed Kite,C:\Projects\raptor_australia\dataset\raw\lophoictinia_isura\lophoictinia_isura_342554114_623835488.jpg,test,lophoictinia_isura_342554114_623835488.jpg
lophoictinia_isura,Square-tailed Kite,C:\Projects\raptor_australia\dataset\raw\lophoictinia_isura\lophoictinia_isura_340911970_620486915.jpg,test,lophoictinia_isura_340911970_620486915.jpg
lophoictinia_isura,Square-tailed Kite,C:\Projects\raptor_australia\dataset\raw\lophoictinia_isura\lophoictinia_isura_337298599_613132206.jpg,test,lophoictinia_isura_337298599_613132206.jpg
lophoictinia_isura,Square-tailed Kite,C:\Projects\raptor_australia\dataset\raw\lophoictinia_isura\lophoictinia_isura_332724824_603897713.jpg,test,lophoictinia_isura_332724824_603897713.jpg
lophoictinia_isura,Square-tailed Kite,C:\Projects\raptor_australia\dataset\raw\lophoictinia_isura\lophoictinia_isura_342669992_624064809.jpg,test,lophoictinia_isura_342669992_624064809.jpg
lophoictinia_isura,Square-tailed Kite,C:\Projects\raptor_australia\dataset\raw\lophoictinia_isura\lophoictinia_isura_335589283_609675141.jpg,test,lophoictinia_isura_335589283_609675141.jpg
lophoictinia_isura,Square-tailed Kite,C:\Projects\raptor_australia\dataset\raw\lophoictinia_isura\lophoictinia_isura_334165048_606784394.jpg,test,lophoictinia_isura_334165048_606784394.jpg
lophoictinia_isura,Square-tailed Kite,C:\Projects\raptor_australia\dataset\raw\lophoictinia_isura\lophoictinia_isura_347218227_633057406.jpg,test,lophoictinia_isura_347218227_633057406.jpg
lophoictinia_isura,Square-tailed Kite,C:\Projects\raptor_australia\dataset\raw\lophoictinia_isura\lophoictinia_isura_334032414_606513242.jpg,test,lophoictinia_isura_334032414_606513242.jpg
lophoictinia_isura,Square-tailed Kite,C:\Projects\raptor_australia\dataset\raw\lophoictinia_isura\lophoictinia_isura_341639185_621982779.jpg,test,lophoictinia_isura_341639185_621982779.jpg
hieraaetus_morphnoides,Little Eagle,C:\Projects\raptor_australia\dataset\raw\hieraaetus_morphnoides\hieraaetus_morphnoides_338381280_615355724.jpg,train,hieraaetus_morphnoides_338381280_615355724.jpg
hieraaetus_morphnoides,Little Eagle,C:\Projects\raptor_australia\dataset\raw\hieraaetus_morphnoides\hieraaetus_morphnoides_331363446_601107985.jpg,train,hieraaetus_morphnoides_331363446_601107985.jpg
hieraaetus_morphnoides,Little Eagle,C:\Projects\raptor_australia\dataset\raw\hieraaetus_morphnoides\hieraaetus_morphnoides_298140530_536986936.jpg,train,hieraaetus_morphnoides_298140530_536986936.jpg
hieraaetus_morphnoides,Little Eagle,C:\Projects\raptor_australia\dataset\raw\hieraaetus_morphnoides\hieraaetus_morphnoides_314990510_568979126.jpg,train,hieraaetus_morphnoides_314990510_568979126.jpg
hieraaetus_morphnoides,Little Eagle,C:\Projects\raptor_australia\dataset\raw\hieraaetus_morphnoides\hieraaetus_morphnoides_338769791_616137139.jpg,train,hieraaetus_morphnoides_338769791_616137139.jpg
hieraaetus_morphnoides,Little Eagle,C:\Projects\raptor_australia\dataset\raw\hieraaetus_morphnoides\hieraaetus_morphnoides_322367020_583160603.jpg,train,hieraaetus_morphnoides_322367020_583160603.jpg
hieraaetus_morphnoides,Little Eagle,C:\Projects\raptor_australia\dataset\raw\hieraaetus_morphnoides\hieraaetus_morphnoides_335427126_609341626.jpg,train,hieraaetus_morphnoides_335427126_609341626.jpg
hieraaetus_morphnoides,Little Eagle,C:\Projects\raptor_australia\dataset\raw\hieraaetus_morphnoides\hieraaetus_morphnoides_330506184_599338107.jpg,train,hieraaetus_morphnoides_330506184_599338107.jpg
hieraaetus_morphnoides,Little Eagle,C:\Projects\raptor_australia\dataset\raw\hieraaetus_morphnoides\hieraaetus_morphnoides_337604643_613763386.jpg,train,hieraaetus_morphnoides_337604643_613763386.jpg
hieraaetus_morphnoides,Little Eagle,C:\Projects\raptor_australia\dataset\raw\hieraaetus_morphnoides\hieraaetus_morphnoides_311913087_563101870.jpg,train,hieraaetus_morphnoides_311913087_563101870.jpg
hieraaetus_morphnoides,Little Eagle,C:\Projects\raptor_australia\dataset\raw\hieraaetus_morphnoides\hieraaetus_morphnoides_329420796_597118819.jpg,train,hieraaetus_morphnoides_329420796_597118819.jpg
hieraaetus_morphnoides,Little Eagle,C:\Projects\raptor_australia\dataset\raw\hieraaetus_morphnoides\hieraaetus_morphnoides_332221373_602865507.jpg,train,hieraaetus_morphnoides_332221373_602865507.jpg
hieraaetus_morphnoides,Little Eagle,C:\Projects\raptor_australia\dataset\raw\hieraaetus_morphnoides\hieraaetus_morphnoides_321822106_582069795.jpg,train,hieraaetus_morphnoides_321822106_582069795.jpg
hieraaetus_morphnoides,Little Eagle,C:\Projects\raptor_australia\dataset\raw\hieraaetus_morphnoides\hieraaetus_morphnoides_325275851_588898920.jpg,train,hieraaetus_morphnoides_325275851_588898920.jpg
hieraaetus_morphnoides,Little Eagle,C:\Projects\raptor_australia\dataset\raw\hieraaetus_morphnoides\hieraaetus_morphnoides_298858951_538377187.jpg,train,hieraaetus_morphnoides_298858951_538377187.jpg
hieraaetus_morphnoides,Little Eagle,C:\Projects\raptor_australia\dataset\raw\hieraaetus_morphnoides\hieraaetus_morphnoides_304918076_549731201.jpg,train,hieraaetus_morphnoides_304918076_549731201.jpg
hieraaetus_morphnoides,Little Eagle,C:\Projects\raptor_australia\dataset\raw\hieraaetus_morphnoides\hieraaetus_morphnoides_327493711_593268996.jpg,train,hieraaetus_morphnoides_327493711_593268996.jpg
hieraaetus_morphnoides,Little Eagle,C:\Projects\raptor_australia\dataset\raw\hieraaetus_morphnoides\hieraaetus_morphnoides_322931926_584274527.jpg,train,hieraaetus_morphnoides_322931926_584274527.jpg
hieraaetus_morphnoides,Little Eagle,C:\Projects\raptor_australia\dataset\raw\hieraaetus_morphnoides\hieraaetus_morphnoides_337524986_613598021.jpg,train,hieraaetus_morphnoides_337524986_613598021.jpg
hieraaetus_morphnoides,Little Eagle,C:\Projects\raptor_australia\dataset\raw\hieraaetus_morphnoides\hieraaetus_morphnoides_333930904_606310519.jpg,train,hieraaetus_morphnoides_333930904_606310519.jpg
hieraaetus_morphnoides,Little Eagle,C:\Projects\raptor_australia\dataset\raw\hieraaetus_morphnoides\hieraaetus_morphnoides_341157104_620989884.jpg,train,hieraaetus_morphnoides_341157104_620989884.jpg
hieraaetus_morphnoides,Little Eagle,C:\Projects\raptor_australia\dataset\raw\hieraaetus_morphnoides\hieraaetus_morphnoides_315449419_569852824.jpg,train,hieraaetus_morphnoides_315449419_569852824.jpg
hieraaetus_morphnoides,Little Eagle,C:\Projects\raptor_australia\dataset\raw\hieraaetus_morphnoides\hieraaetus_morphnoides_315934168_570778256.jpg,train,hieraaetus_morphnoides_315934168_570778256.jpg
hieraaetus_morphnoides,Little Eagle,C:\Projects\raptor_australia\dataset\raw\hieraaetus_morphnoides\hieraaetus_morphnoides_333722893_605881525.jpg,train,hieraaetus_morphnoides_333722893_605881525.jpg
hieraaetus_morphnoides,Little Eagle,C:\Projects\raptor_australia\dataset\raw\hieraaetus_morphnoides\hieraaetus_morphnoides_330195695_598704789.jpg,train,hieraaetus_morphnoides_330195695_598704789.jpg
hieraaetus_morphnoides,Little Eagle,C:\Projects\raptor_australia\dataset\raw\hieraaetus_morphnoides\hieraaetus_morphnoides_335329693_609153728.jpg,train,hieraaetus_morphnoides_335329693_609153728.jpg
hieraaetus_morphnoides,Little Eagle,C:\Projects\raptor_australia\dataset\raw\hieraaetus_morphnoides\hieraaetus_morphnoides_305217403_550296583.jpg,train,hieraaetus_morphnoides_305217403_550296583.jpg
hieraaetus_morphnoides,Little Eagle,C:\Projects\raptor_australia\dataset\raw\hieraaetus_morphnoides\hieraaetus_morphnoides_307392328_554444839.jpg,train,hieraaetus_morphnoides_307392328_554444839.jpg
hieraaetus_morphnoides,Little Eagle,C:\Projects\raptor_australia\dataset\raw\hieraaetus_morphnoides\hieraaetus_morphnoides_334688512_607846865.jpg,train,hieraaetus_morphnoides_334688512_607846865.jpg
hieraaetus_morphnoides,Little Eagle,C:\Projects\raptor_australia\dataset\raw\hieraaetus_morphnoides\hieraaetus_morphnoides_350436960_639400655.jpg,train,hieraaetus_morphnoides_350436960_639400655.jpg
hieraaetus_morphnoides,Little Eagle,C:\Projects\raptor_australia\dataset\raw\hieraaetus_morphnoides\hieraaetus_morphnoides_353176152_644458945.jpg,train,hieraaetus_morphnoides_353176152_644458945.jpg
hieraaetus_morphnoides,Little Eagle,C:\Projects\raptor_australia\dataset\raw\hieraaetus_morphnoides\hieraaetus_morphnoides_346050249_630735278.jpg,train,hieraaetus_morphnoides_346050249_630735278.jpg
hieraaetus_morphnoides,Little Eagle,C:\Projects\raptor_australia\dataset\raw\hieraaetus_morphnoides\hieraaetus_morphnoides_335195006_608883965.jpg,train,hieraaetus_morphnoides_335195006_608883965.jpg
hieraaetus_morphnoides,Little Eagle,C:\Projects\raptor_australia\dataset\raw\hieraaetus_morphnoides\hieraaetus_morphnoides_340558034_619759673.jpg,train,hieraaetus_morphnoides_340558034_619759673.jpg
hieraaetus_morphnoides,Little Eagle,C:\Projects\raptor_australia\dataset\raw\hieraaetus_morphnoides\hieraaetus_morphnoides_337027611_612577963.jpg,train,hieraaetus_morphnoides_337027611_612577963.jpg
hieraaetus_morphnoides,Little Eagle,C:\Projects\raptor_australia\dataset\raw\hieraaetus_morphnoides\hieraaetus_morphnoides_353097984_644314872.jpg,train,hieraaetus_morphnoides_353097984_644314872.jpg
hieraaetus_morphnoides,Little Eagle,C:\Projects\raptor_australia\dataset\raw\hieraaetus_morphnoides\hieraaetus_morphnoides_325662778_589674360.jpg,train,hieraaetus_morphnoides_325662778_589674360.jpg
hieraaetus_morphnoides,Little Eagle,C:\Projects\raptor_australia\dataset\raw\hieraaetus_morphnoides\hieraaetus_morphnoides_337529672_613606919.jpg,train,hieraaetus_morphnoides_337529672_613606919.jpg
hieraaetus_morphnoides,Little Eagle,C:\Projects\raptor_australia\dataset\raw\hieraaetus_morphnoides\hieraaetus_morphnoides_330506205_599338148.jpg,train,hieraaetus_morphnoides_330506205_599338148.jpg
hieraaetus_morphnoides,Little Eagle,C:\Projects\raptor_australia\dataset\raw\hieraaetus_morphnoides\hieraaetus_morphnoides_340529338_619708351.jpg,train,hieraaetus_morphnoides_340529338_619708351.jpg
hieraaetus_morphnoides,Little Eagle,C:\Projects\raptor_australia\dataset\raw\hieraaetus_morphnoides\hieraaetus_morphnoides_334560215_607589747.jpg,train,hieraaetus_morphnoides_334560215_607589747.jpg
hieraaetus_morphnoides,Little Eagle,C:\Projects\raptor_australia\dataset\raw\hieraaetus_morphnoides\hieraaetus_morphnoides_339659583_617935532.jpg,train,hieraaetus_morphnoides_339659583_617935532.jpg
hieraaetus_morphnoides,Little Eagle,C:\Projects\raptor_australia\dataset\raw\hieraaetus_morphnoides\hieraaetus_morphnoides_346962904_632545392.jpg,train,hieraaetus_morphnoides_346962904_632545392.jpg
hieraaetus_morphnoides,Little Eagle,C:\Projects\raptor_australia\dataset\raw\hieraaetus_morphnoides\hieraaetus_morphnoides_323418805_585199951.jpg,train,hieraaetus_morphnoides_323418805_585199951.jpg
hieraaetus_morphnoides,Little Eagle,C:\Projects\raptor_australia\dataset\raw\hieraaetus_morphnoides\hieraaetus_morphnoides_298342749_537385632.jpg,train,hieraaetus_morphnoides_298342749_537385632.jpg
hieraaetus_morphnoides,Little Eagle,C:\Projects\raptor_australia\dataset\raw\hieraaetus_morphnoides\hieraaetus_morphnoides_336805694_612126145.jpg,train,hieraaetus_morphnoides_336805694_612126145.jpg
hieraaetus_morphnoides,Little Eagle,C:\Projects\raptor_australia\dataset\raw\hieraaetus_morphnoides\hieraaetus_morphnoides_335571009_609639807.jpg,train,hieraaetus_morphnoides_335571009_609639807.jpg
hieraaetus_morphnoides,Little Eagle,C:\Projects\raptor_australia\dataset\raw\hieraaetus_morphnoides\hieraaetus_morphnoides_339805982_618232770.jpg,train,hieraaetus_morphnoides_339805982_618232770.jpg
hieraaetus_morphnoides,Little Eagle,C:\Projects\raptor_australia\dataset\raw\hieraaetus_morphnoides\hieraaetus_morphnoides_335342820_609180041.jpg,train,hieraaetus_morphnoides_335342820_609180041.jpg
hieraaetus_morphnoides,Little Eagle,C:\Projects\raptor_australia\dataset\raw\hieraaetus_morphnoides\hieraaetus_morphnoides_324404854_587147170.jpg,train,hieraaetus_morphnoides_324404854_587147170.jpg
hieraaetus_morphnoides,Little Eagle,C:\Projects\raptor_australia\dataset\raw\hieraaetus_morphnoides\hieraaetus_morphnoides_307642030_554929465.jpg,train,hieraaetus_morphnoides_307642030_554929465.jpg
hieraaetus_morphnoides,Little Eagle,C:\Projects\raptor_australia\dataset\raw\hieraaetus_morphnoides\hieraaetus_morphnoides_325929361_590204491.jpg,train,hieraaetus_morphnoides_325929361_590204491.jpg
hieraaetus_morphnoides,Little Eagle,C:\Projects\raptor_australia\dataset\raw\hieraaetus_morphnoides\hieraaetus_morphnoides_298144061_537005811.jpg,train,hieraaetus_morphnoides_298144061_537005811.jpg
hieraaetus_morphnoides,Little Eagle,C:\Projects\raptor_australia\dataset\raw\hieraaetus_morphnoides\hieraaetus_morphnoides_334029414_606506469.jpg,train,hieraaetus_morphnoides_334029414_606506469.jpg
hieraaetus_morphnoides,Little Eagle,C:\Projects\raptor_australia\dataset\raw\hieraaetus_morphnoides\hieraaetus_morphnoides_348920625_636425091.jpg,train,hieraaetus_morphnoides_348920625_636425091.jpg
hieraaetus_morphnoides,Little Eagle,C:\Projects\raptor_australia\dataset\raw\hieraaetus_morphnoides\hieraaetus_morphnoides_341351795_621395693.jpg,train,hieraaetus_morphnoides_341351795_621395693.jpg
hieraaetus_morphnoides,Little Eagle,C:\Projects\raptor_australia\dataset\raw\hieraaetus_morphnoides\hieraaetus_morphnoides_346952110_632524134.jpg,train,hieraaetus_morphnoides_346952110_632524134.jpg
hieraaetus_morphnoides,Little Eagle,C:\Projects\raptor_australia\dataset\raw\hieraaetus_morphnoides\hieraaetus_morphnoides_326758114_591858657.jpg,train,hieraaetus_morphnoides_326758114_591858657.jpg
hieraaetus_morphnoides,Little Eagle,C:\Projects\raptor_australia\dataset\raw\hieraaetus_morphnoides\hieraaetus_morphnoides_319668929_577874517.jpg,train,hieraaetus_morphnoides_319668929_577874517.jpg
hieraaetus_morphnoides,Little Eagle,C:\Projects\raptor_australia\dataset\raw\hieraaetus_morphnoides\hieraaetus_morphnoides_343436887_625606087.jpg,train,hieraaetus_morphnoides_343436887_625606087.jpg
hieraaetus_morphnoides,Little Eagle,C:\Projects\raptor_australia\dataset\raw\hieraaetus_morphnoides\hieraaetus_morphnoides_346350559_631335873.jpg,train,hieraaetus_morphnoides_346350559_631335873.jpg
hieraaetus_morphnoides,Little Eagle,C:\Projects\raptor_australia\dataset\raw\hieraaetus_morphnoides\hieraaetus_morphnoides_306234098_552232692.jpg,train,hieraaetus_morphnoides_306234098_552232692.jpg
hieraaetus_morphnoides,Little Eagle,C:\Projects\raptor_australia\dataset\raw\hieraaetus_morphnoides\hieraaetus_morphnoides_319074809_576738377.jpg,train,hieraaetus_morphnoides_319074809_576738377.jpg
hieraaetus_morphnoides,Little Eagle,C:\Projects\raptor_australia\dataset\raw\hieraaetus_morphnoides\hieraaetus_morphnoides_302278501_544761823.jpg,train,hieraaetus_morphnoides_302278501_544761823.jpg
hieraaetus_morphnoides,Little Eagle,C:\Projects\raptor_australia\dataset\raw\hieraaetus_morphnoides\hieraaetus_morphnoides_339969066_618567474.jpg,train,hieraaetus_morphnoides_339969066_618567474.jpg
hieraaetus_morphnoides,Little Eagle,C:\Projects\raptor_australia\dataset\raw\hieraaetus_morphnoides\hieraaetus_morphnoides_323618400_585598023.jpg,train,hieraaetus_morphnoides_323618400_585598023.jpg
hieraaetus_morphnoides,Little Eagle,C:\Projects\raptor_australia\dataset\raw\hieraaetus_morphnoides\hieraaetus_morphnoides_330394297_599108262.jpg,train,hieraaetus_morphnoides_330394297_599108262.jpg
hieraaetus_morphnoides,Little Eagle,C:\Projects\raptor_australia\dataset\raw\hieraaetus_morphnoides\hieraaetus_morphnoides_321566708_581576758.jpg,train,hieraaetus_morphnoides_321566708_581576758.jpg
hieraaetus_morphnoides,Little Eagle,C:\Projects\raptor_australia\dataset\raw\hieraaetus_morphnoides\hieraaetus_morphnoides_349495465_637561620.jpg,train,hieraaetus_morphnoides_349495465_637561620.jpg
hieraaetus_morphnoides,Little Eagle,C:\Projects\raptor_australia\dataset\raw\hieraaetus_morphnoides\hieraaetus_morphnoides_336067490_610635441.jpg,train,hieraaetus_morphnoides_336067490_610635441.jpg
hieraaetus_morphnoides,Little Eagle,C:\Projects\raptor_australia\dataset\raw\hieraaetus_morphnoides\hieraaetus_morphnoides_333829323_606097782.jpg,train,hieraaetus_morphnoides_333829323_606097782.jpg
hieraaetus_morphnoides,Little Eagle,C:\Projects\raptor_australia\dataset\raw\hieraaetus_morphnoides\hieraaetus_morphnoides_332819675_604094152.jpg,train,hieraaetus_morphnoides_332819675_604094152.jpg
hieraaetus_morphnoides,Little Eagle,C:\Projects\raptor_australia\dataset\raw\hieraaetus_morphnoides\hieraaetus_morphnoides_322134154_582687644.jpg,train,hieraaetus_morphnoides_322134154_582687644.jpg
hieraaetus_morphnoides,Little Eagle,C:\Projects\raptor_australia\dataset\raw\hieraaetus_morphnoides\hieraaetus_morphnoides_342168282_623048004.jpg,train,hieraaetus_morphnoides_342168282_623048004.jpg
hieraaetus_morphnoides,Little Eagle,C:\Projects\raptor_australia\dataset\raw\hieraaetus_morphnoides\hieraaetus_morphnoides_310156741_559700269.jpg,train,hieraaetus_morphnoides_310156741_559700269.jpg
hieraaetus_morphnoides,Little Eagle,C:\Projects\raptor_australia\dataset\raw\hieraaetus_morphnoides\hieraaetus_morphnoides_334576369_607622239.jpg,train,hieraaetus_morphnoides_334576369_607622239.jpg
hieraaetus_morphnoides,Little Eagle,C:\Projects\raptor_australia\dataset\raw\hieraaetus_morphnoides\hieraaetus_morphnoides_339391250_617394207.jpg,train,hieraaetus_morphnoides_339391250_617394207.jpg
hieraaetus_morphnoides,Little Eagle,C:\Projects\raptor_australia\dataset\raw\hieraaetus_morphnoides\hieraaetus_morphnoides_339992015_618614793.jpg,train,hieraaetus_morphnoides_339992015_618614793.jpg
hieraaetus_morphnoides,Little Eagle,C:\Projects\raptor_australia\dataset\raw\hieraaetus_morphnoides\hieraaetus_morphnoides_311612014_562524091.jpg,train,hieraaetus_morphnoides_311612014_562524091.jpg
hieraaetus_morphnoides,Little Eagle,C:\Projects\raptor_australia\dataset\raw\hieraaetus_morphnoides\hieraaetus_morphnoides_333076463_604622542.jpg,train,hieraaetus_morphnoides_333076463_604622542.jpg
hieraaetus_morphnoides,Little Eagle,C:\Projects\raptor_australia\dataset\raw\hieraaetus_morphnoides\hieraaetus_morphnoides_340743680_620137810.jpg,train,hieraaetus_morphnoides_340743680_620137810.jpg
hieraaetus_morphnoides,Little Eagle,C:\Projects\raptor_australia\dataset\raw\hieraaetus_morphnoides\hieraaetus_morphnoides_334495417_607456733.jpg,train,hieraaetus_morphnoides_334495417_607456733.jpg
hieraaetus_morphnoides,Little Eagle,C:\Projects\raptor_australia\dataset\raw\hieraaetus_morphnoides\hieraaetus_morphnoides_304410712_548775453.jpg,train,hieraaetus_morphnoides_304410712_548775453.jpg
hieraaetus_morphnoides,Little Eagle,C:\Projects\raptor_australia\dataset\raw\hieraaetus_morphnoides\hieraaetus_morphnoides_315762944_570441593.jpg,train,hieraaetus_morphnoides_315762944_570441593.jpg
hieraaetus_morphnoides,Little Eagle,C:\Projects\raptor_australia\dataset\raw\hieraaetus_morphnoides\hieraaetus_morphnoides_344869871_628414188.jpg,train,hieraaetus_morphnoides_344869871_628414188.jpg
hieraaetus_morphnoides,Little Eagle,C:\Projects\raptor_australia\dataset\raw\hieraaetus_morphnoides\hieraaetus_morphnoides_315994433_570893334.jpg,train,hieraaetus_morphnoides_315994433_570893334.jpg
hieraaetus_morphnoides,Little Eagle,C:\Projects\raptor_australia\dataset\raw\hieraaetus_morphnoides\hieraaetus_morphnoides_311856315_562999065.jpg,train,hieraaetus_morphnoides_311856315_562999065.jpg
hieraaetus_morphnoides,Little Eagle,C:\Projects\raptor_australia\dataset\raw\hieraaetus_morphnoides\hieraaetus_morphnoides_303365608_546781815.jpg,train,hieraaetus_morphnoides_303365608_546781815.jpg
hieraaetus_morphnoides,Little Eagle,C:\Projects\raptor_australia\dataset\raw\hieraaetus_morphnoides\hieraaetus_morphnoides_298346020_537392723.jpg,train,hieraaetus_morphnoides_298346020_537392723.jpg
hieraaetus_morphnoides,Little Eagle,C:\Projects\raptor_australia\dataset\raw\hieraaetus_morphnoides\hieraaetus_morphnoides_331181771_600717188.jpg,train,hieraaetus_morphnoides_331181771_600717188.jpg
hieraaetus_morphnoides,Little Eagle,C:\Projects\raptor_australia\dataset\raw\hieraaetus_morphnoides\hieraaetus_morphnoides_328141308_594555593.jpg,train,hieraaetus_morphnoides_328141308_594555593.jpg
hieraaetus_morphnoides,Little Eagle,C:\Projects\raptor_australia\dataset\raw\hieraaetus_morphnoides\hieraaetus_morphnoides_352482165_643342495.jpg,train,hieraaetus_morphnoides_352482165_643342495.jpg
hieraaetus_morphnoides,Little Eagle,C:\Projects\raptor_australia\dataset\raw\hieraaetus_morphnoides\hieraaetus_morphnoides_328055976_594387579.jpg,train,hieraaetus_morphnoides_328055976_594387579.jpg
hieraaetus_morphnoides,Little Eagle,C:\Projects\raptor_australia\dataset\raw\hieraaetus_morphnoides\hieraaetus_morphnoides_347159702_632942605.jpg,train,hieraaetus_morphnoides_347159702_632942605.jpg
hieraaetus_morphnoides,Little Eagle,C:\Projects\raptor_australia\dataset\raw\hieraaetus_morphnoides\hieraaetus_morphnoides_336214114_610924145.jpg,train,hieraaetus_morphnoides_336214114_610924145.jpg
hieraaetus_morphnoides,Little Eagle,C:\Projects\raptor_australia\dataset\raw\hieraaetus_morphnoides\hieraaetus_morphnoides_306204777_552178340.jpg,train,hieraaetus_morphnoides_306204777_552178340.jpg
hieraaetus_morphnoides,Little Eagle,C:\Projects\raptor_australia\dataset\raw\hieraaetus_morphnoides\hieraaetus_morphnoides_335572657_609642226.jpg,train,hieraaetus_morphnoides_335572657_609642226.jpg
hieraaetus_morphnoides,Little Eagle,C:\Projects\raptor_australia\dataset\raw\hieraaetus_morphnoides\hieraaetus_morphnoides_323135581_584671319.jpg,train,hieraaetus_morphnoides_323135581_584671319.jpg
hieraaetus_morphnoides,Little Eagle,C:\Projects\raptor_australia\dataset\raw\hieraaetus_morphnoides\hieraaetus_morphnoides_340560225_619774937.jpg,train,hieraaetus_morphnoides_340560225_619774937.jpg
hieraaetus_morphnoides,Little Eagle,C:\Projects\raptor_australia\dataset\raw\hieraaetus_morphnoides\hieraaetus_morphnoides_351670659_641791194.jpg,train,hieraaetus_morphnoides_351670659_641791194.jpg
hieraaetus_morphnoides,Little Eagle,C:\Projects\raptor_australia\dataset\raw\hieraaetus_morphnoides\hieraaetus_morphnoides_340404286_619458540.jpg,train,hieraaetus_morphnoides_340404286_619458540.jpg
hieraaetus_morphnoides,Little Eagle,C:\Projects\raptor_australia\dataset\raw\hieraaetus_morphnoides\hieraaetus_morphnoides_313492142_566459269.jpg,train,hieraaetus_morphnoides_313492142_566459269.jpg
hieraaetus_morphnoides,Little Eagle,C:\Projects\raptor_australia\dataset\raw\hieraaetus_morphnoides\hieraaetus_morphnoides_341610596_621924528.jpg,train,hieraaetus_morphnoides_341610596_621924528.jpg
hieraaetus_morphnoides,Little Eagle,C:\Projects\raptor_australia\dataset\raw\hieraaetus_morphnoides\hieraaetus_morphnoides_331129766_600624676.jpg,train,hieraaetus_morphnoides_331129766_600624676.jpg
hieraaetus_morphnoides,Little Eagle,C:\Projects\raptor_australia\dataset\raw\hieraaetus_morphnoides\hieraaetus_morphnoides_303042740_546181352.jpg,train,hieraaetus_morphnoides_303042740_546181352.jpg
hieraaetus_morphnoides,Little Eagle,C:\Projects\raptor_australia\dataset\raw\hieraaetus_morphnoides\hieraaetus_morphnoides_335564506_609625890.jpg,train,hieraaetus_morphnoides_335564506_609625890.jpg
hieraaetus_morphnoides,Little Eagle,C:\Projects\raptor_australia\dataset\raw\hieraaetus_morphnoides\hieraaetus_morphnoides_331904785_602214991.jpg,train,hieraaetus_morphnoides_331904785_602214991.jpg
hieraaetus_morphnoides,Little Eagle,C:\Projects\raptor_australia\dataset\raw\hieraaetus_morphnoides\hieraaetus_morphnoides_335057450_608606164.jpg,train,hieraaetus_morphnoides_335057450_608606164.jpg
hieraaetus_morphnoides,Little Eagle,C:\Projects\raptor_australia\dataset\raw\hieraaetus_morphnoides\hieraaetus_morphnoides_320732076_579939761.jpg,train,hieraaetus_morphnoides_320732076_579939761.jpg
hieraaetus_morphnoides,Little Eagle,C:\Projects\raptor_australia\dataset\raw\hieraaetus_morphnoides\hieraaetus_morphnoides_324479575_587305165.jpg,train,hieraaetus_morphnoides_324479575_587305165.jpg
hieraaetus_morphnoides,Little Eagle,C:\Projects\raptor_australia\dataset\raw\hieraaetus_morphnoides\hieraaetus_morphnoides_308951866_557453234.jpg,train,hieraaetus_morphnoides_308951866_557453234.jpg
hieraaetus_morphnoides,Little Eagle,C:\Projects\raptor_australia\dataset\raw\hieraaetus_morphnoides\hieraaetus_morphnoides_349721542_638005108.jpg,train,hieraaetus_morphnoides_349721542_638005108.jpg
hieraaetus_morphnoides,Little Eagle,C:\Projects\raptor_australia\dataset\raw\hieraaetus_morphnoides\hieraaetus_morphnoides_323138592_584679882.jpg,train,hieraaetus_morphnoides_323138592_584679882.jpg
hieraaetus_morphnoides,Little Eagle,C:\Projects\raptor_australia\dataset\raw\hieraaetus_morphnoides\hieraaetus_morphnoides_315479869_569911610.jpg,train,hieraaetus_morphnoides_315479869_569911610.jpg
hieraaetus_morphnoides,Little Eagle,C:\Projects\raptor_australia\dataset\raw\hieraaetus_morphnoides\hieraaetus_morphnoides_350754413_640021922.jpg,train,hieraaetus_morphnoides_350754413_640021922.jpg
hieraaetus_morphnoides,Little Eagle,C:\Projects\raptor_australia\dataset\raw\hieraaetus_morphnoides\hieraaetus_morphnoides_313745600_566611349.jpg,train,hieraaetus_morphnoides_313745600_566611349.jpg
hieraaetus_morphnoides,Little Eagle,C:\Projects\raptor_australia\dataset\raw\hieraaetus_morphnoides\hieraaetus_morphnoides_299138677_538912633.jpg,train,hieraaetus_morphnoides_299138677_538912633.jpg
hieraaetus_morphnoides,Little Eagle,C:\Projects\raptor_australia\dataset\raw\hieraaetus_morphnoides\hieraaetus_morphnoides_333708910_605852979.jpg,train,hieraaetus_morphnoides_333708910_605852979.jpg
hieraaetus_morphnoides,Little Eagle,C:\Projects\raptor_australia\dataset\raw\hieraaetus_morphnoides\hieraaetus_morphnoides_341190596_621061866.jpg,train,hieraaetus_morphnoides_341190596_621061866.jpg
hieraaetus_morphnoides,Little Eagle,C:\Projects\raptor_australia\dataset\raw\hieraaetus_morphnoides\hieraaetus_morphnoides_340759948_620166715.jpg,train,hieraaetus_morphnoides_340759948_620166715.jpg
hieraaetus_morphnoides,Little Eagle,C:\Projects\raptor_australia\dataset\raw\hieraaetus_morphnoides\hieraaetus_morphnoides_339840867_618287307.jpg,train,hieraaetus_morphnoides_339840867_618287307.jpg
hieraaetus_morphnoides,Little Eagle,C:\Projects\raptor_australia\dataset\raw\hieraaetus_morphnoides\hieraaetus_morphnoides_351892984_642224200.jpg,train,hieraaetus_morphnoides_351892984_642224200.jpg
hieraaetus_morphnoides,Little Eagle,C:\Projects\raptor_australia\dataset\raw\hieraaetus_morphnoides\hieraaetus_morphnoides_331070497_600502984.jpg,train,hieraaetus_morphnoides_331070497_600502984.jpg
hieraaetus_morphnoides,Little Eagle,C:\Projects\raptor_australia\dataset\raw\hieraaetus_morphnoides\hieraaetus_morphnoides_298606156_537891601.jpg,train,hieraaetus_morphnoides_298606156_537891601.jpg
hieraaetus_morphnoides,Little Eagle,C:\Projects\raptor_australia\dataset\raw\hieraaetus_morphnoides\hieraaetus_morphnoides_314023839_567143832.jpg,train,hieraaetus_morphnoides_314023839_567143832.jpg
hieraaetus_morphnoides,Little Eagle,C:\Projects\raptor_australia\dataset\raw\hieraaetus_morphnoides\hieraaetus_morphnoides_341609720_621921814.jpg,train,hieraaetus_morphnoides_341609720_621921814.jpg
hieraaetus_morphnoides,Little Eagle,C:\Projects\raptor_australia\dataset\raw\hieraaetus_morphnoides\hieraaetus_morphnoides_313479782_566108194.jpg,train,hieraaetus_morphnoides_313479782_566108194.jpg
hieraaetus_morphnoides,Little Eagle,C:\Projects\raptor_australia\dataset\raw\hieraaetus_morphnoides\hieraaetus_morphnoides_335784900_610071064.jpg,train,hieraaetus_morphnoides_335784900_610071064.jpg
hieraaetus_morphnoides,Little Eagle,C:\Projects\raptor_australia\dataset\raw\hieraaetus_morphnoides\hieraaetus_morphnoides_344880951_628436579.jpg,train,hieraaetus_morphnoides_344880951_628436579.jpg
hieraaetus_morphnoides,Little Eagle,C:\Projects\raptor_australia\dataset\raw\hieraaetus_morphnoides\hieraaetus_morphnoides_342166239_623043616.jpg,train,hieraaetus_morphnoides_342166239_623043616.jpg
hieraaetus_morphnoides,Little Eagle,C:\Projects\raptor_australia\dataset\raw\hieraaetus_morphnoides\hieraaetus_morphnoides_308424709_556439831.jpg,train,hieraaetus_morphnoides_308424709_556439831.jpg
hieraaetus_morphnoides,Little Eagle,C:\Projects\raptor_australia\dataset\raw\hieraaetus_morphnoides\hieraaetus_morphnoides_325673701_589693913.jpg,train,hieraaetus_morphnoides_325673701_589693913.jpg
hieraaetus_morphnoides,Little Eagle,C:\Projects\raptor_australia\dataset\raw\hieraaetus_morphnoides\hieraaetus_morphnoides_335925158_610356448.jpg,train,hieraaetus_morphnoides_335925158_610356448.jpg
hieraaetus_morphnoides,Little Eagle,C:\Projects\raptor_australia\dataset\raw\hieraaetus_morphnoides\hieraaetus_morphnoides_298301025_537303385.jpg,train,hieraaetus_morphnoides_298301025_537303385.jpg
hieraaetus_morphnoides,Little Eagle,C:\Projects\raptor_australia\dataset\raw\hieraaetus_morphnoides\hieraaetus_morphnoides_319537335_577625060.jpg,train,hieraaetus_morphnoides_319537335_577625060.jpg
hieraaetus_morphnoides,Little Eagle,C:\Projects\raptor_australia\dataset\raw\hieraaetus_morphnoides\hieraaetus_morphnoides_327330600_592969102.jpg,train,hieraaetus_morphnoides_327330600_592969102.jpg
hieraaetus_morphnoides,Little Eagle,C:\Projects\raptor_australia\dataset\raw\hieraaetus_morphnoides\hieraaetus_morphnoides_328363439_594999479.jpg,train,hieraaetus_morphnoides_328363439_594999479.jpg
hieraaetus_morphnoides,Little Eagle,C:\Projects\raptor_australia\dataset\raw\hieraaetus_morphnoides\hieraaetus_morphnoides_319527168_577605314.jpg,train,hieraaetus_morphnoides_319527168_577605314.jpg
hieraaetus_morphnoides,Little Eagle,C:\Projects\raptor_australia\dataset\raw\hieraaetus_morphnoides\hieraaetus_morphnoides_336774195_612060344.jpg,train,hieraaetus_morphnoides_336774195_612060344.jpg
hieraaetus_morphnoides,Little Eagle,C:\Projects\raptor_australia\dataset\raw\hieraaetus_morphnoides\hieraaetus_morphnoides_343090958_624896903.jpg,train,hieraaetus_morphnoides_343090958_624896903.jpg
hieraaetus_morphnoides,Little Eagle,C:\Projects\raptor_australia\dataset\raw\hieraaetus_morphnoides\hieraaetus_morphnoides_321972191_582367642.jpg,train,hieraaetus_morphnoides_321972191_582367642.jpg
hieraaetus_morphnoides,Little Eagle,C:\Projects\raptor_australia\dataset\raw\hieraaetus_morphnoides\hieraaetus_morphnoides_315443281_569838493.jpg,train,hieraaetus_morphnoides_315443281_569838493.jpg
hieraaetus_morphnoides,Little Eagle,C:\Projects\raptor_australia\dataset\raw\hieraaetus_morphnoides\hieraaetus_morphnoides_334028117_606503631.jpg,train,hieraaetus_morphnoides_334028117_606503631.jpg
hieraaetus_morphnoides,Little Eagle,C:\Projects\raptor_australia\dataset\raw\hieraaetus_morphnoides\hieraaetus_morphnoides_327120753_592571591.jpg,train,hieraaetus_morphnoides_327120753_592571591.jpg
hieraaetus_morphnoides,Little Eagle,C:\Projects\raptor_australia\dataset\raw\hieraaetus_morphnoides\hieraaetus_morphnoides_329037188_596361121.jpg,train,hieraaetus_morphnoides_329037188_596361121.jpg
hieraaetus_morphnoides,Little Eagle,C:\Projects\raptor_australia\dataset\raw\hieraaetus_morphnoides\hieraaetus_morphnoides_323552484_585464085.jpg,train,hieraaetus_morphnoides_323552484_585464085.jpg
hieraaetus_morphnoides,Little Eagle,C:\Projects\raptor_australia\dataset\raw\hieraaetus_morphnoides\hieraaetus_morphnoides_340743755_620138876.jpg,train,hieraaetus_morphnoides_340743755_620138876.jpg
hieraaetus_morphnoides,Little Eagle,C:\Projects\raptor_australia\dataset\raw\hieraaetus_morphnoides\hieraaetus_morphnoides_298384190_537467521.jpg,train,hieraaetus_morphnoides_298384190_537467521.jpg
hieraaetus_morphnoides,Little Eagle,C:\Projects\raptor_australia\dataset\raw\hieraaetus_morphnoides\hieraaetus_morphnoides_332107360_602630297.jpg,train,hieraaetus_morphnoides_332107360_602630297.jpg
hieraaetus_morphnoides,Little Eagle,C:\Projects\raptor_australia\dataset\raw\hieraaetus_morphnoides\hieraaetus_morphnoides_344152896_627032280.jpg,train,hieraaetus_morphnoides_344152896_627032280.jpg
hieraaetus_morphnoides,Little Eagle,C:\Projects\raptor_australia\dataset\raw\hieraaetus_morphnoides\hieraaetus_morphnoides_332392450_603219886.jpg,train,hieraaetus_morphnoides_332392450_603219886.jpg
hieraaetus_morphnoides,Little Eagle,C:\Projects\raptor_australia\dataset\raw\hieraaetus_morphnoides\hieraaetus_morphnoides_334027519_606502035.jpg,train,hieraaetus_morphnoides_334027519_606502035.jpg
hieraaetus_morphnoides,Little Eagle,C:\Projects\raptor_australia\dataset\raw\hieraaetus_morphnoides\hieraaetus_morphnoides_342528673_623781483.jpg,train,hieraaetus_morphnoides_342528673_623781483.jpg
hieraaetus_morphnoides,Little Eagle,C:\Projects\raptor_australia\dataset\raw\hieraaetus_morphnoides\hieraaetus_morphnoides_336910335_612340047.jpg,train,hieraaetus_morphnoides_336910335_612340047.jpg
hieraaetus_morphnoides,Little Eagle,C:\Projects\raptor_australia\dataset\raw\hieraaetus_morphnoides\hieraaetus_morphnoides_340089274_618812654.jpg,train,hieraaetus_morphnoides_340089274_618812654.jpg
hieraaetus_morphnoides,Little Eagle,C:\Projects\raptor_australia\dataset\raw\hieraaetus_morphnoides\hieraaetus_morphnoides_313562530_566266818.jpg,train,hieraaetus_morphnoides_313562530_566266818.jpg
hieraaetus_morphnoides,Little Eagle,C:\Projects\raptor_australia\dataset\raw\hieraaetus_morphnoides\hieraaetus_morphnoides_334918314_608321326.jpg,train,hieraaetus_morphnoides_334918314_608321326.jpg
hieraaetus_morphnoides,Little Eagle,C:\Projects\raptor_australia\dataset\raw\hieraaetus_morphnoides\hieraaetus_morphnoides_337925596_614420664.jpg,train,hieraaetus_morphnoides_337925596_614420664.jpg
hieraaetus_morphnoides,Little Eagle,C:\Projects\raptor_australia\dataset\raw\hieraaetus_morphnoides\hieraaetus_morphnoides_321499688_581554393.jpg,train,hieraaetus_morphnoides_321499688_581554393.jpg
hieraaetus_morphnoides,Little Eagle,C:\Projects\raptor_australia\dataset\raw\hieraaetus_morphnoides\hieraaetus_morphnoides_335447353_609390081.jpg,train,hieraaetus_morphnoides_335447353_609390081.jpg
hieraaetus_morphnoides,Little Eagle,C:\Projects\raptor_australia\dataset\raw\hieraaetus_morphnoides\hieraaetus_morphnoides_340269094_619185337.jpg,train,hieraaetus_morphnoides_340269094_619185337.jpg
hieraaetus_morphnoides,Little Eagle,C:\Projects\raptor_australia\dataset\raw\hieraaetus_morphnoides\hieraaetus_morphnoides_325255855_588858578.jpg,train,hieraaetus_morphnoides_325255855_588858578.jpg
hieraaetus_morphnoides,Little Eagle,C:\Projects\raptor_australia\dataset\raw\hieraaetus_morphnoides\hieraaetus_morphnoides_340935336_620525677.jpg,train,hieraaetus_morphnoides_340935336_620525677.jpg
hieraaetus_morphnoides,Little Eagle,C:\Projects\raptor_australia\dataset\raw\hieraaetus_morphnoides\hieraaetus_morphnoides_323364973_585085301.jpg,train,hieraaetus_morphnoides_323364973_585085301.jpg
hieraaetus_morphnoides,Little Eagle,C:\Projects\raptor_australia\dataset\raw\hieraaetus_morphnoides\hieraaetus_morphnoides_336535004_611572587.jpg,train,hieraaetus_morphnoides_336535004_611572587.jpg
hieraaetus_morphnoides,Little Eagle,C:\Projects\raptor_australia\dataset\raw\hieraaetus_morphnoides\hieraaetus_morphnoides_301460280_543231994.jpg,train,hieraaetus_morphnoides_301460280_543231994.jpg
hieraaetus_morphnoides,Little Eagle,C:\Projects\raptor_australia\dataset\raw\hieraaetus_morphnoides\hieraaetus_morphnoides_305999903_553039815.jpg,train,hieraaetus_morphnoides_305999903_553039815.jpg
hieraaetus_morphnoides,Little Eagle,C:\Projects\raptor_australia\dataset\raw\hieraaetus_morphnoides\hieraaetus_morphnoides_340000046_618630651.jpg,train,hieraaetus_morphnoides_340000046_618630651.jpg
hieraaetus_morphnoides,Little Eagle,C:\Projects\raptor_australia\dataset\raw\hieraaetus_morphnoides\hieraaetus_morphnoides_344376498_627469580.jpg,train,hieraaetus_morphnoides_344376498_627469580.jpg
hieraaetus_morphnoides,Little Eagle,C:\Projects\raptor_australia\dataset\raw\hieraaetus_morphnoides\hieraaetus_morphnoides_344641366_627984277.jpg,train,hieraaetus_morphnoides_344641366_627984277.jpg
hieraaetus_morphnoides,Little Eagle,C:\Projects\raptor_australia\dataset\raw\hieraaetus_morphnoides\hieraaetus_morphnoides_318765556_576143795.jpg,train,hieraaetus_morphnoides_318765556_576143795.jpg
hieraaetus_morphnoides,Little Eagle,C:\Projects\raptor_australia\dataset\raw\hieraaetus_morphnoides\hieraaetus_morphnoides_307964588_555557260.jpg,train,hieraaetus_morphnoides_307964588_555557260.jpg
hieraaetus_morphnoides,Little Eagle,C:\Projects\raptor_australia\dataset\raw\hieraaetus_morphnoides\hieraaetus_morphnoides_327241904_592820534.jpg,train,hieraaetus_morphnoides_327241904_592820534.jpg
hieraaetus_morphnoides,Little Eagle,C:\Projects\raptor_australia\dataset\raw\hieraaetus_morphnoides\hieraaetus_morphnoides_316031692_570958158.jpg,train,hieraaetus_morphnoides_316031692_570958158.jpg
hieraaetus_morphnoides,Little Eagle,C:\Projects\raptor_australia\dataset\raw\hieraaetus_morphnoides\hieraaetus_morphnoides_334856574_608189055.jpg,train,hieraaetus_morphnoides_334856574_608189055.jpg
hieraaetus_morphnoides,Little Eagle,C:\Projects\raptor_australia\dataset\raw\hieraaetus_morphnoides\hieraaetus_morphnoides_306362778_552477649.jpg,train,hieraaetus_morphnoides_306362778_552477649.jpg
hieraaetus_morphnoides,Little Eagle,C:\Projects\raptor_australia\dataset\raw\hieraaetus_morphnoides\hieraaetus_morphnoides_331410287_601203449.jpg,train,hieraaetus_morphnoides_331410287_601203449.jpg
hieraaetus_morphnoides,Little Eagle,C:\Projects\raptor_australia\dataset\raw\hieraaetus_morphnoides\hieraaetus_morphnoides_329554192_597399829.jpg,train,hieraaetus_morphnoides_329554192_597399829.jpg
hieraaetus_morphnoides,Little Eagle,C:\Projects\raptor_australia\dataset\raw\hieraaetus_morphnoides\hieraaetus_morphnoides_322731319_583880291.jpg,train,hieraaetus_morphnoides_322731319_583880291.jpg
hieraaetus_morphnoides,Little Eagle,C:\Projects\raptor_australia\dataset\raw\hieraaetus_morphnoides\hieraaetus_morphnoides_348452234_635502986.jpg,train,hieraaetus_morphnoides_348452234_635502986.jpg
hieraaetus_morphnoides,Little Eagle,C:\Projects\raptor_australia\dataset\raw\hieraaetus_morphnoides\hieraaetus_morphnoides_351917266_642272093.jpg,train,hieraaetus_morphnoides_351917266_642272093.jpg
hieraaetus_morphnoides,Little Eagle,C:\Projects\raptor_australia\dataset\raw\hieraaetus_morphnoides\hieraaetus_morphnoides_321795114_582016245.jpg,train,hieraaetus_morphnoides_321795114_582016245.jpg
hieraaetus_morphnoides,Little Eagle,C:\Projects\raptor_australia\dataset\raw\hieraaetus_morphnoides\hieraaetus_morphnoides_321385327_581225382.jpg,train,hieraaetus_morphnoides_321385327_581225382.jpg
hieraaetus_morphnoides,Little Eagle,C:\Projects\raptor_australia\dataset\raw\hieraaetus_morphnoides\hieraaetus_morphnoides_320822673_580119718.jpg,train,hieraaetus_morphnoides_320822673_580119718.jpg
hieraaetus_morphnoides,Little Eagle,C:\Projects\raptor_australia\dataset\raw\hieraaetus_morphnoides\hieraaetus_morphnoides_309894004_559249557.jpg,train,hieraaetus_morphnoides_309894004_559249557.jpg
hieraaetus_morphnoides,Little Eagle,C:\Projects\raptor_australia\dataset\raw\hieraaetus_morphnoides\hieraaetus_morphnoides_343913138_626559513.jpg,train,hieraaetus_morphnoides_343913138_626559513.jpg
hieraaetus_morphnoides,Little Eagle,C:\Projects\raptor_australia\dataset\raw\hieraaetus_morphnoides\hieraaetus_morphnoides_321793295_582013110.jpg,train,hieraaetus_morphnoides_321793295_582013110.jpg
hieraaetus_morphnoides,Little Eagle,C:\Projects\raptor_australia\dataset\raw\hieraaetus_morphnoides\hieraaetus_morphnoides_314052690_567201457.jpg,train,hieraaetus_morphnoides_314052690_567201457.jpg
hieraaetus_morphnoides,Little Eagle,C:\Projects\raptor_australia\dataset\raw\hieraaetus_morphnoides\hieraaetus_morphnoides_327230341_592797237.jpg,train,hieraaetus_morphnoides_327230341_592797237.jpg
hieraaetus_morphnoides,Little Eagle,C:\Projects\raptor_australia\dataset\raw\hieraaetus_morphnoides\hieraaetus_morphnoides_336191399_610880807.jpg,train,hieraaetus_morphnoides_336191399_610880807.jpg
hieraaetus_morphnoides,Little Eagle,C:\Projects\raptor_australia\dataset\raw\hieraaetus_morphnoides\hieraaetus_morphnoides_339526138_617664318.jpg,train,hieraaetus_morphnoides_339526138_617664318.jpg
hieraaetus_morphnoides,Little Eagle,C:\Projects\raptor_australia\dataset\raw\hieraaetus_morphnoides\hieraaetus_morphnoides_325931202_590207283.jpg,train,hieraaetus_morphnoides_325931202_590207283.jpg
hieraaetus_morphnoides,Little Eagle,C:\Projects\raptor_australia\dataset\raw\hieraaetus_morphnoides\hieraaetus_morphnoides_310990070_561343531.jpg,train,hieraaetus_morphnoides_310990070_561343531.jpg
hieraaetus_morphnoides,Little Eagle,C:\Projects\raptor_australia\dataset\raw\hieraaetus_morphnoides\hieraaetus_morphnoides_303039554_546175491.jpg,train,hieraaetus_morphnoides_303039554_546175491.jpg
hieraaetus_morphnoides,Little Eagle,C:\Projects\raptor_australia\dataset\raw\hieraaetus_morphnoides\hieraaetus_morphnoides_345848792_630336637.jpg,train,hieraaetus_morphnoides_345848792_630336637.jpg
hieraaetus_morphnoides,Little Eagle,C:\Projects\raptor_australia\dataset\raw\hieraaetus_morphnoides\hieraaetus_morphnoides_304124873_548223321.jpg,train,hieraaetus_morphnoides_304124873_548223321.jpg
hieraaetus_morphnoides,Little Eagle,C:\Projects\raptor_australia\dataset\raw\hieraaetus_morphnoides\hieraaetus_morphnoides_327104534_592544711.jpg,train,hieraaetus_morphnoides_327104534_592544711.jpg
hieraaetus_morphnoides,Little Eagle,C:\Projects\raptor_australia\dataset\raw\hieraaetus_morphnoides\hieraaetus_morphnoides_320279299_579049190.jpg,train,hieraaetus_morphnoides_320279299_579049190.jpg
hieraaetus_morphnoides,Little Eagle,C:\Projects\raptor_australia\dataset\raw\hieraaetus_morphnoides\hieraaetus_morphnoides_324093832_586536100.jpg,train,hieraaetus_morphnoides_324093832_586536100.jpg
hieraaetus_morphnoides,Little Eagle,C:\Projects\raptor_australia\dataset\raw\hieraaetus_morphnoides\hieraaetus_morphnoides_334060755_606570932.jpg,train,hieraaetus_morphnoides_334060755_606570932.jpg
hieraaetus_morphnoides,Little Eagle,C:\Projects\raptor_australia\dataset\raw\hieraaetus_morphnoides\hieraaetus_morphnoides_351939558_642313068.jpg,train,hieraaetus_morphnoides_351939558_642313068.jpg
hieraaetus_morphnoides,Little Eagle,C:\Projects\raptor_australia\dataset\raw\hieraaetus_morphnoides\hieraaetus_morphnoides_327791943_593877816.jpg,train,hieraaetus_morphnoides_327791943_593877816.jpg
hieraaetus_morphnoides,Little Eagle,C:\Projects\raptor_australia\dataset\raw\hieraaetus_morphnoides\hieraaetus_morphnoides_341433586_621562447.jpg,train,hieraaetus_morphnoides_341433586_621562447.jpg
hieraaetus_morphnoides,Little Eagle,C:\Projects\raptor_australia\dataset\raw\hieraaetus_morphnoides\hieraaetus_morphnoides_338534818_615679200.jpg,train,hieraaetus_morphnoides_338534818_615679200.jpg
hieraaetus_morphnoides,Little Eagle,C:\Projects\raptor_australia\dataset\raw\hieraaetus_morphnoides\hieraaetus_morphnoides_319558345_577663459.jpg,train,hieraaetus_morphnoides_319558345_577663459.jpg
hieraaetus_morphnoides,Little Eagle,C:\Projects\raptor_australia\dataset\raw\hieraaetus_morphnoides\hieraaetus_morphnoides_331152195_600670793.jpg,train,hieraaetus_morphnoides_331152195_600670793.jpg
hieraaetus_morphnoides,Little Eagle,C:\Projects\raptor_australia\dataset\raw\hieraaetus_morphnoides\hieraaetus_morphnoides_347739099_634089587.jpg,train,hieraaetus_morphnoides_347739099_634089587.jpg
hieraaetus_morphnoides,Little Eagle,C:\Projects\raptor_australia\dataset\raw\hieraaetus_morphnoides\hieraaetus_morphnoides_328452458_595179699.jpg,train,hieraaetus_morphnoides_328452458_595179699.jpg
hieraaetus_morphnoides,Little Eagle,C:\Projects\raptor_australia\dataset\raw\hieraaetus_morphnoides\hieraaetus_morphnoides_339228174_617053128.jpg,train,hieraaetus_morphnoides_339228174_617053128.jpg
hieraaetus_morphnoides,Little Eagle,C:\Projects\raptor_australia\dataset\raw\hieraaetus_morphnoides\hieraaetus_morphnoides_333113682_604698705.jpg,train,hieraaetus_morphnoides_333113682_604698705.jpg
hieraaetus_morphnoides,Little Eagle,C:\Projects\raptor_australia\dataset\raw\hieraaetus_morphnoides\hieraaetus_morphnoides_349756700_638068358.jpg,train,hieraaetus_morphnoides_349756700_638068358.jpg
hieraaetus_morphnoides,Little Eagle,C:\Projects\raptor_australia\dataset\raw\hieraaetus_morphnoides\hieraaetus_morphnoides_325154127_588661694.jpg,train,hieraaetus_morphnoides_325154127_588661694.jpg
hieraaetus_morphnoides,Little Eagle,C:\Projects\raptor_australia\dataset\raw\hieraaetus_morphnoides\hieraaetus_morphnoides_331902555_602210371.jpg,train,hieraaetus_morphnoides_331902555_602210371.jpg
hieraaetus_morphnoides,Little Eagle,C:\Projects\raptor_australia\dataset\raw\hieraaetus_morphnoides\hieraaetus_morphnoides_335586704_609669878.jpg,train,hieraaetus_morphnoides_335586704_609669878.jpg
hieraaetus_morphnoides,Little Eagle,C:\Projects\raptor_australia\dataset\raw\hieraaetus_morphnoides\hieraaetus_morphnoides_314288680_567654071.jpg,train,hieraaetus_morphnoides_314288680_567654071.jpg
hieraaetus_morphnoides,Little Eagle,C:\Projects\raptor_australia\dataset\raw\hieraaetus_morphnoides\hieraaetus_morphnoides_333429112_605337057.jpg,train,hieraaetus_morphnoides_333429112_605337057.jpg
hieraaetus_morphnoides,Little Eagle,C:\Projects\raptor_australia\dataset\raw\hieraaetus_morphnoides\hieraaetus_morphnoides_318309709_575272421.jpg,train,hieraaetus_morphnoides_318309709_575272421.jpg
hieraaetus_morphnoides,Little Eagle,C:\Projects\raptor_australia\dataset\raw\hieraaetus_morphnoides\hieraaetus_morphnoides_331902556_602210368.jpg,train,hieraaetus_morphnoides_331902556_602210368.jpg
hieraaetus_morphnoides,Little Eagle,C:\Projects\raptor_australia\dataset\raw\hieraaetus_morphnoides\hieraaetus_morphnoides_335780194_610061695.jpg,train,hieraaetus_morphnoides_335780194_610061695.jpg
hieraaetus_morphnoides,Little Eagle,C:\Projects\raptor_australia\dataset\raw\hieraaetus_morphnoides\hieraaetus_morphnoides_349681725_637923387.jpg,train,hieraaetus_morphnoides_349681725_637923387.jpg
hieraaetus_morphnoides,Little Eagle,C:\Projects\raptor_australia\dataset\raw\hieraaetus_morphnoides\hieraaetus_morphnoides_300062476_541152825.jpg,train,hieraaetus_morphnoides_300062476_541152825.jpg
hieraaetus_morphnoides,Little Eagle,C:\Projects\raptor_australia\dataset\raw\hieraaetus_morphnoides\hieraaetus_morphnoides_341827062_622362815.jpg,train,hieraaetus_morphnoides_341827062_622362815.jpg
hieraaetus_morphnoides,Little Eagle,C:\Projects\raptor_australia\dataset\raw\hieraaetus_morphnoides\hieraaetus_morphnoides_298856772_538372316.jpg,train,hieraaetus_morphnoides_298856772_538372316.jpg
hieraaetus_morphnoides,Little Eagle,C:\Projects\raptor_australia\dataset\raw\hieraaetus_morphnoides\hieraaetus_morphnoides_344844622_628368435.jpg,train,hieraaetus_morphnoides_344844622_628368435.jpg
hieraaetus_morphnoides,Little Eagle,C:\Projects\raptor_australia\dataset\raw\hieraaetus_morphnoides\hieraaetus_morphnoides_337509919_613568386.jpg,train,hieraaetus_morphnoides_337509919_613568386.jpg
hieraaetus_morphnoides,Little Eagle,C:\Projects\raptor_australia\dataset\raw\hieraaetus_morphnoides\hieraaetus_morphnoides_300012144_540529249.jpg,train,hieraaetus_morphnoides_300012144_540529249.jpg
hieraaetus_morphnoides,Little Eagle,C:\Projects\raptor_australia\dataset\raw\hieraaetus_morphnoides\hieraaetus_morphnoides_331512690_601416289.jpg,train,hieraaetus_morphnoides_331512690_601416289.jpg
hieraaetus_morphnoides,Little Eagle,C:\Projects\raptor_australia\dataset\raw\hieraaetus_morphnoides\hieraaetus_morphnoides_337617980_613790966.jpg,train,hieraaetus_morphnoides_337617980_613790966.jpg
hieraaetus_morphnoides,Little Eagle,C:\Projects\raptor_australia\dataset\raw\hieraaetus_morphnoides\hieraaetus_morphnoides_321718454_581861497.jpg,train,hieraaetus_morphnoides_321718454_581861497.jpg
hieraaetus_morphnoides,Little Eagle,C:\Projects\raptor_australia\dataset\raw\hieraaetus_morphnoides\hieraaetus_morphnoides_332423542_603281594.jpg,train,hieraaetus_morphnoides_332423542_603281594.jpg
hieraaetus_morphnoides,Little Eagle,C:\Projects\raptor_australia\dataset\raw\hieraaetus_morphnoides\hieraaetus_morphnoides_346266125_631165167.jpg,train,hieraaetus_morphnoides_346266125_631165167.jpg
hieraaetus_morphnoides,Little Eagle,C:\Projects\raptor_australia\dataset\raw\hieraaetus_morphnoides\hieraaetus_morphnoides_349939406_638423131.jpg,train,hieraaetus_morphnoides_349939406_638423131.jpg
hieraaetus_morphnoides,Little Eagle,C:\Projects\raptor_australia\dataset\raw\hieraaetus_morphnoides\hieraaetus_morphnoides_332991402_604446565.jpg,train,hieraaetus_morphnoides_332991402_604446565.jpg
hieraaetus_morphnoides,Little Eagle,C:\Projects\raptor_australia\dataset\raw\hieraaetus_morphnoides\hieraaetus_morphnoides_333719412_605871886.jpg,train,hieraaetus_morphnoides_333719412_605871886.jpg
hieraaetus_morphnoides,Little Eagle,C:\Projects\raptor_australia\dataset\raw\hieraaetus_morphnoides\hieraaetus_morphnoides_346126019_630887005.jpg,train,hieraaetus_morphnoides_346126019_630887005.jpg
hieraaetus_morphnoides,Little Eagle,C:\Projects\raptor_australia\dataset\raw\hieraaetus_morphnoides\hieraaetus_morphnoides_310948575_561261056.jpg,train,hieraaetus_morphnoides_310948575_561261056.jpg
hieraaetus_morphnoides,Little Eagle,C:\Projects\raptor_australia\dataset\raw\hieraaetus_morphnoides\hieraaetus_morphnoides_331902557_602210370.jpg,train,hieraaetus_morphnoides_331902557_602210370.jpg
hieraaetus_morphnoides,Little Eagle,C:\Projects\raptor_australia\dataset\raw\hieraaetus_morphnoides\hieraaetus_morphnoides_332108148_602634683.jpg,train,hieraaetus_morphnoides_332108148_602634683.jpg
hieraaetus_morphnoides,Little Eagle,C:\Projects\raptor_australia\dataset\raw\hieraaetus_morphnoides\hieraaetus_morphnoides_311867716_563020569.jpg,train,hieraaetus_morphnoides_311867716_563020569.jpg
hieraaetus_morphnoides,Little Eagle,C:\Projects\raptor_australia\dataset\raw\hieraaetus_morphnoides\hieraaetus_morphnoides_333117172_604705159.jpg,train,hieraaetus_morphnoides_333117172_604705159.jpg
hieraaetus_morphnoides,Little Eagle,C:\Projects\raptor_australia\dataset\raw\hieraaetus_morphnoides\hieraaetus_morphnoides_328748378_595783363.jpg,val,hieraaetus_morphnoides_328748378_595783363.jpg
hieraaetus_morphnoides,Little Eagle,C:\Projects\raptor_australia\dataset\raw\hieraaetus_morphnoides\hieraaetus_morphnoides_305990695_551766721.jpg,val,hieraaetus_morphnoides_305990695_551766721.jpg
hieraaetus_morphnoides,Little Eagle,C:\Projects\raptor_australia\dataset\raw\hieraaetus_morphnoides\hieraaetus_morphnoides_330682614_599706133.jpg,val,hieraaetus_morphnoides_330682614_599706133.jpg
hieraaetus_morphnoides,Little Eagle,C:\Projects\raptor_australia\dataset\raw\hieraaetus_morphnoides\hieraaetus_morphnoides_332831325_604111377.jpg,val,hieraaetus_morphnoides_332831325_604111377.jpg
hieraaetus_morphnoides,Little Eagle,C:\Projects\raptor_australia\dataset\raw\hieraaetus_morphnoides\hieraaetus_morphnoides_320343787_579180365.jpg,val,hieraaetus_morphnoides_320343787_579180365.jpg
hieraaetus_morphnoides,Little Eagle,C:\Projects\raptor_australia\dataset\raw\hieraaetus_morphnoides\hieraaetus_morphnoides_333071327_604610131.jpg,val,hieraaetus_morphnoides_333071327_604610131.jpg
hieraaetus_morphnoides,Little Eagle,C:\Projects\raptor_australia\dataset\raw\hieraaetus_morphnoides\hieraaetus_morphnoides_308057869_555729783.jpg,val,hieraaetus_morphnoides_308057869_555729783.jpg
hieraaetus_morphnoides,Little Eagle,C:\Projects\raptor_australia\dataset\raw\hieraaetus_morphnoides\hieraaetus_morphnoides_319077453_576745159.jpg,val,hieraaetus_morphnoides_319077453_576745159.jpg
hieraaetus_morphnoides,Little Eagle,C:\Projects\raptor_australia\dataset\raw\hieraaetus_morphnoides\hieraaetus_morphnoides_331210455_600778464.jpg,val,hieraaetus_morphnoides_331210455_600778464.jpg
hieraaetus_morphnoides,Little Eagle,C:\Projects\raptor_australia\dataset\raw\hieraaetus_morphnoides\hieraaetus_morphnoides_341056310_620783327.jpg,val,hieraaetus_morphnoides_341056310_620783327.jpg
hieraaetus_morphnoides,Little Eagle,C:\Projects\raptor_australia\dataset\raw\hieraaetus_morphnoides\hieraaetus_morphnoides_346551090_631731164.jpg,val,hieraaetus_morphnoides_346551090_631731164.jpg
hieraaetus_morphnoides,Little Eagle,C:\Projects\raptor_australia\dataset\raw\hieraaetus_morphnoides\hieraaetus_morphnoides_313847347_566806205.jpg,val,hieraaetus_morphnoides_313847347_566806205.jpg
hieraaetus_morphnoides,Little Eagle,C:\Projects\raptor_australia\dataset\raw\hieraaetus_morphnoides\hieraaetus_morphnoides_346732599_632088203.jpg,val,hieraaetus_morphnoides_346732599_632088203.jpg
hieraaetus_morphnoides,Little Eagle,C:\Projects\raptor_australia\dataset\raw\hieraaetus_morphnoides\hieraaetus_morphnoides_304913474_549721229.jpg,val,hieraaetus_morphnoides_304913474_549721229.jpg
hieraaetus_morphnoides,Little Eagle,C:\Projects\raptor_australia\dataset\raw\hieraaetus_morphnoides\hieraaetus_morphnoides_337880450_614325639.jpg,val,hieraaetus_morphnoides_337880450_614325639.jpg
hieraaetus_morphnoides,Little Eagle,C:\Projects\raptor_australia\dataset\raw\hieraaetus_morphnoides\hieraaetus_morphnoides_331772303_601941707.jpg,val,hieraaetus_morphnoides_331772303_601941707.jpg
hieraaetus_morphnoides,Little Eagle,C:\Projects\raptor_australia\dataset\raw\hieraaetus_morphnoides\hieraaetus_morphnoides_334477616_607420341.jpg,val,hieraaetus_morphnoides_334477616_607420341.jpg
hieraaetus_morphnoides,Little Eagle,C:\Projects\raptor_australia\dataset\raw\hieraaetus_morphnoides\hieraaetus_morphnoides_327075150_592487194.jpg,val,hieraaetus_morphnoides_327075150_592487194.jpg
hieraaetus_morphnoides,Little Eagle,C:\Projects\raptor_australia\dataset\raw\hieraaetus_morphnoides\hieraaetus_morphnoides_333121603_604711430.jpg,val,hieraaetus_morphnoides_333121603_604711430.jpg
hieraaetus_morphnoides,Little Eagle,C:\Projects\raptor_australia\dataset\raw\hieraaetus_morphnoides\hieraaetus_morphnoides_321386958_581228011.jpg,val,hieraaetus_morphnoides_321386958_581228011.jpg
hieraaetus_morphnoides,Little Eagle,C:\Projects\raptor_australia\dataset\raw\hieraaetus_morphnoides\hieraaetus_morphnoides_321558291_581559977.jpg,val,hieraaetus_morphnoides_321558291_581559977.jpg
hieraaetus_morphnoides,Little Eagle,C:\Projects\raptor_australia\dataset\raw\hieraaetus_morphnoides\hieraaetus_morphnoides_332568006_603579598.jpg,val,hieraaetus_morphnoides_332568006_603579598.jpg
hieraaetus_morphnoides,Little Eagle,C:\Projects\raptor_australia\dataset\raw\hieraaetus_morphnoides\hieraaetus_morphnoides_320605809_579692945.jpg,val,hieraaetus_morphnoides_320605809_579692945.jpg
hieraaetus_morphnoides,Little Eagle,C:\Projects\raptor_australia\dataset\raw\hieraaetus_morphnoides\hieraaetus_morphnoides_316485861_571813494.jpg,val,hieraaetus_morphnoides_316485861_571813494.jpg
hieraaetus_morphnoides,Little Eagle,C:\Projects\raptor_australia\dataset\raw\hieraaetus_morphnoides\hieraaetus_morphnoides_306392549_552535773.jpg,val,hieraaetus_morphnoides_306392549_552535773.jpg
hieraaetus_morphnoides,Little Eagle,C:\Projects\raptor_australia\dataset\raw\hieraaetus_morphnoides\hieraaetus_morphnoides_343075057_624866604.jpg,val,hieraaetus_morphnoides_343075057_624866604.jpg
hieraaetus_morphnoides,Little Eagle,C:\Projects\raptor_australia\dataset\raw\hieraaetus_morphnoides\hieraaetus_morphnoides_339118901_616833382.jpg,val,hieraaetus_morphnoides_339118901_616833382.jpg
hieraaetus_morphnoides,Little Eagle,C:\Projects\raptor_australia\dataset\raw\hieraaetus_morphnoides\hieraaetus_morphnoides_348920626_636425100.jpg,val,hieraaetus_morphnoides_348920626_636425100.jpg
hieraaetus_morphnoides,Little Eagle,C:\Projects\raptor_australia\dataset\raw\hieraaetus_morphnoides\hieraaetus_morphnoides_322539474_583496021.jpg,val,hieraaetus_morphnoides_322539474_583496021.jpg
hieraaetus_morphnoides,Little Eagle,C:\Projects\raptor_australia\dataset\raw\hieraaetus_morphnoides\hieraaetus_morphnoides_317130209_573022208.jpg,val,hieraaetus_morphnoides_317130209_573022208.jpg
hieraaetus_morphnoides,Little Eagle,C:\Projects\raptor_australia\dataset\raw\hieraaetus_morphnoides\hieraaetus_morphnoides_334296001_607050036.jpg,test,hieraaetus_morphnoides_334296001_607050036.jpg
hieraaetus_morphnoides,Little Eagle,C:\Projects\raptor_australia\dataset\raw\hieraaetus_morphnoides\hieraaetus_morphnoides_344640687_627983031.jpg,test,hieraaetus_morphnoides_344640687_627983031.jpg
hieraaetus_morphnoides,Little Eagle,C:\Projects\raptor_australia\dataset\raw\hieraaetus_morphnoides\hieraaetus_morphnoides_340675399_620000183.jpg,test,hieraaetus_morphnoides_340675399_620000183.jpg
hieraaetus_morphnoides,Little Eagle,C:\Projects\raptor_australia\dataset\raw\hieraaetus_morphnoides\hieraaetus_morphnoides_339994832_618620006.jpg,test,hieraaetus_morphnoides_339994832_618620006.jpg
hieraaetus_morphnoides,Little Eagle,C:\Projects\raptor_australia\dataset\raw\hieraaetus_morphnoides\hieraaetus_morphnoides_346748019_632121018.jpg,test,hieraaetus_morphnoides_346748019_632121018.jpg
hieraaetus_morphnoides,Little Eagle,C:\Projects\raptor_australia\dataset\raw\hieraaetus_morphnoides\hieraaetus_morphnoides_333080991_604630269.jpg,test,hieraaetus_morphnoides_333080991_604630269.jpg
hieraaetus_morphnoides,Little Eagle,C:\Projects\raptor_australia\dataset\raw\hieraaetus_morphnoides\hieraaetus_morphnoides_316908747_572612099.jpg,test,hieraaetus_morphnoides_316908747_572612099.jpg
hieraaetus_morphnoides,Little Eagle,C:\Projects\raptor_australia\dataset\raw\hieraaetus_morphnoides\hieraaetus_morphnoides_309894012_559250396.jpg,test,hieraaetus_morphnoides_309894012_559250396.jpg
hieraaetus_morphnoides,Little Eagle,C:\Projects\raptor_australia\dataset\raw\hieraaetus_morphnoides\hieraaetus_morphnoides_337276186_613084505.jpg,test,hieraaetus_morphnoides_337276186_613084505.jpg
hieraaetus_morphnoides,Little Eagle,C:\Projects\raptor_australia\dataset\raw\hieraaetus_morphnoides\hieraaetus_morphnoides_337406210_613355610.jpg,test,hieraaetus_morphnoides_337406210_613355610.jpg
hieraaetus_morphnoides,Little Eagle,C:\Projects\raptor_australia\dataset\raw\hieraaetus_morphnoides\hieraaetus_morphnoides_345810422_630263770.jpg,test,hieraaetus_morphnoides_345810422_630263770.jpg
hieraaetus_morphnoides,Little Eagle,C:\Projects\raptor_australia\dataset\raw\hieraaetus_morphnoides\hieraaetus_morphnoides_341079066_620831627.jpg,test,hieraaetus_morphnoides_341079066_620831627.jpg
hieraaetus_morphnoides,Little Eagle,C:\Projects\raptor_australia\dataset\raw\hieraaetus_morphnoides\hieraaetus_morphnoides_336215108_610927133.jpg,test,hieraaetus_morphnoides_336215108_610927133.jpg
hieraaetus_morphnoides,Little Eagle,C:\Projects\raptor_australia\dataset\raw\hieraaetus_morphnoides\hieraaetus_morphnoides_332971619_604408782.jpg,test,hieraaetus_morphnoides_332971619_604408782.jpg
hieraaetus_morphnoides,Little Eagle,C:\Projects\raptor_australia\dataset\raw\hieraaetus_morphnoides\hieraaetus_morphnoides_308417223_556425608.jpg,test,hieraaetus_morphnoides_308417223_556425608.jpg
hieraaetus_morphnoides,Little Eagle,C:\Projects\raptor_australia\dataset\raw\hieraaetus_morphnoides\hieraaetus_morphnoides_311868164_563021469.jpg,test,hieraaetus_morphnoides_311868164_563021469.jpg
hieraaetus_morphnoides,Little Eagle,C:\Projects\raptor_australia\dataset\raw\hieraaetus_morphnoides\hieraaetus_morphnoides_318132238_574935843.jpg,test,hieraaetus_morphnoides_318132238_574935843.jpg
hieraaetus_morphnoides,Little Eagle,C:\Projects\raptor_australia\dataset\raw\hieraaetus_morphnoides\hieraaetus_morphnoides_347787939_634187304.jpg,test,hieraaetus_morphnoides_347787939_634187304.jpg
hieraaetus_morphnoides,Little Eagle,C:\Projects\raptor_australia\dataset\raw\hieraaetus_morphnoides\hieraaetus_morphnoides_340739662_620134885.jpg,test,hieraaetus_morphnoides_340739662_620134885.jpg
hieraaetus_morphnoides,Little Eagle,C:\Projects\raptor_australia\dataset\raw\hieraaetus_morphnoides\hieraaetus_morphnoides_335294323_609080918.jpg,test,hieraaetus_morphnoides_335294323_609080918.jpg
hieraaetus_morphnoides,Little Eagle,C:\Projects\raptor_australia\dataset\raw\hieraaetus_morphnoides\hieraaetus_morphnoides_348404449_635405611.jpg,test,hieraaetus_morphnoides_348404449_635405611.jpg
hieraaetus_morphnoides,Little Eagle,C:\Projects\raptor_australia\dataset\raw\hieraaetus_morphnoides\hieraaetus_morphnoides_334924272_608329882.jpg,test,hieraaetus_morphnoides_334924272_608329882.jpg
hieraaetus_morphnoides,Little Eagle,C:\Projects\raptor_australia\dataset\raw\hieraaetus_morphnoides\hieraaetus_morphnoides_302235308_544678487.jpg,test,hieraaetus_morphnoides_302235308_544678487.jpg
hieraaetus_morphnoides,Little Eagle,C:\Projects\raptor_australia\dataset\raw\hieraaetus_morphnoides\hieraaetus_morphnoides_341631447_621968390.jpg,test,hieraaetus_morphnoides_341631447_621968390.jpg
hieraaetus_morphnoides,Little Eagle,C:\Projects\raptor_australia\dataset\raw\hieraaetus_morphnoides\hieraaetus_morphnoides_327349414_593035469.jpg,test,hieraaetus_morphnoides_327349414_593035469.jpg
hieraaetus_morphnoides,Little Eagle,C:\Projects\raptor_australia\dataset\raw\hieraaetus_morphnoides\hieraaetus_morphnoides_319077455_576745177.jpg,test,hieraaetus_morphnoides_319077455_576745177.jpg
hieraaetus_morphnoides,Little Eagle,C:\Projects\raptor_australia\dataset\raw\hieraaetus_morphnoides\hieraaetus_morphnoides_323964184_586274637.jpg,test,hieraaetus_morphnoides_323964184_586274637.jpg
hieraaetus_morphnoides,Little Eagle,C:\Projects\raptor_australia\dataset\raw\hieraaetus_morphnoides\hieraaetus_morphnoides_316476516_571796484.jpg,test,hieraaetus_morphnoides_316476516_571796484.jpg
hieraaetus_morphnoides,Little Eagle,C:\Projects\raptor_australia\dataset\raw\hieraaetus_morphnoides\hieraaetus_morphnoides_326932320_592205449.jpg,test,hieraaetus_morphnoides_326932320_592205449.jpg
hieraaetus_morphnoides,Little Eagle,C:\Projects\raptor_australia\dataset\raw\hieraaetus_morphnoides\hieraaetus_morphnoides_343571429_625879086.jpg,test,hieraaetus_morphnoides_343571429_625879086.jpg
hieraaetus_morphnoides,Little Eagle,C:\Projects\raptor_australia\dataset\raw\hieraaetus_morphnoides\hieraaetus_morphnoides_334930834_608342314.jpg,test,hieraaetus_morphnoides_334930834_608342314.jpg
