obs_id,species_key,scientific_name,common_name,photo_id,url,license,date_observed,latitude,longitude,quality_grade,num_agreements,source,local_path,status
352649796,tachyspiza_fasciata,Tachyspiza fasciata,Brown Goshawk,643574586,https://inaturalist-open-data.s3.amazonaws.com/photos/643574586/medium.jpg,cc-by-sa,2026-04-24,-37.8977952018,145.3548776294,research,2,iNaturalist,C:\Projects\raptor_australia\dataset\raw\tachyspiza_fasciata\tachyspiza_fasciata_352649796_643574586.jpg,already_exists
352479071,tachyspiza_fasciata,Tachyspiza fasciata,Brown Goshawk,643341290,https://inaturalist-open-data.s3.amazonaws.com/photos/643341290/medium.jpg,cc-by-nc,2026-04-23,-37.6964101078,144.905841351,research,1,iNaturalist,C:\Projects\raptor_australia\dataset\raw\tachyspiza_fasciata\tachyspiza_fasciata_352479071_643341290.jpg,already_exists
352434652,tachyspiza_fasciata,Tachyspiza fasciata,Brown Goshawk,643258616,https://inaturalist-open-data.s3.amazonaws.com/photos/643258616/medium.jpg,cc-by-nc,2025-09-28,-32.6498133333,150.9882966667,research,1,iNaturalist,C:\Projects\raptor_australia\dataset\raw\tachyspiza_fasciata\tachyspiza_fasciata_352434652_643258616.jpg,already_exists
351927085,tachyspiza_fasciata,Tachyspiza fasciata,Brown Goshawk,642289554,https://static.inaturalist.org/photos/642289554/medium.jpg,,2023-01-15,-32.7144792175,151.5453699231,research,2,iNaturalist,C:\Projects\raptor_australia\dataset\raw\tachyspiza_fasciata\tachyspiza_fasciata_351927085_642289554.jpg,already_exists
351917501,tachyspiza_fasciata,Tachyspiza fasciata,Brown Goshawk,642272577,https://inaturalist-open-data.s3.amazonaws.com/photos/642272577/medium.jpg,cc-by-nc,2026-04-22,-36.5911630167,140.5047257245,research,2,iNaturalist,C:\Projects\raptor_australia\dataset\raw\tachyspiza_fasciata\tachyspiza_fasciata_351917501_642272577.jpg,already_exists
351897083,tachyspiza_fasciata,Tachyspiza fasciata,Brown Goshawk,642233641,https://inaturalist-open-data.s3.amazonaws.com/photos/642233641/medium.jpg,cc-by-nc,2026-04-22,-37.7921516667,144.8254066667,research,1,iNaturalist,C:\Projects\raptor_australia\dataset\raw\tachyspiza_fasciata\tachyspiza_fasciata_351897083_642233641.jpg,already_exists
351656783,tachyspiza_fasciata,Tachyspiza fasciata,Brown Goshawk,641751903,https://inaturalist-open-data.s3.amazonaws.com/photos/641751903/medium.jpg,cc-by,2026-04-21,-27.5198927118,153.1041001473,research,1,iNaturalist,C:\Projects\raptor_australia\dataset\raw\tachyspiza_fasciata\tachyspiza_fasciata_351656783_641751903.jpg,already_exists
351411613,tachyspiza_fasciata,Tachyspiza fasciata,Brown Goshawk,641285441,https://inaturalist-open-data.s3.amazonaws.com/photos/641285441/medium.jpg,cc-by-nc,2026-04-20,-27.0689060544,152.8956285405,research,1,iNaturalist,C:\Projects\raptor_australia\dataset\raw\tachyspiza_fasciata\tachyspiza_fasciata_351411613_641285441.jpg,already_exists
351403166,tachyspiza_fasciata,Tachyspiza fasciata,Brown Goshawk,641256935,https://inaturalist-open-data.s3.amazonaws.com/photos/641256935/medium.jpg,cc-by,2026-04-20,-27.708880356,153.2325184311,research,1,iNaturalist,C:\Projects\raptor_australia\dataset\raw\tachyspiza_fasciata\tachyspiza_fasciata_351403166_641256935.jpg,already_exists
351403037,tachyspiza_fasciata,Tachyspiza fasciata,Brown Goshawk,641254502,https://inaturalist-open-data.s3.amazonaws.com/photos/641254502/medium.jpg,cc-by,2026-04-20,-27.7073985846,153.229049481,research,1,iNaturalist,C:\Projects\raptor_australia\dataset\raw\tachyspiza_fasciata\tachyspiza_fasciata_351403037_641254502.jpg,already_exists
351319840,tachyspiza_fasciata,Tachyspiza fasciata,Brown Goshawk,641090002,https://inaturalist-open-data.s3.amazonaws.com/photos/641090002/medium.jpg,cc-by-nc,2026-04-19,-37.6161363784,145.0568921505,research,1,iNaturalist,C:\Projects\raptor_australia\dataset\raw\tachyspiza_fasciata\tachyspiza_fasciata_351319840_641090002.jpg,already_exists
351102677,tachyspiza_fasciata,Tachyspiza fasciata,Brown Goshawk,640674575,https://inaturalist-open-data.s3.amazonaws.com/photos/640674575/medium.jpg,cc-by-nc,2026-04-18,-34.3318684512,150.9000193815,research,1,iNaturalist,C:\Projects\raptor_australia\dataset\raw\tachyspiza_fasciata\tachyspiza_fasciata_351102677_640674575.jpg,already_exists
351098454,tachyspiza_fasciata,Tachyspiza fasciata,Brown Goshawk,640666991,https://inaturalist-open-data.s3.amazonaws.com/photos/640666991/medium.jpg,cc-by-nc,2026-04-14,-35.0787749991,138.5239059355,research,2,iNaturalist,C:\Projects\raptor_australia\dataset\raw\tachyspiza_fasciata\tachyspiza_fasciata_351098454_640666991.jpg,already_exists
351038134,tachyspiza_fasciata,Tachyspiza fasciata,Brown Goshawk,640551778,https://static.inaturalist.org/photos/640551778/medium.jpg,,2026-04-19,-35.0311477359,138.7118230415,research,1,iNaturalist,C:\Projects\raptor_australia\dataset\raw\tachyspiza_fasciata\tachyspiza_fasciata_351038134_640551778.jpg,already_exists
350996654,tachyspiza_fasciata,Tachyspiza fasciata,Brown Goshawk,640470298,https://inaturalist-open-data.s3.amazonaws.com/photos/640470298/medium.jpg,cc-by-nc,2026-04-19,-27.6544011224,152.9029808829,research,3,iNaturalist,C:\Projects\raptor_australia\dataset\raw\tachyspiza_fasciata\tachyspiza_fasciata_350996654_640470298.jpg,already_exists
350758503,tachyspiza_fasciata,Tachyspiza fasciata,Brown Goshawk,640029800,https://static.inaturalist.org/photos/640029800/medium.jpg,,2026-04-04,-28.0651744168,153.2265950393,research,1,iNaturalist,C:\Projects\raptor_australia\dataset\raw\tachyspiza_fasciata\tachyspiza_fasciata_350758503_640029800.jpg,already_exists
350721543,tachyspiza_fasciata,Tachyspiza fasciata,Brown Goshawk,639957754,https://inaturalist-open-data.s3.amazonaws.com/photos/639957754/medium.jpg,cc-by-nc,2026-04-05,-37.8659834191,144.8077240606,research,1,iNaturalist,C:\Projects\raptor_australia\dataset\raw\tachyspiza_fasciata\tachyspiza_fasciata_350721543_639957754.jpg,already_exists
350686718,tachyspiza_fasciata,Tachyspiza fasciata,Brown Goshawk,639888453,https://inaturalist-open-data.s3.amazonaws.com/photos/639888453/medium.jpg,cc-by-nc,2026-04-18,-34.4130883333,150.8953866667,research,1,iNaturalist,C:\Projects\raptor_australia\dataset\raw\tachyspiza_fasciata\tachyspiza_fasciata_350686718_639888453.jpg,already_exists
350469255,tachyspiza_fasciata,Tachyspiza fasciata,Brown Goshawk,639465250,https://inaturalist-open-data.s3.amazonaws.com/photos/639465250/medium.jpg,cc-by-nc,2013-06-30,-12.4184730877,130.8530276688,research,1,iNaturalist,C:\Projects\raptor_australia\dataset\raw\tachyspiza_fasciata\tachyspiza_fasciata_350469255_639465250.jpg,already_exists
350274096,tachyspiza_fasciata,Tachyspiza fasciata,Brown Goshawk,639069278,https://inaturalist-open-data.s3.amazonaws.com/photos/639069278/medium.jpg,cc-by-nc,2026-04-15,-33.8215249391,151.0720875867,research,2,iNaturalist,C:\Projects\raptor_australia\dataset\raw\tachyspiza_fasciata\tachyspiza_fasciata_350274096_639069278.jpg,already_exists
350270313,tachyspiza_fasciata,Tachyspiza fasciata,Brown Goshawk,639071823,https://inaturalist-open-data.s3.amazonaws.com/photos/639071823/medium.jpg,cc-by-nc,2026-03-08,-32.0565048,115.7700366,research,1,iNaturalist,C:\Projects\raptor_australia\dataset\raw\tachyspiza_fasciata\tachyspiza_fasciata_350270313_639071823.jpg,already_exists
350236368,tachyspiza_fasciata,Tachyspiza fasciata,Brown Goshawk,639007593,https://static.inaturalist.org/photos/639007593/medium.jpg,,2026-04-15,-28.0662804504,153.3425955015,research,1,iNaturalist,C:\Projects\raptor_australia\dataset\raw\tachyspiza_fasciata\tachyspiza_fasciata_350236368_639007593.jpg,already_exists
350219150,tachyspiza_fasciata,Tachyspiza fasciata,Brown Goshawk,638971381,https://inaturalist-open-data.s3.amazonaws.com/photos/638971381/medium.jpg,cc-by-nc,2026-04-15,-35.4044366389,149.135265,research,1,iNaturalist,C:\Projects\raptor_australia\dataset\raw\tachyspiza_fasciata\tachyspiza_fasciata_350219150_638971381.jpg,already_exists
350216553,tachyspiza_fasciata,Tachyspiza fasciata,Brown Goshawk,638966101,https://inaturalist-open-data.s3.amazonaws.com/photos/638966101/medium.jpg,cc-by-nc,2026-04-15,-35.4051939534,149.1371223442,research,1,iNaturalist,C:\Projects\raptor_australia\dataset\raw\tachyspiza_fasciata\tachyspiza_fasciata_350216553_638966101.jpg,already_exists
349959307,tachyspiza_fasciata,Tachyspiza fasciata,Brown Goshawk,638455004,https://inaturalist-open-data.s3.amazonaws.com/photos/638455004/medium.jpg,cc-by-nc,2026-04-15,-28.0918786307,153.3574794501,research,3,iNaturalist,C:\Projects\raptor_australia\dataset\raw\tachyspiza_fasciata\tachyspiza_fasciata_349959307_638455004.jpg,already_exists
349884262,tachyspiza_fasciata,Tachyspiza fasciata,Brown Goshawk,638313986,https://inaturalist-open-data.s3.amazonaws.com/photos/638313986/medium.jpg,cc-by-nc,2026-04-14,-28.1055026,153.2523016,research,1,iNaturalist,C:\Projects\raptor_australia\dataset\raw\tachyspiza_fasciata\tachyspiza_fasciata_349884262_638313986.jpg,already_exists
349752881,tachyspiza_fasciata,Tachyspiza fasciata,Brown Goshawk,638063152,https://static.inaturalist.org/photos/638063152/medium.jpg,,2026-04-14,-28.7844894565,150.2458989993,research,2,iNaturalist,C:\Projects\raptor_australia\dataset\raw\tachyspiza_fasciata\tachyspiza_fasciata_349752881_638063152.jpg,already_exists
349681727,tachyspiza_fasciata,Tachyspiza fasciata,Brown Goshawk,637923466,https://static.inaturalist.org/photos/637923466/medium.jpg,,2026-04-03,-33.867834,151.053617,research,1,iNaturalist,C:\Projects\raptor_australia\dataset\raw\tachyspiza_fasciata\tachyspiza_fasciata_349681727_637923466.jpg,already_exists
349480388,tachyspiza_fasciata,Tachyspiza fasciata,Brown Goshawk,637531906,https://inaturalist-open-data.s3.amazonaws.com/photos/637531906/medium.jpg,cc-by-nc,2026-02-13,-28.2583227071,153.4014296423,research,1,iNaturalist,C:\Projects\raptor_australia\dataset\raw\tachyspiza_fasciata\tachyspiza_fasciata_349480388_637531906.jpg,already_exists
349443251,tachyspiza_fasciata,Tachyspiza fasciata,Brown Goshawk,637456188,https://inaturalist-open-data.s3.amazonaws.com/photos/637456188/medium.jpg,cc-by-nc,2026-04-13,-27.3693034048,153.0403344287,research,1,iNaturalist,C:\Projects\raptor_australia\dataset\raw\tachyspiza_fasciata\tachyspiza_fasciata_349443251_637456188.jpg,already_exists
349418694,tachyspiza_fasciata,Tachyspiza fasciata,Brown Goshawk,637404925,https://inaturalist-open-data.s3.amazonaws.com/photos/637404925/medium.jpg,cc-by-nc,2026-04-13,-43.182,146.906,research,2,iNaturalist,C:\Projects\raptor_australia\dataset\raw\tachyspiza_fasciata\tachyspiza_fasciata_349418694_637404925.jpg,already_exists
349201679,tachyspiza_fasciata,Tachyspiza fasciata,Brown Goshawk,636980779,https://inaturalist-open-data.s3.amazonaws.com/photos/636980779/medium.jpg,cc-by-nc,2026-04-10,-38.4488814673,145.8737005838,research,3,iNaturalist,C:\Projects\raptor_australia\dataset\raw\tachyspiza_fasciata\tachyspiza_fasciata_349201679_636980779.jpg,already_exists
349188273,tachyspiza_fasciata,Tachyspiza fasciata,Brown Goshawk,636943642,https://inaturalist-open-data.s3.amazonaws.com/photos/636943642/medium.jpg,cc-by-nc,2025-08-19,-17.0117417632,145.5817786358,research,2,iNaturalist,C:\Projects\raptor_australia\dataset\raw\tachyspiza_fasciata\tachyspiza_fasciata_349188273_636943642.jpg,already_exists
349136831,tachyspiza_fasciata,Tachyspiza fasciata,Brown Goshawk,636847054,https://inaturalist-open-data.s3.amazonaws.com/photos/636847054/medium.jpg,cc-by-nc,2026-04-10,-32.6917359068,151.5361282272,research,1,iNaturalist,C:\Projects\raptor_australia\dataset\raw\tachyspiza_fasciata\tachyspiza_fasciata_349136831_636847054.jpg,already_exists
349129530,tachyspiza_fasciata,Tachyspiza fasciata,Brown Goshawk,636832833,https://inaturalist-open-data.s3.amazonaws.com/photos/636832833/medium.jpg,cc-by-nc,2026-04-12,-28.2411364668,153.2486966762,research,5,iNaturalist,C:\Projects\raptor_australia\dataset\raw\tachyspiza_fasciata\tachyspiza_fasciata_349129530_636832833.jpg,already_exists
349112884,tachyspiza_fasciata,Tachyspiza fasciata,Brown Goshawk,636798979,https://inaturalist-open-data.s3.amazonaws.com/photos/636798979/medium.jpg,cc-by-nc,2026-04-12,-33.6937335,151.2931743,research,2,iNaturalist,C:\Projects\raptor_australia\dataset\raw\tachyspiza_fasciata\tachyspiza_fasciata_349112884_636798979.jpg,already_exists
348911265,tachyspiza_fasciata,Tachyspiza fasciata,Brown Goshawk,636415086,https://inaturalist-open-data.s3.amazonaws.com/photos/636415086/medium.jpg,cc-by-nc,2026-04-08,-37.7157643997,145.0561131997,research,1,iNaturalist,C:\Projects\raptor_australia\dataset\raw\tachyspiza_fasciata\tachyspiza_fasciata_348911265_636415086.jpg,already_exists
348650909,tachyspiza_fasciata,Tachyspiza fasciata,Brown Goshawk,635896484,https://inaturalist-open-data.s3.amazonaws.com/photos/635896484/medium.jpg,cc-by-nc,2026-04-10,-27.2620726989,152.8536464829,research,2,iNaturalist,C:\Projects\raptor_australia\dataset\raw\tachyspiza_fasciata\tachyspiza_fasciata_348650909_635896484.jpg,already_exists
348609725,tachyspiza_fasciata,Tachyspiza fasciata,Brown Goshawk,635808523,https://inaturalist-open-data.s3.amazonaws.com/photos/635808523/medium.jpg,cc-by-nc,2026-04-10,-27.2757302103,152.9248781768,research,2,iNaturalist,C:\Projects\raptor_australia\dataset\raw\tachyspiza_fasciata\tachyspiza_fasciata_348609725_635808523.jpg,already_exists
348460466,tachyspiza_fasciata,Tachyspiza fasciata,Brown Goshawk,635519494,https://static.inaturalist.org/photos/635519494/medium.jpg,,2023-02-14,-14.6321544435,131.9111469761,research,2,iNaturalist,C:\Projects\raptor_australia\dataset\raw\tachyspiza_fasciata\tachyspiza_fasciata_348460466_635519494.jpg,already_exists
348389017,tachyspiza_fasciata,Tachyspiza fasciata,Brown Goshawk,635373787,https://inaturalist-open-data.s3.amazonaws.com/photos/635373787/medium.jpg,cc-by-nc,2026-03-22,-27.5375917526,152.9894944829,research,2,iNaturalist,C:\Projects\raptor_australia\dataset\raw\tachyspiza_fasciata\tachyspiza_fasciata_348389017_635373787.jpg,already_exists
348384876,tachyspiza_fasciata,Tachyspiza fasciata,Brown Goshawk,635364966,https://inaturalist-open-data.s3.amazonaws.com/photos/635364966/medium.jpg,cc-by-nc,2026-04-08,-27.4346871781,153.1496252633,research,2,iNaturalist,C:\Projects\raptor_australia\dataset\raw\tachyspiza_fasciata\tachyspiza_fasciata_348384876_635364966.jpg,already_exists
348270676,tachyspiza_fasciata,Tachyspiza fasciata,Brown Goshawk,635142640,https://inaturalist-open-data.s3.amazonaws.com/photos/635142640/medium.jpg,cc-by-nc,2025-04-11,-37.7973567324,144.912183205,research,2,iNaturalist,C:\Projects\raptor_australia\dataset\raw\tachyspiza_fasciata\tachyspiza_fasciata_348270676_635142640.jpg,already_exists
348270675,tachyspiza_fasciata,Tachyspiza fasciata,Brown Goshawk,635142642,https://inaturalist-open-data.s3.amazonaws.com/photos/635142642/medium.jpg,cc-by-nc,2021-11-30,-35.4710088017,143.4622000251,research,2,iNaturalist,C:\Projects\raptor_australia\dataset\raw\tachyspiza_fasciata\tachyspiza_fasciata_348270675_635142642.jpg,already_exists
348245864,tachyspiza_fasciata,Tachyspiza fasciata,Brown Goshawk,635095613,https://inaturalist-open-data.s3.amazonaws.com/photos/635095613/medium.jpg,cc-by-nc,2026-04-07,-32.049618318,115.8386883885,research,2,iNaturalist,C:\Projects\raptor_australia\dataset\raw\tachyspiza_fasciata\tachyspiza_fasciata_348245864_635095613.jpg,already_exists
348187470,tachyspiza_fasciata,Tachyspiza fasciata,Brown Goshawk,634974738,https://inaturalist-open-data.s3.amazonaws.com/photos/634974738/medium.jpg,cc-by-nc,2026-04-08,-33.7574515609,150.8600670148,research,2,iNaturalist,C:\Projects\raptor_australia\dataset\raw\tachyspiza_fasciata\tachyspiza_fasciata_348187470_634974738.jpg,already_exists
348008373,tachyspiza_fasciata,Tachyspiza fasciata,Brown Goshawk,634624800,https://static.inaturalist.org/photos/634624800/medium.jpg,,2026-04-07,-27.5391848997,153.0668279997,research,1,iNaturalist,C:\Projects\raptor_australia\dataset\raw\tachyspiza_fasciata\tachyspiza_fasciata_348008373_634624800.jpg,already_exists
348004880,tachyspiza_fasciata,Tachyspiza fasciata,Brown Goshawk,634616980,https://static.inaturalist.org/photos/634616980/medium.jpg,,2026-04-07,-35.317877,149.159668,research,2,iNaturalist,C:\Projects\raptor_australia\dataset\raw\tachyspiza_fasciata\tachyspiza_fasciata_348004880_634616980.jpg,already_exists
347980059,tachyspiza_fasciata,Tachyspiza fasciata,Brown Goshawk,634564680,https://inaturalist-open-data.s3.amazonaws.com/photos/634564680/medium.jpg,cc-by-nc,2026-04-07,-27.4322266634,153.0078111708,research,3,iNaturalist,C:\Projects\raptor_australia\dataset\raw\tachyspiza_fasciata\tachyspiza_fasciata_347980059_634564680.jpg,already_exists
347977087,tachyspiza_fasciata,Tachyspiza fasciata,Brown Goshawk,634560726,https://inaturalist-open-data.s3.amazonaws.com/photos/634560726/medium.jpg,cc-by-nc,2026-04-07,-32.2260911354,152.4545795282,research,1,iNaturalist,C:\Projects\raptor_australia\dataset\raw\tachyspiza_fasciata\tachyspiza_fasciata_347977087_634560726.jpg,already_exists
347742583,tachyspiza_fasciata,Tachyspiza fasciata,Brown Goshawk,634097162,https://static.inaturalist.org/photos/634097162/medium.jpg,,2026-01-24,-32.7112716667,115.7185666667,research,1,iNaturalist,C:\Projects\raptor_australia\dataset\raw\tachyspiza_fasciata\tachyspiza_fasciata_347742583_634097162.jpg,already_exists
347682759,tachyspiza_fasciata,Tachyspiza fasciata,Brown Goshawk,633971783,https://static.inaturalist.org/photos/633971783/medium.jpg,,2026-04-05,-37.6882193399,144.9045604801,research,3,iNaturalist,C:\Projects\raptor_australia\dataset\raw\tachyspiza_fasciata\tachyspiza_fasciata_347682759_633971783.jpg,already_exists
347385021,tachyspiza_fasciata,Tachyspiza fasciata,Brown Goshawk,633381875,https://inaturalist-open-data.s3.amazonaws.com/photos/633381875/medium.jpg,cc-by-nc,2026-03-29,-27.5309142432,153.030390334,research,1,iNaturalist,C:\Projects\raptor_australia\dataset\raw\tachyspiza_fasciata\tachyspiza_fasciata_347385021_633381875.jpg,already_exists
347237038,tachyspiza_fasciata,Tachyspiza fasciata,Brown Goshawk,633091581,https://inaturalist-open-data.s3.amazonaws.com/photos/633091581/medium.jpg,cc-by-nc,2026-04-04,-37.9663287701,145.1319521582,research,1,iNaturalist,C:\Projects\raptor_australia\dataset\raw\tachyspiza_fasciata\tachyspiza_fasciata_347237038_633091581.jpg,already_exists
347218959,tachyspiza_fasciata,Tachyspiza fasciata,Brown Goshawk,633058244,https://static.inaturalist.org/photos/633058244/medium.jpg,,2026-03-23,-28.1383019969,153.2000211144,research,1,iNaturalist,C:\Projects\raptor_australia\dataset\raw\tachyspiza_fasciata\tachyspiza_fasciata_347218959_633058244.jpg,already_exists
347218226,tachyspiza_fasciata,Tachyspiza fasciata,Brown Goshawk,633057409,https://static.inaturalist.org/photos/633057409/medium.jpg,,2026-03-26,-28.1930748753,153.3848640456,research,1,iNaturalist,C:\Projects\raptor_australia\dataset\raw\tachyspiza_fasciata\tachyspiza_fasciata_347218226_633057409.jpg,already_exists
347218225,tachyspiza_fasciata,Tachyspiza fasciata,Brown Goshawk,633057408,https://static.inaturalist.org/photos/633057408/medium.jpg,,2026-03-26,-28.1980921346,153.3183615901,research,1,iNaturalist,C:\Projects\raptor_australia\dataset\raw\tachyspiza_fasciata\tachyspiza_fasciata_347218225_633057408.jpg,already_exists
347216490,tachyspiza_fasciata,Tachyspiza fasciata,Brown Goshawk,633053709,https://static.inaturalist.org/photos/633053709/medium.jpg,,2026-03-27,-28.0379361309,153.2193467372,research,1,iNaturalist,C:\Projects\raptor_australia\dataset\raw\tachyspiza_fasciata\tachyspiza_fasciata_347216490_633053709.jpg,already_exists
347167116,tachyspiza_fasciata,Tachyspiza fasciata,Brown Goshawk,632958163,https://static.inaturalist.org/photos/632958163/medium.jpg,,2026-03-28,-28.1404338056,153.3431950605,research,1,iNaturalist,C:\Projects\raptor_australia\dataset\raw\tachyspiza_fasciata\tachyspiza_fasciata_347167116_632958163.jpg,already_exists
347163291,tachyspiza_fasciata,Tachyspiza fasciata,Brown Goshawk,632950241,https://inaturalist-open-data.s3.amazonaws.com/photos/632950241/medium.jpg,cc-by-nc,2026-04-04,-31.9415882805,115.7749908957,research,1,iNaturalist,C:\Projects\raptor_australia\dataset\raw\tachyspiza_fasciata\tachyspiza_fasciata_347163291_632950241.jpg,already_exists
347114336,tachyspiza_fasciata,Tachyspiza fasciata,Brown Goshawk,632844487,https://inaturalist-open-data.s3.amazonaws.com/photos/632844487/medium.jpg,cc0,2009-06-29,-16.9032106441,145.7497140066,research,1,iNaturalist,C:\Projects\raptor_australia\dataset\raw\tachyspiza_fasciata\tachyspiza_fasciata_347114336_632844487.jpg,already_exists
346977777,tachyspiza_fasciata,Tachyspiza fasciata,Brown Goshawk,632576092,https://static.inaturalist.org/photos/632576092/medium.jpg,,2026-03-29,-28.1759646129,153.3758172461,research,2,iNaturalist,C:\Projects\raptor_australia\dataset\raw\tachyspiza_fasciata\tachyspiza_fasciata_346977777_632576092.jpg,already_exists
346953666,tachyspiza_fasciata,Tachyspiza fasciata,Brown Goshawk,632527678,https://inaturalist-open-data.s3.amazonaws.com/photos/632527678/medium.jpg,cc-by-nc,2026-02-06,-37.2880283333,144.9367666667,research,1,iNaturalist,C:\Projects\raptor_australia\dataset\raw\tachyspiza_fasciata\tachyspiza_fasciata_346953666_632527678.jpg,already_exists
346944159,tachyspiza_fasciata,Tachyspiza fasciata,Brown Goshawk,632506482,https://inaturalist-open-data.s3.amazonaws.com/photos/632506482/medium.jpg,cc-by-nc,2026-03-08,-27.4602613447,152.9550749077,research,1,iNaturalist,C:\Projects\raptor_australia\dataset\raw\tachyspiza_fasciata\tachyspiza_fasciata_346944159_632506482.jpg,already_exists
346914028,tachyspiza_fasciata,Tachyspiza fasciata,Brown Goshawk,632443095,https://inaturalist-open-data.s3.amazonaws.com/photos/632443095/medium.jpg,cc-by-nc,2026-04-02,-38.3761094372,145.1183007242,research,1,iNaturalist,C:\Projects\raptor_australia\dataset\raw\tachyspiza_fasciata\tachyspiza_fasciata_346914028_632443095.jpg,already_exists
346744267,tachyspiza_fasciata,Tachyspiza fasciata,Brown Goshawk,632113348,https://inaturalist-open-data.s3.amazonaws.com/photos/632113348/medium.jpg,cc-by-nc,2025-04-13,-27.4601626,152.5787239383,research,1,iNaturalist,C:\Projects\raptor_australia\dataset\raw\tachyspiza_fasciata\tachyspiza_fasciata_346744267_632113348.jpg,already_exists
346537087,tachyspiza_fasciata,Tachyspiza fasciata,Brown Goshawk,631704506,https://inaturalist-open-data.s3.amazonaws.com/photos/631704506/medium.jpg,cc-by-nc,2026-03-31,-35.3660888652,149.0690804531,research,2,iNaturalist,C:\Projects\raptor_australia\dataset\raw\tachyspiza_fasciata\tachyspiza_fasciata_346537087_631704506.jpg,already_exists
346527604,tachyspiza_fasciata,Tachyspiza fasciata,Brown Goshawk,631685335,https://inaturalist-open-data.s3.amazonaws.com/photos/631685335/medium.jpg,cc-by-nc,2026-04-01,-27.2224258135,152.8130455564,research,2,iNaturalist,C:\Projects\raptor_australia\dataset\raw\tachyspiza_fasciata\tachyspiza_fasciata_346527604_631685335.jpg,already_exists
346493657,tachyspiza_fasciata,Tachyspiza fasciata,Brown Goshawk,631614082,https://inaturalist-open-data.s3.amazonaws.com/photos/631614082/medium.jpg,cc-by-nc,2026-04-01,-27.7343393001,153.1018200847,research,2,iNaturalist,C:\Projects\raptor_australia\dataset\raw\tachyspiza_fasciata\tachyspiza_fasciata_346493657_631614082.jpg,already_exists
346458471,tachyspiza_fasciata,Tachyspiza fasciata,Brown Goshawk,631544157,https://static.inaturalist.org/photos/631544157/medium.jpg,,2026-04-01,-38.0153462629,145.5145784452,research,2,iNaturalist,C:\Projects\raptor_australia\dataset\raw\tachyspiza_fasciata\tachyspiza_fasciata_346458471_631544157.jpg,already_exists
346447968,tachyspiza_fasciata,Tachyspiza fasciata,Brown Goshawk,631523510,https://inaturalist-open-data.s3.amazonaws.com/photos/631523510/medium.jpg,cc-by-nc,2026-03-31,-33.77945,151.2549883333,research,2,iNaturalist,C:\Projects\raptor_australia\dataset\raw\tachyspiza_fasciata\tachyspiza_fasciata_346447968_631523510.jpg,already_exists
346330328,tachyspiza_fasciata,Tachyspiza fasciata,Brown Goshawk,631295907,https://inaturalist-open-data.s3.amazonaws.com/photos/631295907/medium.jpg,cc-by-nc,2019-11-18,-43.182,146.906,research,2,iNaturalist,C:\Projects\raptor_australia\dataset\raw\tachyspiza_fasciata\tachyspiza_fasciata_346330328_631295907.jpg,already_exists
346300903,tachyspiza_fasciata,Tachyspiza fasciata,Brown Goshawk,631236237,https://inaturalist-open-data.s3.amazonaws.com/photos/631236237/medium.jpg,cc-by-nc,2026-03-31,-32.6934511769,151.5373925737,research,2,iNaturalist,C:\Projects\raptor_australia\dataset\raw\tachyspiza_fasciata\tachyspiza_fasciata_346300903_631236237.jpg,already_exists
346125939,tachyspiza_fasciata,Tachyspiza fasciata,Brown Goshawk,630886905,https://inaturalist-open-data.s3.amazonaws.com/photos/630886905/medium.jpg,cc-by-nc,2026-03-30,-32.049618318,115.8386883885,research,3,iNaturalist,C:\Projects\raptor_australia\dataset\raw\tachyspiza_fasciata\tachyspiza_fasciata_346125939_630886905.jpg,already_exists
346065025,tachyspiza_fasciata,Tachyspiza fasciata,Brown Goshawk,630763909,https://static.inaturalist.org/photos/630763909/medium.jpg,,2026-01-29,-32.1538024326,115.836708772,research,1,iNaturalist,C:\Projects\raptor_australia\dataset\raw\tachyspiza_fasciata\tachyspiza_fasciata_346065025_630763909.jpg,already_exists
346016123,tachyspiza_fasciata,Tachyspiza fasciata,Brown Goshawk,630667198,https://inaturalist-open-data.s3.amazonaws.com/photos/630667198/medium.jpg,cc-by-nc,2026-03-30,-27.4844516476,152.9756126232,research,1,iNaturalist,C:\Projects\raptor_australia\dataset\raw\tachyspiza_fasciata\tachyspiza_fasciata_346016123_630667198.jpg,already_exists
346001206,tachyspiza_fasciata,Tachyspiza fasciata,Brown Goshawk,630638355,https://inaturalist-open-data.s3.amazonaws.com/photos/630638355/medium.jpg,cc-by-nc,2026-03-30,-37.8116421695,146.95593973,research,1,iNaturalist,C:\Projects\raptor_australia\dataset\raw\tachyspiza_fasciata\tachyspiza_fasciata_346001206_630638355.jpg,already_exists
345861031,tachyspiza_fasciata,Tachyspiza fasciata,Brown Goshawk,630369725,https://inaturalist-open-data.s3.amazonaws.com/photos/630369725/medium.jpg,cc-by-nc,2026-03-29,-31.8083347768,115.8161303401,research,2,iNaturalist,C:\Projects\raptor_australia\dataset\raw\tachyspiza_fasciata\tachyspiza_fasciata_345861031_630369725.jpg,already_exists
345845621,tachyspiza_fasciata,Tachyspiza fasciata,Brown Goshawk,630337002,https://inaturalist-open-data.s3.amazonaws.com/photos/630337002/medium.jpg,cc-by-nc,2026-03-24,-30.4897826057,151.6369316785,research,2,iNaturalist,C:\Projects\raptor_australia\dataset\raw\tachyspiza_fasciata\tachyspiza_fasciata_345845621_630337002.jpg,already_exists
345826840,tachyspiza_fasciata,Tachyspiza fasciata,Brown Goshawk,630297868,https://inaturalist-open-data.s3.amazonaws.com/photos/630297868/medium.jpg,cc-by-nc,2026-03-29,-32.2687186121,115.6867833048,research,1,iNaturalist,C:\Projects\raptor_australia\dataset\raw\tachyspiza_fasciata\tachyspiza_fasciata_345826840_630297868.jpg,already_exists
345657331,tachyspiza_fasciata,Tachyspiza fasciata,Brown Goshawk,629969164,https://inaturalist-open-data.s3.amazonaws.com/photos/629969164/medium.jpg,cc-by-nc,2025-01-26,-34.49313,138.6330383333,research,2,iNaturalist,C:\Projects\raptor_australia\dataset\raw\tachyspiza_fasciata\tachyspiza_fasciata_345657331_629969164.jpg,already_exists
345657133,tachyspiza_fasciata,Tachyspiza fasciata,Brown Goshawk,629968760,https://inaturalist-open-data.s3.amazonaws.com/photos/629968760/medium.jpg,cc-by-nc,2025-01-26,-34.493145,138.6330383333,research,4,iNaturalist,C:\Projects\raptor_australia\dataset\raw\tachyspiza_fasciata\tachyspiza_fasciata_345657133_629968760.jpg,already_exists
345631160,tachyspiza_fasciata,Tachyspiza fasciata,Brown Goshawk,629919563,https://inaturalist-open-data.s3.amazonaws.com/photos/629919563/medium.jpg,cc-by-nc-nd,2011-05-30,-41.0670854968,145.9446745804,research,2,iNaturalist,C:\Projects\raptor_australia\dataset\raw\tachyspiza_fasciata\tachyspiza_fasciata_345631160_629919563.jpg,already_exists
345563827,tachyspiza_fasciata,Tachyspiza fasciata,Brown Goshawk,629778792,https://inaturalist-open-data.s3.amazonaws.com/photos/629778792/medium.jpg,cc-by-nc,2026-03-28,-27.3946815495,153.0907497122,research,2,iNaturalist,C:\Projects\raptor_australia\dataset\raw\tachyspiza_fasciata\tachyspiza_fasciata_345563827_629778792.jpg,already_exists
345394737,tachyspiza_fasciata,Tachyspiza fasciata,Brown Goshawk,629448368,https://inaturalist-open-data.s3.amazonaws.com/photos/629448368/medium.jpg,cc-by-nc,2026-03-27,-27.3795486331,153.0434686685,research,2,iNaturalist,C:\Projects\raptor_australia\dataset\raw\tachyspiza_fasciata\tachyspiza_fasciata_345394737_629448368.jpg,already_exists
345383329,tachyspiza_fasciata,Tachyspiza fasciata,Brown Goshawk,629421537,https://inaturalist-open-data.s3.amazonaws.com/photos/629421537/medium.jpg,cc-by-nc,2026-03-27,-27.5511535816,152.7920950519,research,1,iNaturalist,C:\Projects\raptor_australia\dataset\raw\tachyspiza_fasciata\tachyspiza_fasciata_345383329_629421537.jpg,already_exists
345232366,tachyspiza_fasciata,Tachyspiza fasciata,Brown Goshawk,629132186,https://static.inaturalist.org/photos/629132186/medium.jpg,,2026-03-20,-27.911586,153.280964,research,2,iNaturalist,C:\Projects\raptor_australia\dataset\raw\tachyspiza_fasciata\tachyspiza_fasciata_345232366_629132186.jpg,already_exists
345201542,tachyspiza_fasciata,Tachyspiza fasciata,Brown Goshawk,629065188,https://inaturalist-open-data.s3.amazonaws.com/photos/629065188/medium.jpg,cc-by-nc,2026-03-26,-35.5592468779,150.3693773487,research,1,iNaturalist,C:\Projects\raptor_australia\dataset\raw\tachyspiza_fasciata\tachyspiza_fasciata_345201542_629065188.jpg,already_exists
345033597,tachyspiza_fasciata,Tachyspiza fasciata,Brown Goshawk,628736291,https://inaturalist-open-data.s3.amazonaws.com/photos/628736291/medium.jpg,cc-by-nc,2026-03-23,-34.0589481384,150.7771043269,research,1,iNaturalist,C:\Projects\raptor_australia\dataset\raw\tachyspiza_fasciata\tachyspiza_fasciata_345033597_628736291.jpg,already_exists
344871678,tachyspiza_fasciata,Tachyspiza fasciata,Brown Goshawk,628419472,https://inaturalist-open-data.s3.amazonaws.com/photos/628419472/medium.jpg,cc0,2026-03-24,-19.2915512179,146.7874244731,research,1,iNaturalist,C:\Projects\raptor_australia\dataset\raw\tachyspiza_fasciata\tachyspiza_fasciata_344871678_628419472.jpg,already_exists
344830533,tachyspiza_fasciata,Tachyspiza fasciata,Brown Goshawk,628339780,https://inaturalist-open-data.s3.amazonaws.com/photos/628339780/medium.jpg,cc-by-nc,2022-04-21,-28.1016826743,153.1092880718,research,1,iNaturalist,C:\Projects\raptor_australia\dataset\raw\tachyspiza_fasciata\tachyspiza_fasciata_344830533_628339780.jpg,already_exists
344649811,tachyspiza_fasciata,Tachyspiza fasciata,Brown Goshawk,627998355,https://inaturalist-open-data.s3.amazonaws.com/photos/627998355/medium.jpg,cc-by-nc,2026-03-20,-33.8873317548,150.7172245091,research,1,iNaturalist,C:\Projects\raptor_australia\dataset\raw\tachyspiza_fasciata\tachyspiza_fasciata_344649811_627998355.jpg,already_exists
344648736,tachyspiza_fasciata,Tachyspiza fasciata,Brown Goshawk,627997390,https://inaturalist-open-data.s3.amazonaws.com/photos/627997390/medium.jpg,cc-by-nc,2026-03-18,-31.8489895299,116.1992352664,research,2,iNaturalist,C:\Projects\raptor_australia\dataset\raw\tachyspiza_fasciata\tachyspiza_fasciata_344648736_627997390.jpg,already_exists
344635038,tachyspiza_fasciata,Tachyspiza fasciata,Brown Goshawk,627972724,https://inaturalist-open-data.s3.amazonaws.com/photos/627972724/medium.jpg,cc-by-nc,2026-03-23,-37.8302183333,144.9068683333,research,1,iNaturalist,C:\Projects\raptor_australia\dataset\raw\tachyspiza_fasciata\tachyspiza_fasciata_344635038_627972724.jpg,already_exists
344603469,tachyspiza_fasciata,Tachyspiza fasciata,Brown Goshawk,627908092,https://inaturalist-open-data.s3.amazonaws.com/photos/627908092/medium.jpg,cc-by-nc,2026-03-23,-33.84385,151.2392883333,research,1,iNaturalist,C:\Projects\raptor_australia\dataset\raw\tachyspiza_fasciata\tachyspiza_fasciata_344603469_627908092.jpg,already_exists
344597998,tachyspiza_fasciata,Tachyspiza fasciata,Brown Goshawk,627896724,https://inaturalist-open-data.s3.amazonaws.com/photos/627896724/medium.jpg,cc-by-nc-sa,2026-03-22,-34.8328178366,138.5538699074,research,2,iNaturalist,C:\Projects\raptor_australia\dataset\raw\tachyspiza_fasciata\tachyspiza_fasciata_344597998_627896724.jpg,already_exists
344579162,tachyspiza_fasciata,Tachyspiza fasciata,Brown Goshawk,627858444,https://static.inaturalist.org/photos/627858444/medium.jpg,,2026-03-23,-38.1699688852,145.130148013,research,1,iNaturalist,C:\Projects\raptor_australia\dataset\raw\tachyspiza_fasciata\tachyspiza_fasciata_344579162_627858444.jpg,already_exists
344400476,tachyspiza_fasciata,Tachyspiza fasciata,Brown Goshawk,627516801,https://inaturalist-open-data.s3.amazonaws.com/photos/627516801/medium.jpg,cc-by-nc,2026-03-22,-38.2624576531,144.2685753346,research,1,iNaturalist,C:\Projects\raptor_australia\dataset\raw\tachyspiza_fasciata\tachyspiza_fasciata_344400476_627516801.jpg,already_exists
344319317,tachyspiza_fasciata,Tachyspiza fasciata,Brown Goshawk,627351339,https://inaturalist-open-data.s3.amazonaws.com/photos/627351339/medium.jpg,cc-by-nc,2026-03-22,-26.7473334511,152.8740048409,research,2,iNaturalist,C:\Projects\raptor_australia\dataset\raw\tachyspiza_fasciata\tachyspiza_fasciata_344319317_627351339.jpg,already_exists
344133743,tachyspiza_fasciata,Tachyspiza fasciata,Brown Goshawk,626988127,https://inaturalist-open-data.s3.amazonaws.com/photos/626988127/medium.jpg,cc0,2013-09-09,-15.5989801403,128.2791607976,research,2,iNaturalist,C:\Projects\raptor_australia\dataset\raw\tachyspiza_fasciata\tachyspiza_fasciata_344133743_626988127.jpg,already_exists
344103789,tachyspiza_fasciata,Tachyspiza fasciata,Brown Goshawk,626934328,https://static.inaturalist.org/photos/626934328/medium.jpg,,2026-03-21,-19.309563864,146.7735526387,research,2,iNaturalist,C:\Projects\raptor_australia\dataset\raw\tachyspiza_fasciata\tachyspiza_fasciata_344103789_626934328.jpg,already_exists
343984105,tachyspiza_fasciata,Tachyspiza fasciata,Brown Goshawk,626699158,https://inaturalist-open-data.s3.amazonaws.com/photos/626699158/medium.jpg,cc-by-nc,2025-03-01,-27.6992881104,153.2241773899,research,1,iNaturalist,C:\Projects\raptor_australia\dataset\raw\tachyspiza_fasciata\tachyspiza_fasciata_343984105_626699158.jpg,already_exists
343925189,tachyspiza_fasciata,Tachyspiza fasciata,Brown Goshawk,626579266,https://static.inaturalist.org/photos/626579266/medium.jpg,,2026-03-20,-38.1355121205,145.8396373022,research,3,iNaturalist,C:\Projects\raptor_australia\dataset\raw\tachyspiza_fasciata\tachyspiza_fasciata_343925189_626579266.jpg,already_exists
343894405,tachyspiza_fasciata,Tachyspiza fasciata,Brown Goshawk,626521628,https://inaturalist-open-data.s3.amazonaws.com/photos/626521628/medium.jpg,cc-by,2026-03-18,-37.467222164,144.7476296441,research,1,iNaturalist,C:\Projects\raptor_australia\dataset\raw\tachyspiza_fasciata\tachyspiza_fasciata_343894405_626521628.jpg,already_exists
343766537,tachyspiza_fasciata,Tachyspiza fasciata,Brown Goshawk,626273837,https://inaturalist-open-data.s3.amazonaws.com/photos/626273837/medium.jpg,cc-by-nc,2026-03-19,-27.7346501376,153.1018916773,research,2,iNaturalist,C:\Projects\raptor_australia\dataset\raw\tachyspiza_fasciata\tachyspiza_fasciata_343766537_626273837.jpg,already_exists
343766245,tachyspiza_fasciata,Tachyspiza fasciata,Brown Goshawk,626273267,https://inaturalist-open-data.s3.amazonaws.com/photos/626273267/medium.jpg,cc-by-nc,2026-03-19,-31.45533,152.57733,research,1,iNaturalist,C:\Projects\raptor_australia\dataset\raw\tachyspiza_fasciata\tachyspiza_fasciata_343766245_626273267.jpg,already_exists
343751645,tachyspiza_fasciata,Tachyspiza fasciata,Brown Goshawk,626243987,https://static.inaturalist.org/photos/626243987/medium.jpg,,2026-03-04,-32.0390555,115.8933633333,research,1,iNaturalist,C:\Projects\raptor_australia\dataset\raw\tachyspiza_fasciata\tachyspiza_fasciata_343751645_626243987.jpg,already_exists
343694266,tachyspiza_fasciata,Tachyspiza fasciata,Brown Goshawk,626126092,https://inaturalist-open-data.s3.amazonaws.com/photos/626126092/medium.jpg,cc-by-nc,2026-03-18,-42.8639759787,147.3329358548,research,2,iNaturalist,C:\Projects\raptor_australia\dataset\raw\tachyspiza_fasciata\tachyspiza_fasciata_343694266_626126092.jpg,already_exists
343619092,tachyspiza_fasciata,Tachyspiza fasciata,Brown Goshawk,625742891,https://inaturalist-open-data.s3.amazonaws.com/photos/625742891/medium.jpg,cc-by-nc,2026-02-18,-38.0288807387,147.0332441475,research,1,iNaturalist,C:\Projects\raptor_australia\dataset\raw\tachyspiza_fasciata\tachyspiza_fasciata_343619092_625742891.jpg,already_exists
343587652,tachyspiza_fasciata,Tachyspiza fasciata,Brown Goshawk,625908264,https://inaturalist-open-data.s3.amazonaws.com/photos/625908264/medium.jpg,cc-by-nc,2026-03-18,-38.1717052778,145.1757997222,research,1,iNaturalist,C:\Projects\raptor_australia\dataset\raw\tachyspiza_fasciata\tachyspiza_fasciata_343587652_625908264.jpg,already_exists
343382280,tachyspiza_fasciata,Tachyspiza fasciata,Brown Goshawk,625489759,https://inaturalist-open-data.s3.amazonaws.com/photos/625489759/medium.jpg,cc0,2026-03-17,-19.2912912786,146.7854489014,research,2,iNaturalist,C:\Projects\raptor_australia\dataset\raw\tachyspiza_fasciata\tachyspiza_fasciata_343382280_625489759.jpg,already_exists
343382269,tachyspiza_fasciata,Tachyspiza fasciata,Brown Goshawk,625489571,https://inaturalist-open-data.s3.amazonaws.com/photos/625489571/medium.jpg,cc0,2026-03-17,-19.2907466894,146.782595482,research,2,iNaturalist,C:\Projects\raptor_australia\dataset\raw\tachyspiza_fasciata\tachyspiza_fasciata_343382269_625489571.jpg,already_exists
343371576,tachyspiza_fasciata,Tachyspiza fasciata,Brown Goshawk,625468798,https://static.inaturalist.org/photos/625468798/medium.jpg,,2026-03-17,-33.9588472222,151.0228583333,research,1,iNaturalist,C:\Projects\raptor_australia\dataset\raw\tachyspiza_fasciata\tachyspiza_fasciata_343371576_625468798.jpg,already_exists
343296407,tachyspiza_fasciata,Tachyspiza fasciata,Brown Goshawk,625317778,https://static.inaturalist.org/photos/625317778/medium.jpg,,2026-03-08,-28.0047714017,153.3952628796,research,2,iNaturalist,C:\Projects\raptor_australia\dataset\raw\tachyspiza_fasciata\tachyspiza_fasciata_343296407_625317778.jpg,already_exists
343293481,tachyspiza_fasciata,Tachyspiza fasciata,Brown Goshawk,625311560,https://static.inaturalist.org/photos/625311560/medium.jpg,,2026-03-13,-28.0740942329,153.3183778037,research,1,iNaturalist,C:\Projects\raptor_australia\dataset\raw\tachyspiza_fasciata\tachyspiza_fasciata_343293481_625311560.jpg,already_exists
343293476,tachyspiza_fasciata,Tachyspiza fasciata,Brown Goshawk,625311555,https://static.inaturalist.org/photos/625311555/medium.jpg,,2026-03-13,-28.0532737228,153.2171162792,research,2,iNaturalist,C:\Projects\raptor_australia\dataset\raw\tachyspiza_fasciata\tachyspiza_fasciata_343293476_625311555.jpg,already_exists
343291818,tachyspiza_fasciata,Tachyspiza fasciata,Brown Goshawk,625308548,https://static.inaturalist.org/photos/625308548/medium.jpg,,2026-03-16,-28.0707928413,153.2695638193,research,2,iNaturalist,C:\Projects\raptor_australia\dataset\raw\tachyspiza_fasciata\tachyspiza_fasciata_343291818_625308548.jpg,already_exists
343227963,tachyspiza_fasciata,Tachyspiza fasciata,Brown Goshawk,625176674,https://inaturalist-open-data.s3.amazonaws.com/photos/625176674/medium.jpg,cc-by-nc,2010-11-27,-34.2589269042,150.5605486925,research,2,iNaturalist,C:\Projects\raptor_australia\dataset\raw\tachyspiza_fasciata\tachyspiza_fasciata_343227963_625176674.jpg,already_exists
343227485,tachyspiza_fasciata,Tachyspiza fasciata,Brown Goshawk,625176003,https://inaturalist-open-data.s3.amazonaws.com/photos/625176003/medium.jpg,cc-by-nc,2015-07-01,-34.258948892,150.5610877571,research,2,iNaturalist,C:\Projects\raptor_australia\dataset\raw\tachyspiza_fasciata\tachyspiza_fasciata_343227485_625176003.jpg,already_exists
343198428,tachyspiza_fasciata,Tachyspiza fasciata,Brown Goshawk,625114449,https://inaturalist-open-data.s3.amazonaws.com/photos/625114449/medium.jpg,cc-by-nc,2026-03-15,-38.4987966667,145.9271866667,research,2,iNaturalist,C:\Projects\raptor_australia\dataset\raw\tachyspiza_fasciata\tachyspiza_fasciata_343198428_625114449.jpg,already_exists
343090963,tachyspiza_fasciata,Tachyspiza fasciata,Brown Goshawk,624897022,https://inaturalist-open-data.s3.amazonaws.com/photos/624897022/medium.jpg,cc-by-nc,2025-12-03,-38.0019652436,144.4113765026,research,3,iNaturalist,C:\Projects\raptor_australia\dataset\raw\tachyspiza_fasciata\tachyspiza_fasciata_343090963_624897022.jpg,already_exists
342877538,tachyspiza_fasciata,Tachyspiza fasciata,Brown Goshawk,624470582,https://inaturalist-open-data.s3.amazonaws.com/photos/624470582/medium.jpg,cc-by-nc,2026-03-14,-34.6920152563,138.8269329071,research,1,iNaturalist,C:\Projects\raptor_australia\dataset\raw\tachyspiza_fasciata\tachyspiza_fasciata_342877538_624470582.jpg,already_exists
342871895,tachyspiza_fasciata,Tachyspiza fasciata,Brown Goshawk,624458907,https://inaturalist-open-data.s3.amazonaws.com/photos/624458907/medium.jpg,cc-by-nc,2026-03-14,-32.1107053014,116.9069542512,research,1,iNaturalist,C:\Projects\raptor_australia\dataset\raw\tachyspiza_fasciata\tachyspiza_fasciata_342871895_624458907.jpg,already_exists
342871660,tachyspiza_fasciata,Tachyspiza fasciata,Brown Goshawk,624458714,https://inaturalist-open-data.s3.amazonaws.com/photos/624458714/medium.jpg,cc-by-nc,2026-03-14,-32.1723200223,116.8405458188,research,1,iNaturalist,C:\Projects\raptor_australia\dataset\raw\tachyspiza_fasciata\tachyspiza_fasciata_342871660_624458714.jpg,already_exists
342864049,tachyspiza_fasciata,Tachyspiza fasciata,Brown Goshawk,624809875,https://inaturalist-open-data.s3.amazonaws.com/photos/624809875/medium.jpg,cc-by-nc,2026-03-14,-37.6261566277,145.1035367743,research,1,iNaturalist,C:\Projects\raptor_australia\dataset\raw\tachyspiza_fasciata\tachyspiza_fasciata_342864049_624809875.jpg,already_exists
342846667,tachyspiza_fasciata,Tachyspiza fasciata,Brown Goshawk,624405592,https://static.inaturalist.org/photos/624405592/medium.jpg,,2026-03-14,-28.0711461683,152.2439248885,research,1,iNaturalist,C:\Projects\raptor_australia\dataset\raw\tachyspiza_fasciata\tachyspiza_fasciata_342846667_624405592.jpg,already_exists
342708673,tachyspiza_fasciata,Tachyspiza fasciata,Brown Goshawk,624130901,https://static.inaturalist.org/photos/624130901/medium.jpg,,2026-03-10,-37.6706055556,144.8634472222,research,1,iNaturalist,C:\Projects\raptor_australia\dataset\raw\tachyspiza_fasciata\tachyspiza_fasciata_342708673_624130901.jpg,already_exists
342707639,tachyspiza_fasciata,Tachyspiza fasciata,Brown Goshawk,624128974,https://static.inaturalist.org/photos/624128974/medium.jpg,,2026-03-13,-37.6882973877,144.9070961625,research,1,iNaturalist,C:\Projects\raptor_australia\dataset\raw\tachyspiza_fasciata\tachyspiza_fasciata_342707639_624128974.jpg,already_exists
342551787,tachyspiza_fasciata,Tachyspiza fasciata,Brown Goshawk,623831011,https://inaturalist-open-data.s3.amazonaws.com/photos/623831011/medium.jpg,cc0,2026-03-12,-19.2912221356,146.7823774088,research,1,iNaturalist,C:\Projects\raptor_australia\dataset\raw\tachyspiza_fasciata\tachyspiza_fasciata_342551787_623831011.jpg,already_exists
342408110,tachyspiza_fasciata,Tachyspiza fasciata,Brown Goshawk,623539182,https://inaturalist-open-data.s3.amazonaws.com/photos/623539182/medium.jpg,cc-by-nc,2025-09-21,-27.2151081311,152.8345020211,research,2,iNaturalist,C:\Projects\raptor_australia\dataset\raw\tachyspiza_fasciata\tachyspiza_fasciata_342408110_623539182.jpg,already_exists
342381174,tachyspiza_fasciata,Tachyspiza fasciata,Brown Goshawk,623485463,https://inaturalist-open-data.s3.amazonaws.com/photos/623485463/medium.jpg,cc-by-nc,2026-03-10,-19.2643763041,146.814471893,research,2,iNaturalist,C:\Projects\raptor_australia\dataset\raw\tachyspiza_fasciata\tachyspiza_fasciata_342381174_623485463.jpg,already_exists
342380457,tachyspiza_fasciata,Tachyspiza fasciata,Brown Goshawk,623483733,https://inaturalist-open-data.s3.amazonaws.com/photos/623483733/medium.jpg,cc-by-nc,2026-03-11,-37.6884328661,144.9042675916,research,3,iNaturalist,C:\Projects\raptor_australia\dataset\raw\tachyspiza_fasciata\tachyspiza_fasciata_342380457_623483733.jpg,already_exists
342364780,tachyspiza_fasciata,Tachyspiza fasciata,Brown Goshawk,623449850,https://inaturalist-open-data.s3.amazonaws.com/photos/623449850/medium.jpg,cc-by-nc,2026-03-07,-33.6497274754,150.9602657497,research,2,iNaturalist,C:\Projects\raptor_australia\dataset\raw\tachyspiza_fasciata\tachyspiza_fasciata_342364780_623449850.jpg,already_exists
342334888,tachyspiza_fasciata,Tachyspiza fasciata,Brown Goshawk,623384955,https://inaturalist-open-data.s3.amazonaws.com/photos/623384955/medium.jpg,cc-by-nc,2026-03-10,-38.2746758375,144.3840970992,research,2,iNaturalist,C:\Projects\raptor_australia\dataset\raw\tachyspiza_fasciata\tachyspiza_fasciata_342334888_623384955.jpg,already_exists
342327672,tachyspiza_fasciata,Tachyspiza fasciata,Brown Goshawk,623370774,https://inaturalist-open-data.s3.amazonaws.com/photos/623370774/medium.jpg,cc-by-nc,2026-03-11,-27.7349265004,153.101928781,research,2,iNaturalist,C:\Projects\raptor_australia\dataset\raw\tachyspiza_fasciata\tachyspiza_fasciata_342327672_623370774.jpg,already_exists
342314987,tachyspiza_fasciata,Tachyspiza fasciata,Brown Goshawk,623345043,https://inaturalist-open-data.s3.amazonaws.com/photos/623345043/medium.jpg,cc-by-nc,2026-03-10,-38.1168449997,144.6388455,research,2,iNaturalist,C:\Projects\raptor_australia\dataset\raw\tachyspiza_fasciata\tachyspiza_fasciata_342314987_623345043.jpg,already_exists
342282400,tachyspiza_fasciata,Tachyspiza fasciata,Brown Goshawk,623277584,https://inaturalist-open-data.s3.amazonaws.com/photos/623277584/medium.jpg,cc-by-sa,2019-01-14,-31.9267170909,115.8123424241,research,1,iNaturalist,C:\Projects\raptor_australia\dataset\raw\tachyspiza_fasciata\tachyspiza_fasciata_342282400_623277584.jpg,already_exists
342223452,tachyspiza_fasciata,Tachyspiza fasciata,Brown Goshawk,623162816,https://inaturalist-open-data.s3.amazonaws.com/photos/623162816/medium.jpg,cc-by-nc,2020-03-09,-27.3802815517,153.0388858389,research,1,iNaturalist,C:\Projects\raptor_australia\dataset\raw\tachyspiza_fasciata\tachyspiza_fasciata_342223452_623162816.jpg,already_exists
342216992,tachyspiza_fasciata,Tachyspiza fasciata,Brown Goshawk,623149938,https://inaturalist-open-data.s3.amazonaws.com/photos/623149938/medium.jpg,cc-by-nc,2026-03-10,-38.637825,145.7157283333,research,2,iNaturalist,C:\Projects\raptor_australia\dataset\raw\tachyspiza_fasciata\tachyspiza_fasciata_342216992_623149938.jpg,already_exists
342168566,tachyspiza_fasciata,Tachyspiza fasciata,Brown Goshawk,623048211,https://inaturalist-open-data.s3.amazonaws.com/photos/623048211/medium.jpg,cc-by-nc,2026-03-10,-36.7204383681,149.8445132703,research,1,iNaturalist,C:\Projects\raptor_australia\dataset\raw\tachyspiza_fasciata\tachyspiza_fasciata_342168566_623048211.jpg,already_exists
342012194,tachyspiza_fasciata,Tachyspiza fasciata,Brown Goshawk,622736720,https://inaturalist-open-data.s3.amazonaws.com/photos/622736720/medium.jpg,cc-by-nc,2026-03-08,-27.4684730536,152.8034640984,research,1,iNaturalist,C:\Projects\raptor_australia\dataset\raw\tachyspiza_fasciata\tachyspiza_fasciata_342012194_622736720.jpg,already_exists
341972578,tachyspiza_fasciata,Tachyspiza fasciata,Brown Goshawk,622654671,https://static.inaturalist.org/photos/622654671/medium.jpg,,2026-03-09,-32.6419300169,151.5846169559,research,4,iNaturalist,C:\Projects\raptor_australia\dataset\raw\tachyspiza_fasciata\tachyspiza_fasciata_341972578_622654671.jpg,already_exists
341854880,tachyspiza_fasciata,Tachyspiza fasciata,Brown Goshawk,622421568,https://static.inaturalist.org/photos/622421568/medium.jpg,,2026-03-06,-28.1662669335,153.3861758637,research,1,iNaturalist,C:\Projects\raptor_australia\dataset\raw\tachyspiza_fasciata\tachyspiza_fasciata_341854880_622421568.jpg,already_exists
341839438,tachyspiza_fasciata,Tachyspiza fasciata,Brown Goshawk,622390471,https://static.inaturalist.org/photos/622390471/medium.jpg,,2026-03-08,-35.0060770194,138.7392746285,research,1,iNaturalist,C:\Projects\raptor_australia\dataset\raw\tachyspiza_fasciata\tachyspiza_fasciata_341839438_622390471.jpg,already_exists
341779601,tachyspiza_fasciata,Tachyspiza fasciata,Brown Goshawk,622264449,https://inaturalist-open-data.s3.amazonaws.com/photos/622264449/medium.jpg,cc-by-nc,2026-03-07,-27.2575922146,152.8575077132,research,1,iNaturalist,C:\Projects\raptor_australia\dataset\raw\tachyspiza_fasciata\tachyspiza_fasciata_341779601_622264449.jpg,already_exists
341748274,tachyspiza_fasciata,Tachyspiza fasciata,Brown Goshawk,622202622,https://inaturalist-open-data.s3.amazonaws.com/photos/622202622/medium.jpg,cc-by-nc,2026-03-08,-32.849295348,151.6944836189,research,2,iNaturalist,C:\Projects\raptor_australia\dataset\raw\tachyspiza_fasciata\tachyspiza_fasciata_341748274_622202622.jpg,already_exists
341655262,tachyspiza_fasciata,Tachyspiza fasciata,Brown Goshawk,622019201,https://inaturalist-open-data.s3.amazonaws.com/photos/622019201/medium.jpg,cc-by-nc,2026-02-20,-33.6440521604,150.9611314995,research,5,iNaturalist,C:\Projects\raptor_australia\dataset\raw\tachyspiza_fasciata\tachyspiza_fasciata_341655262_622019201.jpg,already_exists
341636986,tachyspiza_fasciata,Tachyspiza fasciata,Brown Goshawk,621980076,https://static.inaturalist.org/photos/621980076/medium.jpg,,2018-09-12,-33.9299281,151.1299456,research,1,iNaturalist,C:\Projects\raptor_australia\dataset\raw\tachyspiza_fasciata\tachyspiza_fasciata_341636986_621980076.jpg,already_exists
341632992,tachyspiza_fasciata,Tachyspiza fasciata,Brown Goshawk,621971950,https://inaturalist-open-data.s3.amazonaws.com/photos/621971950/medium.jpg,cc-by-nc,2026-03-07,-19.2893493177,146.801744476,research,2,iNaturalist,C:\Projects\raptor_australia\dataset\raw\tachyspiza_fasciata\tachyspiza_fasciata_341632992_621971950.jpg,already_exists
341589236,tachyspiza_fasciata,Tachyspiza fasciata,Brown Goshawk,621877076,https://static.inaturalist.org/photos/621877076/medium.jpg,,2026-03-07,-38.1534694444,145.8579861111,research,3,iNaturalist,C:\Projects\raptor_australia\dataset\raw\tachyspiza_fasciata\tachyspiza_fasciata_341589236_621877076.jpg,already_exists
341490912,tachyspiza_fasciata,Tachyspiza fasciata,Brown Goshawk,621683078,https://inaturalist-open-data.s3.amazonaws.com/photos/621683078/medium.jpg,cc-by-nc,2026-03-06,-27.4684,153.139525,research,2,iNaturalist,C:\Projects\raptor_australia\dataset\raw\tachyspiza_fasciata\tachyspiza_fasciata_341490912_621683078.jpg,already_exists
341471198,tachyspiza_fasciata,Tachyspiza fasciata,Brown Goshawk,621640428,https://static.inaturalist.org/photos/621640428/medium.jpg,,2026-03-06,-27.6038230378,152.9841063046,research,2,iNaturalist,C:\Projects\raptor_australia\dataset\raw\tachyspiza_fasciata\tachyspiza_fasciata_341471198_621640428.jpg,already_exists
341459555,tachyspiza_fasciata,Tachyspiza fasciata,Brown Goshawk,621615651,https://inaturalist-open-data.s3.amazonaws.com/photos/621615651/medium.jpg,cc-by-nc,2026-02-28,-37.47345,145.1568611667,research,2,iNaturalist,C:\Projects\raptor_australia\dataset\raw\tachyspiza_fasciata\tachyspiza_fasciata_341459555_621615651.jpg,already_exists
341339620,tachyspiza_fasciata,Tachyspiza fasciata,Brown Goshawk,621368755,https://inaturalist-open-data.s3.amazonaws.com/photos/621368755/medium.jpg,cc-by-nc-nd,2026-03-04,-27.5861591,152.9884682,research,2,iNaturalist,C:\Projects\raptor_australia\dataset\raw\tachyspiza_fasciata\tachyspiza_fasciata_341339620_621368755.jpg,already_exists
341328402,tachyspiza_fasciata,Tachyspiza fasciata,Brown Goshawk,621344758,https://inaturalist-open-data.s3.amazonaws.com/photos/621344758/medium.jpg,cc-by-nc,2026-03-05,-35.3087716667,138.4866783333,research,3,iNaturalist,C:\Projects\raptor_australia\dataset\raw\tachyspiza_fasciata\tachyspiza_fasciata_341328402_621344758.jpg,already_exists
341317837,tachyspiza_fasciata,Tachyspiza fasciata,Brown Goshawk,621322224,https://inaturalist-open-data.s3.amazonaws.com/photos/621322224/medium.jpg,cc-by-nc,2026-03-05,-34.25325823,150.9145414,research,1,iNaturalist,C:\Projects\raptor_australia\dataset\raw\tachyspiza_fasciata\tachyspiza_fasciata_341317837_621322224.jpg,already_exists
341248767,tachyspiza_fasciata,Tachyspiza fasciata,Brown Goshawk,621177170,https://inaturalist-open-data.s3.amazonaws.com/photos/621177170/medium.jpg,cc-by-nc,2026-03-04,-34.8897180819,138.7324517149,research,1,iNaturalist,C:\Projects\raptor_australia\dataset\raw\tachyspiza_fasciata\tachyspiza_fasciata_341248767_621177170.jpg,already_exists
341157121,tachyspiza_fasciata,Tachyspiza fasciata,Brown Goshawk,620989952,https://inaturalist-open-data.s3.amazonaws.com/photos/620989952/medium.jpg,cc-by-nc-sa,2026-03-03,-38.0773485467,144.2837997033,research,1,iNaturalist,C:\Projects\raptor_australia\dataset\raw\tachyspiza_fasciata\tachyspiza_fasciata_341157121_620989952.jpg,already_exists
341058512,tachyspiza_fasciata,Tachyspiza fasciata,Brown Goshawk,620788475,https://inaturalist-open-data.s3.amazonaws.com/photos/620788475/medium.jpg,cc-by-nc,2026-03-03,-38.2644941946,144.3490055877,research,2,iNaturalist,C:\Projects\raptor_australia\dataset\raw\tachyspiza_fasciata\tachyspiza_fasciata_341058512_620788475.jpg,already_exists
340901353,tachyspiza_fasciata,Tachyspiza fasciata,Brown Goshawk,620463914,https://inaturalist-open-data.s3.amazonaws.com/photos/620463914/medium.jpg,cc-by-nc,2026-02-08,-37.8736197092,146.8172380904,research,1,iNaturalist,C:\Projects\raptor_australia\dataset\raw\tachyspiza_fasciata\tachyspiza_fasciata_340901353_620463914.jpg,already_exists
340757412,tachyspiza_fasciata,Tachyspiza fasciata,Brown Goshawk,620171733,https://inaturalist-open-data.s3.amazonaws.com/photos/620171733/medium.jpg,cc-by-nc,2026-02-28,-37.8638255428,144.7865212784,research,1,iNaturalist,C:\Projects\raptor_australia\dataset\raw\tachyspiza_fasciata\tachyspiza_fasciata_340757412_620171733.jpg,already_exists
340747864,tachyspiza_fasciata,Tachyspiza fasciata,Brown Goshawk,620153149,https://inaturalist-open-data.s3.amazonaws.com/photos/620153149/medium.jpg,cc-by-nc,2026-03-01,-27.1359824895,152.8866702317,research,1,iNaturalist,C:\Projects\raptor_australia\dataset\raw\tachyspiza_fasciata\tachyspiza_fasciata_340747864_620153149.jpg,already_exists
340746210,tachyspiza_fasciata,Tachyspiza fasciata,Brown Goshawk,620168669,https://inaturalist-open-data.s3.amazonaws.com/photos/620168669/medium.jpg,cc-by-nc,2026-03-01,-31.9081082111,115.808049763,research,1,iNaturalist,C:\Projects\raptor_australia\dataset\raw\tachyspiza_fasciata\tachyspiza_fasciata_340746210_620168669.jpg,already_exists
340706330,tachyspiza_fasciata,Tachyspiza fasciata,Brown Goshawk,620065757,https://inaturalist-open-data.s3.amazonaws.com/photos/620065757/medium.jpg,cc-by-nc,2026-03-01,-36.6945195191,149.9505506842,research,1,iNaturalist,C:\Projects\raptor_australia\dataset\raw\tachyspiza_fasciata\tachyspiza_fasciata_340706330_620065757.jpg,already_exists
340704016,tachyspiza_fasciata,Tachyspiza fasciata,Brown Goshawk,620061092,https://inaturalist-open-data.s3.amazonaws.com/photos/620061092/medium.jpg,cc-by-nc,2026-02-23,-37.8236838102,140.9061618894,research,5,iNaturalist,C:\Projects\raptor_australia\dataset\raw\tachyspiza_fasciata\tachyspiza_fasciata_340704016_620061092.jpg,already_exists
340678297,tachyspiza_fasciata,Tachyspiza fasciata,Brown Goshawk,620006747,https://inaturalist-open-data.s3.amazonaws.com/photos/620006747/medium.jpg,cc-by-nc,2026-03-01,-32.1924083333,116.0066083333,research,3,iNaturalist,C:\Projects\raptor_australia\dataset\raw\tachyspiza_fasciata\tachyspiza_fasciata_340678297_620006747.jpg,already_exists
340581796,tachyspiza_fasciata,Tachyspiza fasciata,Brown Goshawk,619817070,https://inaturalist-open-data.s3.amazonaws.com/photos/619817070/medium.jpg,cc-by-nc,2021-10-02,-36.7856869766,144.3903667018,research,1,iNaturalist,C:\Projects\raptor_australia\dataset\raw\tachyspiza_fasciata\tachyspiza_fasciata_340581796_619817070.jpg,already_exists
340571667,tachyspiza_fasciata,Tachyspiza fasciata,Brown Goshawk,619798088,https://static.inaturalist.org/photos/619798088/medium.jpg,,2026-02-28,-37.861105,144.8143466667,research,1,iNaturalist,C:\Projects\raptor_australia\dataset\raw\tachyspiza_fasciata\tachyspiza_fasciata_340571667_619798088.jpg,already_exists
340570771,tachyspiza_fasciata,Tachyspiza fasciata,Brown Goshawk,619796537,https://inaturalist-open-data.s3.amazonaws.com/photos/619796537/medium.jpg,cc-by-nc,2026-02-28,-33.5593488612,150.8187685774,research,1,iNaturalist,C:\Projects\raptor_australia\dataset\raw\tachyspiza_fasciata\tachyspiza_fasciata_340570771_619796537.jpg,already_exists
340566299,tachyspiza_fasciata,Tachyspiza fasciata,Brown Goshawk,619787616,https://inaturalist-open-data.s3.amazonaws.com/photos/619787616/medium.jpg,cc-by-nc,2026-02-28,-38.1490459044,145.9374437092,research,2,iNaturalist,C:\Projects\raptor_australia\dataset\raw\tachyspiza_fasciata\tachyspiza_fasciata_340566299_619787616.jpg,already_exists
340515939,tachyspiza_fasciata,Tachyspiza fasciata,Brown Goshawk,619682475,https://inaturalist-open-data.s3.amazonaws.com/photos/619682475/medium.jpg,cc-by-nc,2021-02-01,-28.3302778,150.9936111,research,2,iNaturalist,C:\Projects\raptor_australia\dataset\raw\tachyspiza_fasciata\tachyspiza_fasciata_340515939_619682475.jpg,already_exists
340499771,tachyspiza_fasciata,Tachyspiza fasciata,Brown Goshawk,619648887,https://inaturalist-open-data.s3.amazonaws.com/photos/619648887/medium.jpg,cc-by-nc,2026-02-28,-34.8500437,138.8747573997,research,1,iNaturalist,C:\Projects\raptor_australia\dataset\raw\tachyspiza_fasciata\tachyspiza_fasciata_340499771_619648887.jpg,already_exists
340430871,tachyspiza_fasciata,Tachyspiza fasciata,Brown Goshawk,619513399,https://static.inaturalist.org/photos/619513399/medium.jpg,,2026-02-07,-28.1592166359,153.2903047585,research,2,iNaturalist,C:\Projects\raptor_australia\dataset\raw\tachyspiza_fasciata\tachyspiza_fasciata_340430871_619513399.jpg,already_exists
340425721,tachyspiza_fasciata,Tachyspiza fasciata,Brown Goshawk,619502806,https://static.inaturalist.org/photos/619502806/medium.jpg,,2026-02-16,-28.0193683333,153.3384933333,research,3,iNaturalist,C:\Projects\raptor_australia\dataset\raw\tachyspiza_fasciata\tachyspiza_fasciata_340425721_619502806.jpg,already_exists
340410317,tachyspiza_fasciata,Tachyspiza fasciata,Brown Goshawk,619470423,https://inaturalist-open-data.s3.amazonaws.com/photos/619470423/medium.jpg,cc-by,2026-02-27,-34.4452707142,116.8062539815,research,4,iNaturalist,C:\Projects\raptor_australia\dataset\raw\tachyspiza_fasciata\tachyspiza_fasciata_340410317_619470423.jpg,already_exists
340409756,tachyspiza_fasciata,Tachyspiza fasciata,Brown Goshawk,619470661,https://static.inaturalist.org/photos/619470661/medium.jpg,,2026-02-22,-28.0842136509,153.2552698499,research,2,iNaturalist,C:\Projects\raptor_australia\dataset\raw\tachyspiza_fasciata\tachyspiza_fasciata_340409756_619470661.jpg,already_exists
340377124,tachyspiza_fasciata,Tachyspiza fasciata,Brown Goshawk,619401292,https://inaturalist-open-data.s3.amazonaws.com/photos/619401292/medium.jpg,cc-by-nc,2026-02-27,-38.2785513863,144.613488551,research,1,iNaturalist,C:\Projects\raptor_australia\dataset\raw\tachyspiza_fasciata\tachyspiza_fasciata_340377124_619401292.jpg,already_exists
340269273,tachyspiza_fasciata,Tachyspiza fasciata,Brown Goshawk,619185694,https://inaturalist-open-data.s3.amazonaws.com/photos/619185694/medium.jpg,cc-by-nc,2026-02-26,-37.6072166667,144.7350466667,research,2,iNaturalist,C:\Projects\raptor_australia\dataset\raw\tachyspiza_fasciata\tachyspiza_fasciata_340269273_619185694.jpg,already_exists
340224803,tachyspiza_fasciata,Tachyspiza fasciata,Brown Goshawk,619097088,https://inaturalist-open-data.s3.amazonaws.com/photos/619097088/medium.jpg,cc-by-nc,2026-02-26,-29.8572738,150.5859485,research,2,iNaturalist,C:\Projects\raptor_australia\dataset\raw\tachyspiza_fasciata\tachyspiza_fasciata_340224803_619097088.jpg,already_exists
340220202,tachyspiza_fasciata,Tachyspiza fasciata,Brown Goshawk,619087897,https://inaturalist-open-data.s3.amazonaws.com/photos/619087897/medium.jpg,cc-by-nc,2026-02-24,-38.0592825373,145.0041005158,research,2,iNaturalist,C:\Projects\raptor_australia\dataset\raw\tachyspiza_fasciata\tachyspiza_fasciata_340220202_619087897.jpg,already_exists
340141277,tachyspiza_fasciata,Tachyspiza fasciata,Brown Goshawk,618926123,https://inaturalist-open-data.s3.amazonaws.com/photos/618926123/medium.jpg,cc-by-nc,2026-02-25,-33.1429426388,151.584195859,research,4,iNaturalist,C:\Projects\raptor_australia\dataset\raw\tachyspiza_fasciata\tachyspiza_fasciata_340141277_618926123.jpg,already_exists
340122712,tachyspiza_fasciata,Tachyspiza fasciata,Brown Goshawk,618888386,https://inaturalist-open-data.s3.amazonaws.com/photos/618888386/medium.jpg,cc-by-nc,2025-10-07,-32.8489026445,116.9606453097,research,3,iNaturalist,C:\Projects\raptor_australia\dataset\raw\tachyspiza_fasciata\tachyspiza_fasciata_340122712_618888386.jpg,already_exists
340011561,tachyspiza_fasciata,Tachyspiza fasciata,Brown Goshawk,618655824,https://inaturalist-open-data.s3.amazonaws.com/photos/618655824/medium.jpg,cc-by-nc,2026-02-24,-19.322955,146.7640833333,research,3,iNaturalist,C:\Projects\raptor_australia\dataset\raw\tachyspiza_fasciata\tachyspiza_fasciata_340011561_618655824.jpg,already_exists
339825294,tachyspiza_fasciata,Tachyspiza fasciata,Brown Goshawk,618271151,https://static.inaturalist.org/photos/618271151/medium.jpg,,2026-02-18,-38.2657440337,144.6678815576,research,1,iNaturalist,C:\Projects\raptor_australia\dataset\raw\tachyspiza_fasciata\tachyspiza_fasciata_339825294_618271151.jpg,already_exists
339817834,tachyspiza_fasciata,Tachyspiza fasciata,Brown Goshawk,618256675,https://inaturalist-open-data.s3.amazonaws.com/photos/618256675/medium.jpg,cc-by-nc,2026-02-22,-37.5926888889,145.0150777778,research,1,iNaturalist,C:\Projects\raptor_australia\dataset\raw\tachyspiza_fasciata\tachyspiza_fasciata_339817834_618256675.jpg,already_exists
339808113,tachyspiza_fasciata,Tachyspiza fasciata,Brown Goshawk,618236379,https://inaturalist-open-data.s3.amazonaws.com/photos/618236379/medium.jpg,cc-by-nc,2026-02-19,-33.9420545051,150.8541353501,research,2,iNaturalist,C:\Projects\raptor_australia\dataset\raw\tachyspiza_fasciata\tachyspiza_fasciata_339808113_618236379.jpg,already_exists
339719457,tachyspiza_fasciata,Tachyspiza fasciata,Brown Goshawk,618056036,https://inaturalist-open-data.s3.amazonaws.com/photos/618056036/medium.jpg,cc-by-nc,2026-02-20,-35.1435857367,138.4998314789,research,1,iNaturalist,C:\Projects\raptor_australia\dataset\raw\tachyspiza_fasciata\tachyspiza_fasciata_339719457_618056036.jpg,already_exists
339700697,tachyspiza_fasciata,Tachyspiza fasciata,Brown Goshawk,618018680,https://inaturalist-open-data.s3.amazonaws.com/photos/618018680/medium.jpg,cc-by-nc,2026-02-15,-35.6986037353,139.8606750369,research,2,iNaturalist,C:\Projects\raptor_australia\dataset\raw\tachyspiza_fasciata\tachyspiza_fasciata_339700697_618018680.jpg,already_exists
339672648,tachyspiza_fasciata,Tachyspiza fasciata,Brown Goshawk,617960992,https://inaturalist-open-data.s3.amazonaws.com/photos/617960992/medium.jpg,cc-by-nc,2026-02-22,-27.4880638906,153.1187343921,research,1,iNaturalist,C:\Projects\raptor_australia\dataset\raw\tachyspiza_fasciata\tachyspiza_fasciata_339672648_617960992.jpg,already_exists
339659560,tachyspiza_fasciata,Tachyspiza fasciata,Brown Goshawk,617935503,https://static.inaturalist.org/photos/617935503/medium.jpg,,2026-02-22,-30.4065416667,152.3459783333,research,1,iNaturalist,C:\Projects\raptor_australia\dataset\raw\tachyspiza_fasciata\tachyspiza_fasciata_339659560_617935503.jpg,already_exists
339546616,tachyspiza_fasciata,Tachyspiza fasciata,Brown Goshawk,617709105,https://static.inaturalist.org/photos/617709105/medium.jpg,,2026-02-21,-43.02824015,147.48245742,research,2,iNaturalist,C:\Projects\raptor_australia\dataset\raw\tachyspiza_fasciata\tachyspiza_fasciata_339546616_617709105.jpg,already_exists
339528292,tachyspiza_fasciata,Tachyspiza fasciata,Brown Goshawk,617671272,https://inaturalist-open-data.s3.amazonaws.com/photos/617671272/medium.jpg,cc-by,2026-02-18,-38.2674352096,144.6652479993,research,2,iNaturalist,C:\Projects\raptor_australia\dataset\raw\tachyspiza_fasciata\tachyspiza_fasciata_339528292_617671272.jpg,already_exists
339422256,tachyspiza_fasciata,Tachyspiza fasciata,Brown Goshawk,617456752,https://inaturalist-open-data.s3.amazonaws.com/photos/617456752/medium.jpg,cc-by-nc,2026-02-17,-31.496357347,150.4514685273,research,2,iNaturalist,C:\Projects\raptor_australia\dataset\raw\tachyspiza_fasciata\tachyspiza_fasciata_339422256_617456752.jpg,already_exists
339275769,tachyspiza_fasciata,Tachyspiza fasciata,Brown Goshawk,617157599,https://inaturalist-open-data.s3.amazonaws.com/photos/617157599/medium.jpg,cc-by-nc,2026-02-19,-37.9493280923,145.0869140812,research,4,iNaturalist,C:\Projects\raptor_australia\dataset\raw\tachyspiza_fasciata\tachyspiza_fasciata_339275769_617157599.jpg,already_exists
339256569,tachyspiza_fasciata,Tachyspiza fasciata,Brown Goshawk,617116933,https://inaturalist-open-data.s3.amazonaws.com/photos/617116933/medium.jpg,cc-by-nc,2026-02-19,-37.7763793773,145.0346417046,research,1,iNaturalist,C:\Projects\raptor_australia\dataset\raw\tachyspiza_fasciata\tachyspiza_fasciata_339256569_617116933.jpg,already_exists
339227408,tachyspiza_fasciata,Tachyspiza fasciata,Brown Goshawk,617049246,https://static.inaturalist.org/photos/617049246/medium.jpg,,2026-02-13,-37.4245908395,139.9632295479,research,1,iNaturalist,C:\Projects\raptor_australia\dataset\raw\tachyspiza_fasciata\tachyspiza_fasciata_339227408_617049246.jpg,already_exists
339208216,tachyspiza_fasciata,Tachyspiza fasciata,Brown Goshawk,617013468,https://static.inaturalist.org/photos/617013468/medium.jpg,,2026-02-19,-41.3430554778,147.0078474502,research,1,iNaturalist,C:\Projects\raptor_australia\dataset\raw\tachyspiza_fasciata\tachyspiza_fasciata_339208216_617013468.jpg,already_exists
339113324,tachyspiza_fasciata,Tachyspiza fasciata,Brown Goshawk,616820843,https://inaturalist-open-data.s3.amazonaws.com/photos/616820843/medium.jpg,cc-by-nc,2026-02-18,-35.4052805556,149.8104416667,research,4,iNaturalist,C:\Projects\raptor_australia\dataset\raw\tachyspiza_fasciata\tachyspiza_fasciata_339113324_616820843.jpg,already_exists
339108357,tachyspiza_fasciata,Tachyspiza fasciata,Brown Goshawk,616810107,https://inaturalist-open-data.s3.amazonaws.com/photos/616810107/medium.jpg,cc0,2026-02-18,-43.172935,147.0799716667,research,1,iNaturalist,C:\Projects\raptor_australia\dataset\raw\tachyspiza_fasciata\tachyspiza_fasciata_339108357_616810107.jpg,already_exists
338999331,tachyspiza_fasciata,Tachyspiza fasciata,Brown Goshawk,616586213,https://inaturalist-open-data.s3.amazonaws.com/photos/616586213/medium.jpg,cc-by-nc,2026-01-29,-33.6874757333,115.0438534842,research,1,iNaturalist,C:\Projects\raptor_australia\dataset\raw\tachyspiza_fasciata\tachyspiza_fasciata_338999331_616586213.jpg,already_exists
338988129,tachyspiza_fasciata,Tachyspiza fasciata,Brown Goshawk,616562401,https://inaturalist-open-data.s3.amazonaws.com/photos/616562401/medium.jpg,cc-by-nc,2026-02-10,-32.4774297217,116.817959445,research,1,iNaturalist,C:\Projects\raptor_australia\dataset\raw\tachyspiza_fasciata\tachyspiza_fasciata_338988129_616562401.jpg,already_exists
338951860,tachyspiza_fasciata,Tachyspiza fasciata,Brown Goshawk,616494135,https://inaturalist-open-data.s3.amazonaws.com/photos/616494135/medium.jpg,cc-by-nc,2026-02-17,-34.8898702964,138.5790693015,research,1,iNaturalist,C:\Projects\raptor_australia\dataset\raw\tachyspiza_fasciata\tachyspiza_fasciata_338951860_616494135.jpg,already_exists
338865724,tachyspiza_fasciata,Tachyspiza fasciata,Brown Goshawk,616331529,https://inaturalist-open-data.s3.amazonaws.com/photos/616331529/medium.jpg,cc-by-nc-sa,2026-02-14,-38.117625,144.63112667,research,1,iNaturalist,C:\Projects\raptor_australia\dataset\raw\tachyspiza_fasciata\tachyspiza_fasciata_338865724_616331529.jpg,already_exists
338716018,tachyspiza_fasciata,Tachyspiza fasciata,Brown Goshawk,616031687,https://inaturalist-open-data.s3.amazonaws.com/photos/616031687/medium.jpg,cc-by-nc,2026-02-15,-38.0257720904,145.2793983682,research,1,iNaturalist,C:\Projects\raptor_australia\dataset\raw\tachyspiza_fasciata\tachyspiza_fasciata_338716018_616031687.jpg,already_exists
338697118,tachyspiza_fasciata,Tachyspiza fasciata,Brown Goshawk,615984344,https://inaturalist-open-data.s3.amazonaws.com/photos/615984344/medium.jpg,cc-by-nc,2026-02-10,-19.7687194444,121.0913083333,research,2,iNaturalist,C:\Projects\raptor_australia\dataset\raw\tachyspiza_fasciata\tachyspiza_fasciata_338697118_615984344.jpg,already_exists
338694323,tachyspiza_fasciata,Tachyspiza fasciata,Brown Goshawk,615990053,https://static.inaturalist.org/photos/615990053/medium.jpg,,2026-02-15,-35.2678197928,149.0263688731,research,1,iNaturalist,C:\Projects\raptor_australia\dataset\raw\tachyspiza_fasciata\tachyspiza_fasciata_338694323_615990053.jpg,already_exists
338688658,tachyspiza_fasciata,Tachyspiza fasciata,Brown Goshawk,615979150,https://inaturalist-open-data.s3.amazonaws.com/photos/615979150/medium.jpg,cc-by-nc,2026-02-15,-38.2068578087,144.1371521147,research,1,iNaturalist,C:\Projects\raptor_australia\dataset\raw\tachyspiza_fasciata\tachyspiza_fasciata_338688658_615979150.jpg,already_exists
338673978,tachyspiza_fasciata,Tachyspiza fasciata,Brown Goshawk,615948391,https://inaturalist-open-data.s3.amazonaws.com/photos/615948391/medium.jpg,cc-by-nc,2026-02-08,-37.8545200058,144.8826659036,research,1,iNaturalist,C:\Projects\raptor_australia\dataset\raw\tachyspiza_fasciata\tachyspiza_fasciata_338673978_615948391.jpg,already_exists
338669736,tachyspiza_fasciata,Tachyspiza fasciata,Brown Goshawk,615939639,https://inaturalist-open-data.s3.amazonaws.com/photos/615939639/medium.jpg,cc-by-nc,2026-02-15,-33.9458988,151.1525583,research,1,iNaturalist,C:\Projects\raptor_australia\dataset\raw\tachyspiza_fasciata\tachyspiza_fasciata_338669736_615939639.jpg,already_exists
338638609,tachyspiza_fasciata,Tachyspiza fasciata,Brown Goshawk,615875285,https://inaturalist-open-data.s3.amazonaws.com/photos/615875285/medium.jpg,cc-by-nc,2026-02-15,-26.7727216667,152.9349666667,research,1,iNaturalist,C:\Projects\raptor_australia\dataset\raw\tachyspiza_fasciata\tachyspiza_fasciata_338638609_615875285.jpg,already_exists
338482774,tachyspiza_fasciata,Tachyspiza fasciata,Brown Goshawk,615566638,https://inaturalist-open-data.s3.amazonaws.com/photos/615566638/medium.jpg,cc-by-nc,2026-02-12,-33.0914929998,151.6378099888,research,1,iNaturalist,C:\Projects\raptor_australia\dataset\raw\tachyspiza_fasciata\tachyspiza_fasciata_338482774_615566638.jpg,already_exists
338397503,tachyspiza_fasciata,Tachyspiza fasciata,Brown Goshawk,615392173,https://inaturalist-open-data.s3.amazonaws.com/photos/615392173/medium.jpg,cc-by-nc,2024-02-04,-38.0851572603,145.3792349249,research,2,iNaturalist,C:\Projects\raptor_australia\dataset\raw\tachyspiza_fasciata\tachyspiza_fasciata_338397503_615392173.jpg,already_exists
338367033,tachyspiza_fasciata,Tachyspiza fasciata,Brown Goshawk,615325636,https://inaturalist-open-data.s3.amazonaws.com/photos/615325636/medium.jpg,cc-by-nc,2026-02-13,-38.1531258621,145.1134774719,research,1,iNaturalist,C:\Projects\raptor_australia\dataset\raw\tachyspiza_fasciata\tachyspiza_fasciata_338367033_615325636.jpg,already_exists
338250456,tachyspiza_fasciata,Tachyspiza fasciata,Brown Goshawk,615084297,https://inaturalist-open-data.s3.amazonaws.com/photos/615084297/medium.jpg,cc-by-nc,2026-02-12,-27.7148563,152.9344520997,research,1,iNaturalist,C:\Projects\raptor_australia\dataset\raw\tachyspiza_fasciata\tachyspiza_fasciata_338250456_615084297.jpg,already_exists
338186989,tachyspiza_fasciata,Tachyspiza fasciata,Brown Goshawk,614953740,https://inaturalist-open-data.s3.amazonaws.com/photos/614953740/medium.jpg,cc-by-nc,2026-02-09,-38.1397771295,145.1332115794,research,1,iNaturalist,C:\Projects\raptor_australia\dataset\raw\tachyspiza_fasciata\tachyspiza_fasciata_338186989_614953740.jpg,already_exists
338175634,tachyspiza_fasciata,Tachyspiza fasciata,Brown Goshawk,615087190,https://static.inaturalist.org/photos/615087190/medium.jpg,,2026-02-11,-33.9104042772,114.9964918922,research,1,iNaturalist,C:\Projects\raptor_australia\dataset\raw\tachyspiza_fasciata\tachyspiza_fasciata_338175634_615087190.jpg,already_exists
338175102,tachyspiza_fasciata,Tachyspiza fasciata,Brown Goshawk,614931202,https://inaturalist-open-data.s3.amazonaws.com/photos/614931202/medium.jpg,cc-by-nc,2026-02-11,-38.32925,144.2256916667,research,1,iNaturalist,,failed: Muy pequeña: 209x500px
338168959,tachyspiza_fasciata,Tachyspiza fasciata,Brown Goshawk,614918795,https://inaturalist-open-data.s3.amazonaws.com/photos/614918795/medium.jpg,cc-by-nc,2026-02-10,-27.53854064,152.9940489549,research,1,iNaturalist,C:\Projects\raptor_australia\dataset\raw\tachyspiza_fasciata\tachyspiza_fasciata_338168959_614918795.jpg,already_exists
338054996,tachyspiza_fasciata,Tachyspiza fasciata,Brown Goshawk,614686451,https://inaturalist-open-data.s3.amazonaws.com/photos/614686451/medium.jpg,cc-by-nc,2026-02-09,-39.857102693,144.0118041673,research,1,iNaturalist,C:\Projects\raptor_australia\dataset\raw\tachyspiza_fasciata\tachyspiza_fasciata_338054996_614686451.jpg,already_exists
337937317,tachyspiza_fasciata,Tachyspiza fasciata,Brown Goshawk,614444935,https://static.inaturalist.org/photos/614444935/medium.jpg,,2026-02-09,-31.8720959027,116.7633517832,research,2,iNaturalist,C:\Projects\raptor_australia\dataset\raw\tachyspiza_fasciata\tachyspiza_fasciata_337937317_614444935.jpg,already_exists
337922896,tachyspiza_fasciata,Tachyspiza fasciata,Brown Goshawk,614414884,https://inaturalist-open-data.s3.amazonaws.com/photos/614414884/medium.jpg,cc-by-nc,2026-02-09,-12.3857577187,130.8466298506,research,1,iNaturalist,C:\Projects\raptor_australia\dataset\raw\tachyspiza_fasciata\tachyspiza_fasciata_337922896_614414884.jpg,already_exists
337894783,tachyspiza_fasciata,Tachyspiza fasciata,Brown Goshawk,614356195,https://inaturalist-open-data.s3.amazonaws.com/photos/614356195/medium.jpg,cc-by-nc,2026-02-09,-27.7348849313,153.101730682,research,1,iNaturalist,C:\Projects\raptor_australia\dataset\raw\tachyspiza_fasciata\tachyspiza_fasciata_337894783_614356195.jpg,already_exists
337867084,tachyspiza_fasciata,Tachyspiza fasciata,Brown Goshawk,614307919,https://static.inaturalist.org/photos/614307919/medium.jpg,,2026-02-06,-38.4175555556,145.7506444444,research,1,iNaturalist,C:\Projects\raptor_australia\dataset\raw\tachyspiza_fasciata\tachyspiza_fasciata_337867084_614307919.jpg,already_exists
337753309,tachyspiza_fasciata,Tachyspiza fasciata,Brown Goshawk,614067734,https://inaturalist-open-data.s3.amazonaws.com/photos/614067734/medium.jpg,cc-by-nc,2026-02-08,-21.9187316647,114.188914828,research,1,iNaturalist,C:\Projects\raptor_australia\dataset\raw\tachyspiza_fasciata\tachyspiza_fasciata_337753309_614067734.jpg,already_exists
337737219,tachyspiza_fasciata,Tachyspiza fasciata,Brown Goshawk,617608232,https://inaturalist-open-data.s3.amazonaws.com/photos/617608232/medium.jpg,cc-by-nc,2026-02-08,-38.4136583333,144.9183194444,research,1,iNaturalist,C:\Projects\raptor_australia\dataset\raw\tachyspiza_fasciata\tachyspiza_fasciata_337737219_617608232.jpg,already_exists
337621763,tachyspiza_fasciata,Tachyspiza fasciata,Brown Goshawk,613799845,https://inaturalist-open-data.s3.amazonaws.com/photos/613799845/medium.jpg,cc-by-nc,2024-06-06,-20.9744380793,149.1368908536,research,1,iNaturalist,C:\Projects\raptor_australia\dataset\raw\tachyspiza_fasciata\tachyspiza_fasciata_337621763_613799845.jpg,already_exists
337526188,tachyspiza_fasciata,Tachyspiza fasciata,Brown Goshawk,613600469,https://inaturalist-open-data.s3.amazonaws.com/photos/613600469/medium.jpg,cc-by-nc,2026-02-06,-34.98677,138.6426166667,research,1,iNaturalist,C:\Projects\raptor_australia\dataset\raw\tachyspiza_fasciata\tachyspiza_fasciata_337526188_613600469.jpg,already_exists
337509126,tachyspiza_fasciata,Tachyspiza fasciata,Brown Goshawk,613566531,https://inaturalist-open-data.s3.amazonaws.com/photos/613566531/medium.jpg,cc-by-nc,2026-02-05,-21.8782149058,114.1283890537,research,1,iNaturalist,C:\Projects\raptor_australia\dataset\raw\tachyspiza_fasciata\tachyspiza_fasciata_337509126_613566531.jpg,already_exists
337417776,tachyspiza_fasciata,Tachyspiza fasciata,Brown Goshawk,613380878,https://inaturalist-open-data.s3.amazonaws.com/photos/613380878/medium.jpg,cc-by-nc,2026-02-05,-22.4803578411,143.1715545175,research,2,iNaturalist,C:\Projects\raptor_australia\dataset\raw\tachyspiza_fasciata\tachyspiza_fasciata_337417776_613380878.jpg,already_exists
337414539,tachyspiza_fasciata,Tachyspiza fasciata,Brown Goshawk,613374114,https://inaturalist-open-data.s3.amazonaws.com/photos/613374114/medium.jpg,cc-by-nc,2026-02-05,-37.861321053,147.8439372405,research,2,iNaturalist,C:\Projects\raptor_australia\dataset\raw\tachyspiza_fasciata\tachyspiza_fasciata_337414539_613374114.jpg,already_exists
337392725,tachyspiza_fasciata,Tachyspiza fasciata,Brown Goshawk,613326129,https://inaturalist-open-data.s3.amazonaws.com/photos/613326129/medium.jpg,cc-by-nc,2026-02-05,-36.6340125346,149.8160177122,research,1,iNaturalist,C:\Projects\raptor_australia\dataset\raw\tachyspiza_fasciata\tachyspiza_fasciata_337392725_613326129.jpg,already_exists
337389095,tachyspiza_fasciata,Tachyspiza fasciata,Brown Goshawk,613318856,https://static.inaturalist.org/photos/613318856/medium.jpg,,2026-01-30,-32.0673416667,115.961595,research,2,iNaturalist,C:\Projects\raptor_australia\dataset\raw\tachyspiza_fasciata\tachyspiza_fasciata_337389095_613318856.jpg,already_exists
337297796,tachyspiza_fasciata,Tachyspiza fasciata,Brown Goshawk,613130205,https://inaturalist-open-data.s3.amazonaws.com/photos/613130205/medium.jpg,cc-by-nc,2026-01-21,-34.921995,148.8221716667,research,4,iNaturalist,C:\Projects\raptor_australia\dataset\raw\tachyspiza_fasciata\tachyspiza_fasciata_337297796_613130205.jpg,already_exists
337288151,tachyspiza_fasciata,Tachyspiza fasciata,Brown Goshawk,613110377,https://inaturalist-open-data.s3.amazonaws.com/photos/613110377/medium.jpg,cc-by-nc,2026-02-04,-38.1724166667,145.1681966667,research,2,iNaturalist,C:\Projects\raptor_australia\dataset\raw\tachyspiza_fasciata\tachyspiza_fasciata_337288151_613110377.jpg,already_exists
337256291,tachyspiza_fasciata,Tachyspiza fasciata,Brown Goshawk,613044044,https://inaturalist-open-data.s3.amazonaws.com/photos/613044044/medium.jpg,cc-by-nc,2026-01-28,-37.3718216667,144.6861583333,research,2,iNaturalist,C:\Projects\raptor_australia\dataset\raw\tachyspiza_fasciata\tachyspiza_fasciata_337256291_613044044.jpg,already_exists
337200663,tachyspiza_fasciata,Tachyspiza fasciata,Brown Goshawk,612932463,https://inaturalist-open-data.s3.amazonaws.com/photos/612932463/medium.jpg,cc-by-nc,2026-02-03,-27.212000223,152.8593449111,research,1,iNaturalist,C:\Projects\raptor_australia\dataset\raw\tachyspiza_fasciata\tachyspiza_fasciata_337200663_612932463.jpg,already_exists
337194320,tachyspiza_fasciata,Tachyspiza fasciata,Brown Goshawk,612919995,https://inaturalist-open-data.s3.amazonaws.com/photos/612919995/medium.jpg,cc-by-nc,2026-02-02,-37.7874373542,144.9161549003,research,1,iNaturalist,C:\Projects\raptor_australia\dataset\raw\tachyspiza_fasciata\tachyspiza_fasciata_337194320_612919995.jpg,already_exists
337189961,tachyspiza_fasciata,Tachyspiza fasciata,Brown Goshawk,612911530,https://inaturalist-open-data.s3.amazonaws.com/photos/612911530/medium.jpg,cc-by-nc,2026-02-03,-38.8664433241,145.9398010689,research,1,iNaturalist,C:\Projects\raptor_australia\dataset\raw\tachyspiza_fasciata\tachyspiza_fasciata_337189961_612911530.jpg,already_exists
337178551,tachyspiza_fasciata,Tachyspiza fasciata,Brown Goshawk,612885903,https://inaturalist-open-data.s3.amazonaws.com/photos/612885903/medium.jpg,cc-by-nc,2026-02-02,-37.8231530778,145.326601785,research,1,iNaturalist,C:\Projects\raptor_australia\dataset\raw\tachyspiza_fasciata\tachyspiza_fasciata_337178551_612885903.jpg,already_exists
337151472,tachyspiza_fasciata,Tachyspiza fasciata,Brown Goshawk,612831498,https://inaturalist-open-data.s3.amazonaws.com/photos/612831498/medium.jpg,cc-by-nc,2026-02-03,-38.4989133333,145.92723,research,3,iNaturalist,C:\Projects\raptor_australia\dataset\raw\tachyspiza_fasciata\tachyspiza_fasciata_337151472_612831498.jpg,already_exists
337080901,tachyspiza_fasciata,Tachyspiza fasciata,Brown Goshawk,612690006,https://inaturalist-open-data.s3.amazonaws.com/photos/612690006/medium.jpg,cc-by-nc,2026-02-02,-35.3137737729,149.1626484708,research,2,iNaturalist,C:\Projects\raptor_australia\dataset\raw\tachyspiza_fasciata\tachyspiza_fasciata_337080901_612690006.jpg,already_exists
336993613,tachyspiza_fasciata,Tachyspiza fasciata,Brown Goshawk,612507626,https://inaturalist-open-data.s3.amazonaws.com/photos/612507626/medium.jpg,cc-by-nc,2026-02-01,-36.1355478987,140.3977157791,research,3,iNaturalist,C:\Projects\raptor_australia\dataset\raw\tachyspiza_fasciata\tachyspiza_fasciata_336993613_612507626.jpg,already_exists
336929624,tachyspiza_fasciata,Tachyspiza fasciata,Brown Goshawk,612380659,https://inaturalist-open-data.s3.amazonaws.com/photos/612380659/medium.jpg,cc-by-nc,2026-02-01,-27.334736437,152.6064726931,research,2,iNaturalist,C:\Projects\raptor_australia\dataset\raw\tachyspiza_fasciata\tachyspiza_fasciata_336929624_612380659.jpg,already_exists
336923030,tachyspiza_fasciata,Tachyspiza fasciata,Brown Goshawk,612366805,https://inaturalist-open-data.s3.amazonaws.com/photos/612366805/medium.jpg,cc-by-nc,2026-02-01,-34.9872055975,138.6387394274,research,2,iNaturalist,C:\Projects\raptor_australia\dataset\raw\tachyspiza_fasciata\tachyspiza_fasciata_336923030_612366805.jpg,already_exists
336895952,tachyspiza_fasciata,Tachyspiza fasciata,Brown Goshawk,612309167,https://inaturalist-open-data.s3.amazonaws.com/photos/612309167/medium.jpg,cc-by-nc,2026-01-31,-31.8733034185,115.7887905836,research,2,iNaturalist,C:\Projects\raptor_australia\dataset\raw\tachyspiza_fasciata\tachyspiza_fasciata_336895952_612309167.jpg,already_exists
336890734,tachyspiza_fasciata,Tachyspiza fasciata,Brown Goshawk,612298331,https://inaturalist-open-data.s3.amazonaws.com/photos/612298331/medium.jpg,cc-by-nc,2026-01-31,-12.3642416667,130.8848833333,research,2,iNaturalist,C:\Projects\raptor_australia\dataset\raw\tachyspiza_fasciata\tachyspiza_fasciata_336890734_612298331.jpg,already_exists
336791476,tachyspiza_fasciata,Tachyspiza fasciata,Brown Goshawk,612039227,https://inaturalist-open-data.s3.amazonaws.com/photos/612039227/medium.jpg,cc-by-nc,2026-01-27,-31.6562589151,116.6525028416,research,4,iNaturalist,C:\Projects\raptor_australia\dataset\raw\tachyspiza_fasciata\tachyspiza_fasciata_336791476_612039227.jpg,already_exists
336788980,tachyspiza_fasciata,Tachyspiza fasciata,Brown Goshawk,612095612,https://static.inaturalist.org/photos/612095612/medium.jpg,,2026-01-31,-34.9980989761,138.5470128298,research,3,iNaturalist,C:\Projects\raptor_australia\dataset\raw\tachyspiza_fasciata\tachyspiza_fasciata_336788980_612095612.jpg,already_exists
336786216,tachyspiza_fasciata,Tachyspiza fasciata,Brown Goshawk,612090232,https://inaturalist-open-data.s3.amazonaws.com/photos/612090232/medium.jpg,cc-by,2026-01-27,-35.6309027778,148.6770666667,research,2,iNaturalist,C:\Projects\raptor_australia\dataset\raw\tachyspiza_fasciata\tachyspiza_fasciata_336786216_612090232.jpg,already_exists
336778221,tachyspiza_fasciata,Tachyspiza fasciata,Brown Goshawk,612073428,https://inaturalist-open-data.s3.amazonaws.com/photos/612073428/medium.jpg,cc-by-nc,2026-01-31,-37.7921254937,145.0132458916,research,3,iNaturalist,C:\Projects\raptor_australia\dataset\raw\tachyspiza_fasciata\tachyspiza_fasciata_336778221_612073428.jpg,already_exists
336771516,tachyspiza_fasciata,Tachyspiza fasciata,Brown Goshawk,612885439,https://inaturalist-open-data.s3.amazonaws.com/photos/612885439/medium.jpg,cc-by-nc,2026-01-31,-38.3168585125,142.2293908559,research,2,iNaturalist,C:\Projects\raptor_australia\dataset\raw\tachyspiza_fasciata\tachyspiza_fasciata_336771516_612885439.jpg,already_exists
336769785,tachyspiza_fasciata,Tachyspiza fasciata,Brown Goshawk,612054371,https://inaturalist-open-data.s3.amazonaws.com/photos/612054371/medium.jpg,cc-by,2026-01-31,-33.7488781971,151.3017576692,research,1,iNaturalist,C:\Projects\raptor_australia\dataset\raw\tachyspiza_fasciata\tachyspiza_fasciata_336769785_612054371.jpg,already_exists
336730491,tachyspiza_fasciata,Tachyspiza fasciata,Brown Goshawk,611975829,https://inaturalist-open-data.s3.amazonaws.com/photos/611975829/medium.jpg,cc-by-nc,2025-11-17,-37.2363489245,147.6228315202,research,1,iNaturalist,C:\Projects\raptor_australia\dataset\raw\tachyspiza_fasciata\tachyspiza_fasciata_336730491_611975829.jpg,already_exists
336670332,tachyspiza_fasciata,Tachyspiza fasciata,Brown Goshawk,611854908,https://inaturalist-open-data.s3.amazonaws.com/photos/611854908/medium.jpg,cc-by-nc,2026-01-30,-38.2617916667,144.4877583333,research,1,iNaturalist,C:\Projects\raptor_australia\dataset\raw\tachyspiza_fasciata\tachyspiza_fasciata_336670332_611854908.jpg,already_exists
336664595,tachyspiza_fasciata,Tachyspiza fasciata,Brown Goshawk,611842356,https://inaturalist-open-data.s3.amazonaws.com/photos/611842356/medium.jpg,cc-by-nc,2026-01-29,-27.474079431,152.9778382835,research,1,iNaturalist,C:\Projects\raptor_australia\dataset\raw\tachyspiza_fasciata\tachyspiza_fasciata_336664595_611842356.jpg,already_exists
336649102,tachyspiza_fasciata,Tachyspiza fasciata,Brown Goshawk,611807881,https://inaturalist-open-data.s3.amazonaws.com/photos/611807881/medium.jpg,cc-by-nc,2025-10-03,-17.974955,122.3449633333,research,1,iNaturalist,C:\Projects\raptor_australia\dataset\raw\tachyspiza_fasciata\tachyspiza_fasciata_336649102_611807881.jpg,already_exists
336505704,tachyspiza_fasciata,Tachyspiza fasciata,Brown Goshawk,611512878,https://inaturalist-open-data.s3.amazonaws.com/photos/611512878/medium.jpg,cc-by-nc,2026-01-28,-28.516705,153.44272,research,1,iNaturalist,C:\Projects\raptor_australia\dataset\raw\tachyspiza_fasciata\tachyspiza_fasciata_336505704_611512878.jpg,already_exists
336435306,tachyspiza_fasciata,Tachyspiza fasciata,Brown Goshawk,611372613,https://inaturalist-open-data.s3.amazonaws.com/photos/611372613/medium.jpg,cc-by-nc,2026-01-28,-27.1311702564,152.8828078507,research,2,iNaturalist,C:\Projects\raptor_australia\dataset\raw\tachyspiza_fasciata\tachyspiza_fasciata_336435306_611372613.jpg,already_exists
336401772,tachyspiza_fasciata,Tachyspiza fasciata,Brown Goshawk,611302973,https://inaturalist-open-data.s3.amazonaws.com/photos/611302973/medium.jpg,cc-by-nc,2026-01-28,-38.3033322316,144.3165728822,research,4,iNaturalist,C:\Projects\raptor_australia\dataset\raw\tachyspiza_fasciata\tachyspiza_fasciata_336401772_611302973.jpg,already_exists
336380982,tachyspiza_fasciata,Tachyspiza fasciata,Brown Goshawk,611263666,https://inaturalist-open-data.s3.amazonaws.com/photos/611263666/medium.jpg,cc-by-nc-sa,2026-01-23,-32.7711533333,117.014545,research,3,iNaturalist,C:\Projects\raptor_australia\dataset\raw\tachyspiza_fasciata\tachyspiza_fasciata_336380982_611263666.jpg,already_exists
336379098,tachyspiza_fasciata,Tachyspiza fasciata,Brown Goshawk,611259094,https://inaturalist-open-data.s3.amazonaws.com/photos/611259094/medium.jpg,cc-by-nc-sa,2026-01-23,-32.78525,116.9656933333,research,2,iNaturalist,C:\Projects\raptor_australia\dataset\raw\tachyspiza_fasciata\tachyspiza_fasciata_336379098_611259094.jpg,already_exists
336301246,tachyspiza_fasciata,Tachyspiza fasciata,Brown Goshawk,611102951,https://inaturalist-open-data.s3.amazonaws.com/photos/611102951/medium.jpg,cc-by-nc,2024-09-13,-36.7871352377,144.3885843946,research,1,iNaturalist,C:\Projects\raptor_australia\dataset\raw\tachyspiza_fasciata\tachyspiza_fasciata_336301246_611102951.jpg,already_exists
336233880,tachyspiza_fasciata,Tachyspiza fasciata,Brown Goshawk,610965906,https://inaturalist-open-data.s3.amazonaws.com/photos/610965906/medium.jpg,cc-by-nc,2025-08-24,-13.5870694444,134.294725,research,1,iNaturalist,C:\Projects\raptor_australia\dataset\raw\tachyspiza_fasciata\tachyspiza_fasciata_336233880_610965906.jpg,already_exists
336222934,tachyspiza_fasciata,Tachyspiza fasciata,Brown Goshawk,610943423,https://static.inaturalist.org/photos/610943423/medium.jpg,,2026-01-26,-25.2991160517,152.88469907,research,1,iNaturalist,C:\Projects\raptor_australia\dataset\raw\tachyspiza_fasciata\tachyspiza_fasciata_336222934_610943423.jpg,already_exists
336216683,tachyspiza_fasciata,Tachyspiza fasciata,Brown Goshawk,610930657,https://inaturalist-open-data.s3.amazonaws.com/photos/610930657/medium.jpg,cc-by-nc,2026-01-26,-34.9712033333,138.68193,research,1,iNaturalist,C:\Projects\raptor_australia\dataset\raw\tachyspiza_fasciata\tachyspiza_fasciata_336216683_610930657.jpg,already_exists
336200220,tachyspiza_fasciata,Tachyspiza fasciata,Brown Goshawk,610897913,https://inaturalist-open-data.s3.amazonaws.com/photos/610897913/medium.jpg,cc-by-nc,2026-01-19,-34.9880040658,138.7141000433,research,1,iNaturalist,C:\Projects\raptor_australia\dataset\raw\tachyspiza_fasciata\tachyspiza_fasciata_336200220_610897913.jpg,already_exists
336183621,tachyspiza_fasciata,Tachyspiza fasciata,Brown Goshawk,610864242,https://inaturalist-open-data.s3.amazonaws.com/photos/610864242/medium.jpg,cc-by-nc,2026-01-12,-31.9513993,115.8616783,research,2,iNaturalist,C:\Projects\raptor_australia\dataset\raw\tachyspiza_fasciata\tachyspiza_fasciata_336183621_610864242.jpg,already_exists
336082555,tachyspiza_fasciata,Tachyspiza fasciata,Brown Goshawk,610665215,https://inaturalist-open-data.s3.amazonaws.com/photos/610665215/medium.jpg,cc-by-nc,2026-01-25,-31.5240108242,115.6171732227,research,2,iNaturalist,C:\Projects\raptor_australia\dataset\raw\tachyspiza_fasciata\tachyspiza_fasciata_336082555_610665215.jpg,already_exists
336062592,tachyspiza_fasciata,Tachyspiza fasciata,Brown Goshawk,610625492,https://inaturalist-open-data.s3.amazonaws.com/photos/610625492/medium.jpg,cc-by-nc,2026-01-25,-34.5322272253,138.9247651088,research,1,iNaturalist,C:\Projects\raptor_australia\dataset\raw\tachyspiza_fasciata\tachyspiza_fasciata_336062592_610625492.jpg,already_exists
335922885,tachyspiza_fasciata,Tachyspiza fasciata,Brown Goshawk,610351473,https://static.inaturalist.org/photos/610351473/medium.jpg,,2026-01-23,-34.8980261753,138.918668814,research,2,iNaturalist,C:\Projects\raptor_australia\dataset\raw\tachyspiza_fasciata\tachyspiza_fasciata_335922885_610351473.jpg,already_exists
335914515,tachyspiza_fasciata,Tachyspiza fasciata,Brown Goshawk,610333938,https://static.inaturalist.org/photos/610333938/medium.jpg,,2026-01-20,-19.2432016084,146.7867392151,research,1,iNaturalist,C:\Projects\raptor_australia\dataset\raw\tachyspiza_fasciata\tachyspiza_fasciata_335914515_610333938.jpg,already_exists
335879331,tachyspiza_fasciata,Tachyspiza fasciata,Brown Goshawk,610265006,https://inaturalist-open-data.s3.amazonaws.com/photos/610265006/medium.jpg,cc-by-nc,2026-01-13,-36.7771472669,144.3351751723,research,1,iNaturalist,C:\Projects\raptor_australia\dataset\raw\tachyspiza_fasciata\tachyspiza_fasciata_335879331_610265006.jpg,already_exists
335823854,tachyspiza_fasciata,Tachyspiza fasciata,Brown Goshawk,610152286,https://inaturalist-open-data.s3.amazonaws.com/photos/610152286/medium.jpg,cc0,2025-06-25,-28.1334779128,153.1517403497,research,1,iNaturalist,C:\Projects\raptor_australia\dataset\raw\tachyspiza_fasciata\tachyspiza_fasciata_335823854_610152286.jpg,already_exists
335807179,tachyspiza_fasciata,Tachyspiza fasciata,Brown Goshawk,610118052,https://inaturalist-open-data.s3.amazonaws.com/photos/610118052/medium.jpg,cc-by-nc,2026-01-23,-37.9525916667,144.400695,research,2,iNaturalist,C:\Projects\raptor_australia\dataset\raw\tachyspiza_fasciata\tachyspiza_fasciata_335807179_610118052.jpg,already_exists
335793337,tachyspiza_fasciata,Tachyspiza fasciata,Brown Goshawk,610091673,https://inaturalist-open-data.s3.amazonaws.com/photos/610091673/medium.jpg,cc-by-nc,2026-01-23,-34.5047553015,150.8122574314,research,1,iNaturalist,C:\Projects\raptor_australia\dataset\raw\tachyspiza_fasciata\tachyspiza_fasciata_335793337_610091673.jpg,already_exists
335690463,tachyspiza_fasciata,Tachyspiza fasciata,Brown Goshawk,609880021,https://inaturalist-open-data.s3.amazonaws.com/photos/609880021/medium.jpg,cc-by-nc,2026-01-22,-37.8287787517,144.9806878867,research,1,iNaturalist,C:\Projects\raptor_australia\dataset\raw\tachyspiza_fasciata\tachyspiza_fasciata_335690463_609880021.jpg,already_exists
335661915,tachyspiza_fasciata,Tachyspiza fasciata,Brown Goshawk,609821195,https://inaturalist-open-data.s3.amazonaws.com/photos/609821195/medium.jpg,cc-by-nc,2026-01-22,-34.0342305,151.2057033333,research,2,iNaturalist,C:\Projects\raptor_australia\dataset\raw\tachyspiza_fasciata\tachyspiza_fasciata_335661915_609821195.jpg,already_exists
335580691,tachyspiza_fasciata,Tachyspiza fasciata,Brown Goshawk,609658842,https://inaturalist-open-data.s3.amazonaws.com/photos/609658842/medium.jpg,cc-by-nc,2026-01-21,-34.0575966118,150.7762525231,research,1,iNaturalist,C:\Projects\raptor_australia\dataset\raw\tachyspiza_fasciata\tachyspiza_fasciata_335580691_609658842.jpg,already_exists
335539993,tachyspiza_fasciata,Tachyspiza fasciata,Brown Goshawk,609576117,https://inaturalist-open-data.s3.amazonaws.com/photos/609576117/medium.jpg,cc-by-nc,2026-01-21,-37.9471716667,145.1312721667,research,2,iNaturalist,C:\Projects\raptor_australia\dataset\raw\tachyspiza_fasciata\tachyspiza_fasciata_335539993_609576117.jpg,already_exists
335525756,tachyspiza_fasciata,Tachyspiza fasciata,Brown Goshawk,609546626,https://static.inaturalist.org/photos/609546626/medium.jpg,,2026-01-21,-37.6794337079,144.8909448194,research,2,iNaturalist,C:\Projects\raptor_australia\dataset\raw\tachyspiza_fasciata\tachyspiza_fasciata_335525756_609546626.jpg,already_exists
335476814,tachyspiza_fasciata,Tachyspiza fasciata,Brown Goshawk,609448224,https://inaturalist-open-data.s3.amazonaws.com/photos/609448224/medium.jpg,cc-by,2025-07-08,-34.000899,151.249255,research,2,iNaturalist,C:\Projects\raptor_australia\dataset\raw\tachyspiza_fasciata\tachyspiza_fasciata_335476814_609448224.jpg,already_exists
335455877,tachyspiza_fasciata,Tachyspiza fasciata,Brown Goshawk,609403823,https://inaturalist-open-data.s3.amazonaws.com/photos/609403823/medium.jpg,cc-by-nc,2026-01-18,-27.5132682844,152.2881624114,research,1,iNaturalist,C:\Projects\raptor_australia\dataset\raw\tachyspiza_fasciata\tachyspiza_fasciata_335455877_609403823.jpg,already_exists
335455359,tachyspiza_fasciata,Tachyspiza fasciata,Brown Goshawk,609407379,https://static.inaturalist.org/photos/609407379/medium.jpg,,2026-01-14,-32.0363888333,115.7963866667,research,1,iNaturalist,C:\Projects\raptor_australia\dataset\raw\tachyspiza_fasciata\tachyspiza_fasciata_335455359_609407379.jpg,already_exists
335444782,tachyspiza_fasciata,Tachyspiza fasciata,Brown Goshawk,609384727,https://static.inaturalist.org/photos/609384727/medium.jpg,,2026-01-15,-32.775455,116.9744033333,research,2,iNaturalist,C:\Projects\raptor_australia\dataset\raw\tachyspiza_fasciata\tachyspiza_fasciata_335444782_609384727.jpg,already_exists
335419133,tachyspiza_fasciata,Tachyspiza fasciata,Brown Goshawk,609331375,https://inaturalist-open-data.s3.amazonaws.com/photos/609331375/medium.jpg,cc-by-nc,2026-01-19,-32.6541466667,115.64537,research,2,iNaturalist,C:\Projects\raptor_australia\dataset\raw\tachyspiza_fasciata\tachyspiza_fasciata_335419133_609331375.jpg,already_exists
335329924,tachyspiza_fasciata,Tachyspiza fasciata,Brown Goshawk,609154035,https://inaturalist-open-data.s3.amazonaws.com/photos/609154035/medium.jpg,cc-by-nc,2012-08-20,-27.8360277778,153.0082027778,research,1,iNaturalist,C:\Projects\raptor_australia\dataset\raw\tachyspiza_fasciata\tachyspiza_fasciata_335329924_609154035.jpg,already_exists
335329917,tachyspiza_fasciata,Tachyspiza fasciata,Brown Goshawk,609154039,https://inaturalist-open-data.s3.amazonaws.com/photos/609154039/medium.jpg,cc-by-nc,2013-07-13,-27.8360277778,153.0082027778,research,2,iNaturalist,C:\Projects\raptor_australia\dataset\raw\tachyspiza_fasciata\tachyspiza_fasciata_335329917_609154039.jpg,already_exists
335150686,tachyspiza_fasciata,Tachyspiza fasciata,Brown Goshawk,608794513,https://inaturalist-open-data.s3.amazonaws.com/photos/608794513/medium.jpg,cc-by-nc,2026-01-18,-27.5127468718,153.1981521441,research,2,iNaturalist,C:\Projects\raptor_australia\dataset\raw\tachyspiza_fasciata\tachyspiza_fasciata_335150686_608794513.jpg,already_exists
335144790,tachyspiza_fasciata,Tachyspiza fasciata,Brown Goshawk,608783163,https://inaturalist-open-data.s3.amazonaws.com/photos/608783163/medium.jpg,cc-by-nc,2026-01-18,-31.9731255889,115.7748853109,research,2,iNaturalist,C:\Projects\raptor_australia\dataset\raw\tachyspiza_fasciata\tachyspiza_fasciata_335144790_608783163.jpg,already_exists
335139392,tachyspiza_fasciata,Tachyspiza fasciata,Brown Goshawk,608772948,https://inaturalist-open-data.s3.amazonaws.com/photos/608772948/medium.jpg,cc-by,2026-01-13,-38.4327006903,144.9739811813,research,1,iNaturalist,C:\Projects\raptor_australia\dataset\raw\tachyspiza_fasciata\tachyspiza_fasciata_335139392_608772948.jpg,already_exists
335133832,tachyspiza_fasciata,Tachyspiza fasciata,Brown Goshawk,608752246,https://inaturalist-open-data.s3.amazonaws.com/photos/608752246/medium.jpg,cc-by-nc,2015-02-09,-27.8260944444,152.9988527778,research,2,iNaturalist,C:\Projects\raptor_australia\dataset\raw\tachyspiza_fasciata\tachyspiza_fasciata_335133832_608752246.jpg,already_exists
335113794,tachyspiza_fasciata,Tachyspiza fasciata,Brown Goshawk,608718731,https://static.inaturalist.org/photos/608718731/medium.jpg,,2026-01-17,-19.3170231662,146.7492143683,research,1,iNaturalist,C:\Projects\raptor_australia\dataset\raw\tachyspiza_fasciata\tachyspiza_fasciata_335113794_608718731.jpg,already_exists
334976533,tachyspiza_fasciata,Tachyspiza fasciata,Brown Goshawk,608437892,https://inaturalist-open-data.s3.amazonaws.com/photos/608437892/medium.jpg,cc-by-nc,2026-01-14,-35.6895516667,149.005195,research,1,iNaturalist,C:\Projects\raptor_australia\dataset\raw\tachyspiza_fasciata\tachyspiza_fasciata_334976533_608437892.jpg,already_exists
334921389,tachyspiza_fasciata,Tachyspiza fasciata,Brown Goshawk,608324077,https://static.inaturalist.org/photos/608324077/medium.jpg,,2026-01-15,-26.6266064696,153.0689571798,research,1,iNaturalist,C:\Projects\raptor_australia\dataset\raw\tachyspiza_fasciata\tachyspiza_fasciata_334921389_608324077.jpg,already_exists
334916093,tachyspiza_fasciata,Tachyspiza fasciata,Brown Goshawk,608313064,https://inaturalist-open-data.s3.amazonaws.com/photos/608313064/medium.jpg,cc-by-nc,2026-01-16,-33.7057106681,140.2129947649,research,1,iNaturalist,C:\Projects\raptor_australia\dataset\raw\tachyspiza_fasciata\tachyspiza_fasciata_334916093_608313064.jpg,already_exists
334915539,tachyspiza_fasciata,Tachyspiza fasciata,Brown Goshawk,608312001,https://inaturalist-open-data.s3.amazonaws.com/photos/608312001/medium.jpg,cc-by-nc,2026-01-15,-33.7816686518,140.1404322172,research,2,iNaturalist,C:\Projects\raptor_australia\dataset\raw\tachyspiza_fasciata\tachyspiza_fasciata_334915539_608312001.jpg,already_exists
334819024,tachyspiza_fasciata,Tachyspiza fasciata,Brown Goshawk,608111837,https://static.inaturalist.org/photos/608111837/medium.jpg,,2026-01-15,-29.0664972222,153.3844,research,2,iNaturalist,C:\Projects\raptor_australia\dataset\raw\tachyspiza_fasciata\tachyspiza_fasciata_334819024_608111837.jpg,already_exists
334781704,tachyspiza_fasciata,Tachyspiza fasciata,Brown Goshawk,608033533,https://inaturalist-open-data.s3.amazonaws.com/photos/608033533/medium.jpg,cc-by-nc,2025-03-30,-37.5621587,143.8502556,research,1,iNaturalist,C:\Projects\raptor_australia\dataset\raw\tachyspiza_fasciata\tachyspiza_fasciata_334781704_608033533.jpg,already_exists
334710098,tachyspiza_fasciata,Tachyspiza fasciata,Brown Goshawk,607890592,https://inaturalist-open-data.s3.amazonaws.com/photos/607890592/medium.jpg,cc-by-nc,2026-01-14,-31.9058041507,116.2025526288,research,2,iNaturalist,C:\Projects\raptor_australia\dataset\raw\tachyspiza_fasciata\tachyspiza_fasciata_334710098_607890592.jpg,already_exists
334661682,tachyspiza_fasciata,Tachyspiza fasciata,Brown Goshawk,607791330,https://inaturalist-open-data.s3.amazonaws.com/photos/607791330/medium.jpg,cc-by-nc,2026-01-13,-37.6119583333,144.9514466667,research,2,iNaturalist,C:\Projects\raptor_australia\dataset\raw\tachyspiza_fasciata\tachyspiza_fasciata_334661682_607791330.jpg,already_exists
